0x000a24f3	Player.InteriorRoomStyleInfo.Sloppy01.InformedNewRelease
0x00158a27	Work/Mii/EyeAccessoryParam/Eye066.mii__EyeAccessoryParam.gyml
0x001938f6	Work/Data/ClothParam/ClothTopsTshirtLongSummerCardigan.data__ClothParam.gyml
0x0029952d	PosX
0x002f9891	Misc_EmotionTelopChatRestaurant
0x0030d252	Plus1
0x0032fc39	Player.GoodsInfo2.SpeechBubbleBronze.LastObtainedSec
0x00397345	Player.GoodsInfo2.WindUpTeeth.IsNewlyOwned
0x003e11ed	Work/Data/CoordinateClothInfo/Coordinate0270.data__CoordinateClothInfo.gyml
0x00412292	LvUPGoods_Guitar_House_Deject
0x004303fc	DemoPR000097
0x004bd705	Goods_Karate
0x004fd4c1	Player.HabitInfo2.EatCrisp.LastObtainedSec
0x0051b242	ClothTopslongMuscleLongProWrestling
0x005500e1	ObjTreeConiferous_Center
0x005e7c35	SkirtS
0x005fc885	Work/Data/ClothModelParam/ClothShoesThickFur.data__ClothModelParam.gyml
0x0060e939	Work/Confluence/PageInfo/HairAllLegacy056.pp__Confluence__PageInfo.gyml
0x00646848	Trouble_Confession_Failure
0x0066c678	StyleGroup_Party00
0x0066d231	TreasureGameEmotionTelopChatScaryAtRoom
0x00670ae5	House.RoomStyleInfo.Flag.Stuffed02
0x006faf15	Player.GoodsInfo2.GameRacing.OwnNum
0x00700c90	ClothTopsTshirtLongPaisley
0x00711efb	Work/Data/CoordinateAttribute/Coordinate0322.data__CoordinateAttribute.gyml
0x007347db	ClothShoesSandalJelly
0x00762e12	Work/Data/CoordinateAttribute/Coordinate0036.data__CoordinateAttribute.gyml
0x00769b79	TopsPuff
0x00783c5e	ObjFenceIron_07
0x00797b51	Game00
0x0082b541	Unlock
0x00839907	Work/Data/ClothModelParam/ClothBottomsSkirtMiniSunflower.data__ClothModelParam.gyml
0x00891a4b	Pungent
0x008b3607	Work/Data/ClothParam/ClothBottomsPantsWideSki.data__ClothParam.gyml
0x008ea8cb	Player.InteriorRoomStyleInfo.BigFlower03.OwnNum
0x00929f7c	Player.InteriorRoomStyleInfo.HoneycombTile03
0x00984ed3	Player.InteriorRoomStyleInfo.Garage01.LastObtainedSec
0x009866fa	DemoPR000123
0x009e8ca4	Player.HabitInfo2.StandLeanForward
0x00a2b2ce	Player.InteriorRoomStyleInfo.Damask04.OwnNum
0x00ab5e24	Work/Data/ClothModelParam/ClothTopslongOverallHalfWader.data__ClothModelParam.gyml
0x00afa50f	Work/Data/ClothModelParam/ClothAccessoryNeckFlower.data__ClothModelParam.gyml
0x00afd2ba	Player.InteriorRoomStyleInfo.Garage07.State
0x00bc09b7	UGC.SuspendMii.ImportHeadwearColorIndex
0x00be70f7	Player.GoodsInfo2.DucksToy
0x00bf02bf	ObjTreePalm_Center
0x00c3144e	Player.InteriorRoomStyleInfo.Garage07.KeyHash
0x00c45db4	Player.InteriorRoomStyleInfo.Damask03.State
0x00c4a93a	Player.InteriorRoomStyleInfo.Brick01.LastObtainedSec
0x00c4ba4a	Player.HabitInfo2.VoiceShiny.OwnNum
0x00c7a81a	RoomDoorEntrance
0x00cf13b7	UGC.SuspendData.UgcClothGenreType
0x00cfcf77	Work/Data/ClothParam/ClothShoesBootsLongWrestling.data__ClothParam.gyml
0x00d747eb	Coordinate0220
0x00dc12c1	TreasureRecordEmotionTelopChatScarySpeech
0x00e78b56	Work/Data/ClothParam/ClothSocksTabi.data__ClothParam.gyml
0x00f20da9	Work/Confluence/PageInfo/HairBack041.pp__Confluence__PageInfo.gyml
0x00f79623	ObjTreeBroadleaf
0x00f7e4eb	Player.InteriorRoomStyleInfo.Dot03.OwnNum
0x00f933ce	LvUPGoods_Guitar_House_raw
0x0100402f	NoTexture
0x01018e08	Player.BirthDay
0x010854b0	Childcare.Pending.HabitOwnInfo.GreetingBow.IsChecked
0x010a6783	DemoPR000098
0x010cd330	Work/Data/CoordinateClothInfo/Coordinate0022.data__CoordinateClothInfo.gyml
0x010cfaf3	Player.InteriorRoomStyleInfo.Bathroom04.IsNewlyOwned
0x010d49df	BGSetId
0x010f5948	ClothAccessoryWaistDevil
0x0113a4f5	ObjChinese00_WallDeco
0x011806d9	Player.InteriorRoomStyleInfo.NightView00.IsNewlyOwned
0x011e849d	Work/Data/ClothParam/ClothAllCostumeLongMushroom.data__ClothParam.gyml
0x011fa396	TroubleAskPlayerFellowship01
0x0124c686	Work/Data/ClothModelParam/ClothAccessoryChestBird.data__ClothModelParam.gyml
0x012770a6	ClothTopsYshirtHalfRugby
0x01320ff5	Player.InteriorRoomStyleInfo.Factry00.FirstObtainedSec
0x013dbb4c	ObjBaby00_Toy
0x013fe3f5	DumbbellSchoolLDK
0x0142cbb0	ObjCountry00_Table
0x014311d3	Player.InteriorRoomStyleInfo.Office01.OwnNum
0x01449eee	Confession
0x01450f91	Player.GoodsInfo2.WindUpTeeth.State
0x01478860	Mii.Location
0x0149a3d2	Mii.Belongings.RoomStyleInfo.Flag.Office01
0x014cabbf	TreasureBookEmotionTelopChatDifficultSitOnTheHouseDeck
0x0152954d	Matte
0x015533d9	UGC.Interior.NetworkUuid
0x015a1be8	Mii.MiiMisc.ClothInfo.BottomsA
0x01645f20	Relation_Lovers_Outdoor
0x01666931	LightBlue
0x0168f45e	ItemParty00_Demo_TableMain
0x016c865d	TreasureGameEmotionTelopChatBlushSitOnTheGroundCircle
0x01742e13	Dir2Grid_Seesaw
0x017afebb	Mii.Belongings.HabitOwnInfo.EatSmell.IsOwn
0x017f14c6	Player.InteriorRoomStyleInfo.Hospital00.State
0x018b1b07	BubblesSet
0x018b4512	RoomDollHouseLDK_FrontRight
0x0193a14a	Player.GoodsInfo2.VenetianGlass.State
0x01984b63	Player.InteriorRoomStyleInfo.Asianresort00.LastObtainedSec
0x01992f46	DemoDM104037
0x01a0c270	Work/Data/CoordinateAttribute/Coordinate0209.data__CoordinateAttribute.gyml
0x01a27748	Player.GoodsInfo2.Tuna.OwnNum
0x01a2d418	Index
0x01a352db	Work/Data/ClothParam/ClothShoesSandalGladiator.data__ClothParam.gyml
0x01ab5d36	ItemDishes
0x01ac0147	Childcare.Pending.HabitOwnInfo.GreetingCurtsy.State
0x01aefc90	Soil_Undefined
0x01b12ad6	UGC.Food
0x01b3661e	UGC.Interior.WordAttrCount
0x01c282a3	House.RoomStyleInfo.Flag.SmallFlower00
0x01c4b714	WordAttrCount
0x01d139b7	Player.InteriorRoomStyleInfo.Heart01.State
0x01d49fb1	Player.InteriorRoomStyleInfo.Temple00
0x01d5e547	DailyLog.ResolvedAccidentCount
0x01d91ae6	Coordinate0042
0x01dde3a7	Player.GoodsInfo2.KoalaStuffedToy.LastObtainedSec
0x01e74be9	Work/Data/ClothModelParam/ClothTopslongBoxDressHalfNurse.data__ClothModelParam.gyml
0x01e7d354	Work/Data/ClothParam/ClothHeadwearGlassEyeMask.data__ClothParam.gyml
0x01e84f59	Player.GoodsInfo2.FamousMountainCalendar.State
0x01ea4280	ObjStreetLampRetro_Center
0x01ed88d8	Trouble_Common_Chat
0x01ee956b	Player.GoodsInfo2.FallenLeaves.State
0x01f32675	Work/Data/CoordinateAttribute/Coordinate0150.data__CoordinateAttribute.gyml
0x01f82546	Mii.Belongings.RoomStyleInfo.Flag.LightStick01
0x01ff6d77	Work/Data/ClothParam/ClothSocksShortLeggings.data__ClothParam.gyml
0x020037d2	Player.HabitInfo2.WalkScurry
0x020d0b38	Player.GoodsInfo2.Alien.IsNewlyOwned
0x020defc1	ObjGuardrail_04
0x0212dbc8	FriendsLoverFamilyNotFight
0x02169659	Player.GoodsInfo2.KarateSet.LastObtainedSec
0x02174271	BrushSilver
0x021ad706	IsLock
0x021b425a	Work/Confluence/PageInfo/HairFront041.pp__Confluence__PageInfo.gyml
0x021cc0be	BlinkLot
0x0223c222	ItemFlowerpot_04_Demo
0x0224c89e	PremiumCoin
0x0226b2e5	Partner_CanExecuteLoveryDemoBoth
0x0228f537	ObjChinese00_Table
0x022b4d1e	Player.InteriorRoomStyleInfo.Japanese04.KeyHash
0x022d22c2	Player.GoodsInfo2.Receipt.OwnNum
0x022de916	StyleGroup_Halloween00
0x02340072	Work/Data/ClothModelParam/ClothSocksJacquard.data__ClothModelParam.gyml
0x023898bc	Player.InteriorRoomStyleInfo.Dot03.State
0x02390452	Carpet02
0x0239a343	DemoPR000087
0x02437e58	Player.GoodsInfo2.Antenna.State
0x024645fd	Player.GoodsInfo2.Alebrijes.State
0x0248d07e	Player.InteriorRoomStyleInfo.Nobility01.IsNewlyOwned
0x02526704	Player.GoodsInfo2.MessageBottle.IsNewlyOwned
0x02538d63	Player.ShopPaidMoneyTotal
0x02562dd3	Trouble_HungrySalty_Failure
0x025fe88d	Mii.Belongings.HabitOwnInfo.StandRestless.State
0x02648bc7	Mii.Belongings.RoomStyleInfo.Flag.Atelier00
0x02652fb2	ClothTopsTshirtHalfStripe
0x02653310	DemoPR000105
0x02698e75	ObjKids00_Toy
0x026c2700	Work/Confluence/PageInfo/HairParts018.pp__Confluence__PageInfo.gyml
0x026ca080	Childcare.Pending.HabitOwnInfo.WalkStoop.State
0x026eaa9b	Event0012CH
0x027027ec	SystemVacantLand_2x2_Center
0x0272f85b	Mii.Belongings.RoomStyleInfo.Flag.Training00
0x027453e7	Player.InteriorRoomStyleInfo.WoodBoard07.FirstObtainedSec
0x02759d5f	ClothHeadwearHatSteamPunk
0x02783fd0	ObjVendingMachine
0x027d7033	MiiEditorBaseSkinColorIndex
0x027db3cc	ClothAccessoryWaistDog
0x0281a7b7	Treasure
0x028dca33	CannotEdit
0x0290e6db	Player.InteriorRoomStyleInfo.Party01
0x02990e2b	ItemConfessionCandle
0x029db1c7	Trouble_IntroductionFirstFriend_Success
0x029fe648	Sequential
0x02a4af54	ObjArchAir_01
0x02a6586b	ClothBottomsPantsLongRock
0x02acd350	Work/Data/ClothParam/ClothHeadwearHatBoater.data__ClothParam.gyml
0x02af42b6	Ocher
0x02b24dc4	Player.InteriorRoomStyleInfo.MusicRoom00.State
0x02b59bf9	ObjStreetLamp_05
0x02b81cb3	Dir2Grid_Hedge
0x02b85743	HairFront_S
0x02b9df79	Player.InteriorRoomStyleInfo.Triangle03.State
0x02bbdb1f	UserYesNo
0x02bcfdee	TreasureGameEmotionTelopChatNoFeaturesSitOnTheGround
0x02bd552e	Work/Data/ClothParam/ClothHeadwearGlassShield.data__ClothParam.gyml
0x02bdcbc9	Player.InteriorRoomStyleInfo.Christmas01.State
0x02be6d70	ClothHeadwearHatSilk
0x02c3b343	Work/Data/ClothModelParam/ClothTopsYshirtLongGilet.data__ClothModelParam.gyml
0x02c5d854	Position_02
0x02c7cb8b	Work/Confluence/PageInfo/HairBack055.pp__Confluence__PageInfo.gyml
0x02db3559	SecondFriendTrouble
0x02dde1bb	Player.GoodsInfo2.CrystalBall.State
0x02dff0ee	Lemonade
0x02e0228f	Player.GoodsInfo2.SwallowsNest.OwnNum
0x02e3495e	ClothAllMascotLongTiger
0x02e8139d	ClothAllMascotLongReindeer
0x02eb1602	NoGroup_Event0007FL
0x02ed4400	Work/Confluence/PageInfo/HairAllLegacy026.pp__Confluence__PageInfo.gyml
0x02ed873c	Work/Confluence/PageInfo/HairAll016.pp__Confluence__PageInfo.gyml
0x02ef51ca	Work/Data/CoordinateClothInfo/Coordinate0317.data__CoordinateClothInfo.gyml
0x02fd76ce	WoodBoard02
0x030bcfdf	UgcExterior
0x030c32bf	Work/Data/ClothModelParam/ClothTopsYshirtLongKungfu.data__ClothModelParam.gyml
0x0310422c	FocusLeadingConfession
0x031162da	Player.InteriorRoomStyleInfo.BigFlower02.OwnNum
0x031c19c6	Dog00
0x031d2391	HowToCallIslandName
0x0320bff8	Player.InteriorRoomStyleInfo.MultiDot02.LastObtainedSec
0x03221ecd	Player.GoodsInfo2.CDReggae.IsNewlyOwned
0x03258abf	Player.InteriorRoomStyleInfo.Dot05.FirstObtainedSec
0x0328206d	TreasureAnythingEmotionTelopChatScarySitOnDiningTable
0x032838b4	House.RoomStyleInfo.Flag.Steampunk00
0x03294d4a	House.RoomStyleInfo.Flag.Stuffed01
0x032bfb74	Mii.Trouble.Info.IsFirstDemoDone
0x032e96c2	Mii.Belongings.RoomStyleInfo.Flag.Abduction00
0x032f890a	Player.InteriorRoomStyleInfo.Dot06.FirstObtainedSec
0x03326f64	Player.InteriorRoomStyleInfo.Party00
0x0333a87c	ClothBottomsSkirtLongFolklore
0x0335b0a7	ObjBell_05
0x0335d7ca	Childcare.Pending.HabitOwnInfo.StandProudly.State
0x033809bb	Revert
0x033a213f	Bag
0x033eac51	Tyrannosaurus
0x034c1fd5	Branch_Event0041FL_Normal
0x0350ac1f	Player.HabitInfo2.GreetingMacho.LastObtainedSec
0x0353a127	Work/Data/ClothParam/ClothTopsTshirtHalfTiedye.data__ClothParam.gyml
0x03554f30	ObjBonfire_06
0x03555693	Work/Mii/EyeAccessoryParam/Eye070.mii__EyeAccessoryParam.gyml
0x03577db2	Childcare.Pending.Voice.Formant
0x0358c5b2	Player.GoodsInfo2.ElectronicSubstrate.LastObtainedSec
0x03594cbd	Player.HabitInfo2.StandRestless.IsNewlyOwned
0x035e09e0	Player.InteriorRoomStyleInfo.WoodBoard03
0x035fb9d6	StarPrint00
0x035fd388	Player.GoodsInfo2.LuckyCat.IsNewlyOwned
0x0376af53	Work/Data/ClothParam/ClothTopslongSalopetteLongStar.data__ClothParam.gyml
0x037c8754	Player.GoodsInfo2.GameRacing.State
0x037e4be6	Player.GoodsInfo2.ClayFigure.OwnNum
0x0389d77b	DemoDM104031
0x038a3981	Player.InteriorRoomStyleInfo.Minimul04.InformedNewRelease
0x038c20a9	Euro
0x0390ccc9	Slowly
0x0391c790	NoGroup_DashClashFallInLoveFirstSightChange
0x03956998	Childcare.Pending.HabitOwnInfo.StandPutsGlasses.IsOwn
0x039f25cc	Player.HabitInfo2.GetAngryTypeBrightly.LastObtainedSec
0x03a289d9	TreasureBookEmotionTelopChatNoveltySitOnTheBench
0x03a80882	News.IntervieweeMii.MiiIndex
0x03a9f85f	TravelPosUp
0x03ad30fd	Work/Data/ClothModelParam/ClothHeadwearMaskWelding.data__ClothModelParam.gyml
0x03ad8733	Work/Data/CoordinateAttribute/Coordinate0067.data__CoordinateAttribute.gyml
0x03b50bb9	Work/Data/ClothParam/ClothTopsCompression.data__ClothParam.gyml
0x03b590d6	DumbbellBookRightHand
0x03b94480	ClothHeadwearOrnamentTopAntenna
0x03c1f05f	Carpet07
0x03ca7e5a	Work/Data/ClothParam/ClothAccessoryChestCorsage.data__ClothParam.gyml
0x03ceab27	Work/Data/ClothParam/ClothHeadwearOrnamentSidePinSeashell.data__ClothParam.gyml
0x03d01ecb	Work/Data/ClothModelParam/ClothTopsOuterSleevelessKnit.data__ClothModelParam.gyml
0x03d08242	Work/Data/ClothParam/ClothSocksTights.data__ClothParam.gyml
0x03d713f6	PriorityRankSHigh
0x03d76b7a	ClothTopslongBoxDressSleevelessCaveman
0x03d8349a	ToCarpetNearAfSourcesRandomPositionInActionArea
0x03d8406f	Work/Data/ClothModelParam/ClothAccessoryMufflerCheck.data__ClothModelParam.gyml
0x03d97fa0	InvitePlayTogether
0x03e3c770	North
0x03e554ca	ObjAsianResort00_WallDeco
0x03e8e97a	Group_Event0023
0x03f0e1a6	Player.GoodsInfo2.KarateSet.OwnNum
0x04013ca4	ObjFigure00_Bed
0x040277ff	Work/Data/ClothModelParam/ClothTopsTshirtHalfRinger.data__ClothModelParam.gyml
0x040530f8	OrderBuildingLifted
0x040563ae	LvUPGoods_NotePC_Sitting_Outdoor
0x04056417	Work/Data/ClothModelParam/ClothShoesSandalBeads.data__ClothModelParam.gyml
0x0405d8b3	Work/Data/ClothParam/ClothTopsCoatLongAogam.data__ClothParam.gyml
0x040b16df	ObjClockTower_Center
0x040f05c0	Player.GoodsInfo2.GameAction.State
0x0410b668	InteriorMaterial
0x04195d3f	Player.InteriorRoomStyleInfo.Market00.State
0x041cdfca	Work/Data/ClothParam/ClothAllCupLongTree.data__ClothParam.gyml
0x041edbb5	Player.GoodsInfo2.BalloonArt.State
0x04212545	Mii.Belongings.RoomStyleInfo.Flag.WoodBoard05
0x042410d4	Player.HabitInfo2.BreakGas.LastObtainedSec
0x0425aaee	Player.InteriorRoomStyleInfo.Fruit01.State
0x0425f8ce	Work/Data/ClothModelParam/ClothTopsOuterLongAnimalBlouson.data__ClothModelParam.gyml
0x0429a1de	Garaxy00
0x0429d11d	Player.GoodsInfo2.BottleShip
0x042abdaf	Work/Data/ClothParam/ClothTopslongAlongLongShiny.data__ClothParam.gyml
0x042b1a9c	WickerBasket
0x042d79ab	Work/Data/ClothModelParam/ClothBottomsPantsWideGlen.data__ClothModelParam.gyml
0x0430a452	ItemSoccerBall
0x04396263	House.RoomStyleInfo.Flag.Brick01
0x04458371	Player.GoodsInfo2.EngagementRing.IsNewlyOwned
0x0445dd81	PaintedWood02
0x04524bbe	TreasureAnythingEmotionTelopChatNoveltySitOnTheGroundCircle
0x0453bb72	Work/Data/ClothParam/ClothTopsOuterLongYumekawaSukajan.data__ClothParam.gyml
0x045c32ec	Work/Data/ClothParam/ClothTopsYshirtLongTurtleneckKnit.data__ClothParam.gyml
0x0461b588	StarPrint03
0x0465d90a	Work/Mii/EyeAccessoryParam/Eye016.mii__EyeAccessoryParam.gyml
0x0467e5aa	Work/Data/ClothModelParam/ClothTopslongBoxDressLongGothic.data__ClothModelParam.gyml
0x046bf9f8	HowToCallName
0x0476feea	Childcare.Pending.HabitOwnInfo.VoiceLoud.IsOwn
0x0478516d	Childcare.Pending.IsFacePaintFront
0x04817255	Childcare.Pending.HabitOwnInfo.EatSecretly.IsChecked
0x04845c6c	ClothTopslongAlineHalfLinen
0x0484a802	NoGroup_Event0017FL
0x0487fc9c	HouseDollHouseDecoBackIcon
0x048fed49	Work/Component/DestinationInfo/RoomBed.actor__DestinationInfo.gyml
0x04928b2e	EmotionTelopChatSecretSpeechCircle
0x049d8d9d	Player.InteriorRoomStyleInfo.Camouflage02.InformedNewRelease
0x04a9f20a	SitUpExerciseField
0x04ad26e9	Player.InteriorRoomStyleInfo.Wrestling00.KeyHash
0x04b1b024	Player.InteriorRoomStyleInfo.Cute00.FirstObtainedSec
0x04b9dfb1	DemoPR000125
0x04bae94e	Work/Data/CoordinateAttribute/Coordinate0142.data__CoordinateAttribute.gyml
0x04bd3e9b	ClothHeadwearGlassShield
0x04c959f5	ObjThrone_05
0x04cbc7ad	RoomDollHouseLDK_BackLeft
0x04cd2b1d	Player.GoodsInfo2.CrystalBall.LastObtainedSec
0x04ceb0b4	Childcare.Pending.WordInfo.WordArray.WordKind
0x04d0101e	Mii.Belongings.RoomStyleInfo.Flag.Success00
0x04d28154	Player.InteriorRoomStyleInfo.Stadium02.InformedNewRelease
0x04d51f12	SkinColorIndex
0x04dc9181	Player.InteriorRoomStyleInfo.Camouflage03.State
0x04dda2b2	NoGroup_Event0022FL
0x04ddb6d2	Work/Data/ClothModelParam/ClothAccessoryBackMusicalNote.data__ClothModelParam.gyml
0x04de9265	Candy01
0x04df7f27	ObjColorBox00_Desk
0x04dfbec5	Work/Data/ClothParam/ClothTopsUgcTshirtSleeveless.data__ClothParam.gyml
0x04e5dd84	EmotionTelopChatSadSitKnittingOnTheHouseDeck
0x04f3621c	Work/Data/ClothModelParam/ClothSocksTightsColor.data__ClothModelParam.gyml
0x04f7f0c2	Work/Data/ClothParam/ClothAllMonsterLongTurkey.data__ClothParam.gyml
0x04f9c3c9	Work/Data/ClothParam/ClothBottomsSkirtMiniTulle.data__ClothParam.gyml
0x04faa740	Work/Data/CoordinateClothInfo/Coordinate0059.data__CoordinateClothInfo.gyml
0x04fc0ae0	NotLoverPartnerEx
0x04fc8a28	Player.GoodsInfo2.BookManga.OwnNum
0x04fcafdc	LvUPGoods_Ballet_House_LDKCarpet_raw
0x04fd0681	House.RoomStyleInfo.Flag.StainedGlass01
0x0506ce56	Player.InteriorRoomStyleInfo.Bathroom03.LastObtainedSec
0x05126dc1	Player.InteriorRoomStyleInfo.SmallFlower04.OwnNum
0x05169a7d	Player.GoodsInfo2.AromaCandle
0x05199b77	FlashlightChatHere
0x052166fb	Player.HabitInfo2.StandProudly.IsNewlyOwned
0x052d84df	Work/Data/ClothParam/ClothSocksLeggings.data__ClothParam.gyml
0x052de021	ItemPhysicsWall
0x052f2396	Mii.Belongings.HabitOwnInfo.WalkScurry.State
0x0534fa39	House.WordAttrCount
0x05370286	Place_Facility_Restaurant_Chat_raw
0x05398c9a	PlayRunCircleWithPet
0x05421985	Work/Data/ClothParam/ClothHeadwearOrnamentFrontDuck.data__ClothParam.gyml
0x05495b7c	DemoRestaurant34
0x054c304e	Mii.Belongings.RoomStyleInfo.Flag.Minimul06
0x054e9359	Work/Data/ClothModelParam/ClothAllCupLongLatte.data__ClothModelParam.gyml
0x054f0db7	ClothTopsTshirtLongTilden
0x054ff4fa	Work/Data/CoordinateClothInfo/Coordinate0065.data__CoordinateClothInfo.gyml
0x0550160e	LvUPGoods_Guitar_House_LDKCarpet_raw
0x05585740	Mii.Belongings.RoomStyleInfo.Flag.Factry00
0x05588ce4	Player.InteriorRoomStyleInfo.Damask05.LastObtainedSec
0x055edadd	ClothHeadwearHatCorduroy
0x0561c2b5	Nikoniko
0x05645aa2	Work/Confluence/PageInfo/HairParts007.pp__Confluence__PageInfo.gyml
0x056a9d42	Work/Data/ClothModelParam/ClothBottomsSkirtLongGradation.data__ClothModelParam.gyml
0x056b298b	Childcare.Pending.HabitOwnInfo.GreetingTypeBig
0x056f2f20	UGC.MapObject.AttrTouchType
0x0571e6db	Work/Data/CoordinateAttribute/Coordinate0222.data__CoordinateAttribute.gyml
0x057471b4	ClothBottomsPantsWidePalmTree
0x0576353d	ObjStepStone_02
0x057e2814	Mii.Belongings.RoomStyleInfo.Flag.Triangle01
0x05809bdf	Work/Data/ClothParam/ClothAccessoryBackAxe.data__ClothParam.gyml
0x0580c215	Trouble_IntroductionFirstHungry_Failure
0x0586b348	Work/Data/ClothParam/ClothBottomsPantsWidePatch.data__ClothParam.gyml
0x058867c4	Ain
0x058ccf99	Sauna
0x05911091	Player.GoodsInfo2.YogaSet.LastObtainedSec
0x059a0f26	Work/Data/ClothModelParam/ClothAllCupLongTree.data__ClothModelParam.gyml
0x059e1364	Work/Confluence/PageInfo/HairAllLegacy027.pp__Confluence__PageInfo.gyml
0x05a4033b	ItemCoin
0x05af459b	Work/Data/ClothParam/ClothTopsCropped.data__ClothParam.gyml
0x05afba6b	Trouble_GoodsCD_Success
0x05b20208	ClothHeadwearHatMesh
0x05b69575	Necklace
0x05bdbe40	ClothBottomsSkirtBoxOffice
0x05c03dc2	Player.InteriorRoomStyleInfo.BigFlower02.FirstObtainedSec
0x05c200b2	ClothAllCostumeLongSnowman
0x05c2524f	SpeechBubbleGold
0x05c69598	Work/Data/ClothParam/ClothShoesSandalSchool.data__ClothParam.gyml
0x05c69e1f	Work/Data/CoordinateAttribute/Coordinate0303.data__CoordinateAttribute.gyml
0x05d77d6e	ClothTopsTshirtLongTailoredJacket
0x05dd958b	Work/Data/CoordinateClothInfo/Coordinate0212.data__CoordinateClothInfo.gyml
0x05dfb5cb	Work/Data/ClothParam/ClothAccessoryWaistTurkey.data__ClothParam.gyml
0x05e0f699	NotePc
0x05e164c4	Player.InteriorRoomStyleInfo.BigFlower01.InformedNewRelease
0x05e7b47c	Work/Data/ClothParam/ClothHeadwearHatSteamPunk.data__ClothParam.gyml
0x05ea6405	TalkInSleep
0x05ed50ac	EmotionTelopChatRelaxSitOnTheHouseDeck
0x05f0c7a0	UgcCloth
0x05f544a5	TypeC
0x05f5f62c	CharInfoEx
0x05fe2411	UGC.Editor.Setting.MiiEditorBaseSkinColorIndex
0x0600433a	Player.GoodsInfo2.Vihta.LastObtainedSec
0x060098f2	Player.HabitInfo2.WalkUneasily.State
0x06019f97	ObjBeachParasol_01
0x06027e0a	Work/Data/ClothParam/ClothTopslongAlongLongCheck.data__ClothParam.gyml
0x06034750	Player.InteriorRoomStyleInfo.SF01.FirstObtainedSec
0x0607d08f	Work/Data/CoordinateClothInfo/Coordinate0195.data__CoordinateClothInfo.gyml
0x0612cf40	Event0007CH
0x06133548	FacilityFamilyRestaurantTableSet
0x0613e35a	House.RoomStyleInfo.Flag.Damask06
0x061beaee	Mii.Belongings.RoomStyleInfo.Flag.HoneycombTile04
0x061fe005	Player.GoodsInfo2.CicadaShell.IsNewlyOwned
0x0620e79c	Player.InteriorRoomStyleInfo.Party00.OwnNum
0x06235a54	Work/Confluence/PageInfo/HairAllLegacy050.pp__Confluence__PageInfo.gyml
0x062477da	Work/Confluence/PageInfo/HairAll000.pp__Confluence__PageInfo.gyml
0x062d3e33	ObjTrain00_Roof
0x062dc129	MiiNews017
0x0634ec66	Work/Confluence/PageInfo/HairAllLegacy047.pp__Confluence__PageInfo.gyml
0x063878de	ScrubbingBrush
0x0649d453	Player.GoodsInfo2.MosquitoCoil.State
0x064a1442	Player.InteriorRoomStyleInfo.LightStick03.LastObtainedSec
0x064fd4ac	Lover_Couple_50Over
0x06567905	Player.HabitInfo2.EatWild.State
0x065cf5ef	Work/Data/CoordinateAttribute/Coordinate0205.data__CoordinateAttribute.gyml
0x066265c1	Player.InteriorRoomStyleInfo.Damask00.InformedNewRelease
0x06633fcc	European03
0x0664c4e1	Work/Data/ClothModelParam/ClothSocksCat.data__ClothModelParam.gyml
0x0664dd26	Player.InteriorRoomStyleInfo.Camouflage01.KeyHash
0x06659e7e	Childcare.Pending.HabitOwnInfo.WalkUnsteady
0x06680f2b	Work/Confluence/PageInfo/HairAll110.pp__Confluence__PageInfo.gyml
0x066d0aba	ObjRetropop00_WallShelf
0x066dd4dc	Work/Data/ClothModelParam/ClothTopslongAlongLongFurCoat.data__ClothModelParam.gyml
0x066f448f	Player.HabitInfo2.EatCute.LastObtainedSec
0x067f21d9	Work/Mii/EyeAccessoryParam/Eye008.mii__EyeAccessoryParam.gyml
0x06819c15	Group_Event0022_2
0x0684b75b	Player.GoodsInfo2.Egg.OwnNum
0x068e6afb	RoomBed
0x06962dd6	Wedding00
0x06973f1f	Work/Confluence/PageInfo/HairAll070.pp__Confluence__PageInfo.gyml
0x0698fb9f	Gold00
0x069b599e	DemoDM104001
0x06a00044	Childcare.Pending.HabitOwnInfo.WalkToeOut.IsChecked
0x06a06042	Player.HabitInfo2.WalkSwagger.IsNewlyOwned
0x06a0b8c2	TreasurePetEmotionTelopChatNoveltyAtRoom
0x06a43863	SitUpExerciseFieldLarge
0x06a4d685	Player.GoodsInfo2.Binoculars
0x06a617e6	Event0038FL
0x06a7a14c	UGC.MapFloor.TextureSourceType
0x06a81b28	Player.InteriorRoomStyleInfo.PublicBath00.InformedNewRelease
0x06ae1675	FacilityFamilyRestaurant_MeetingPlace0
0x06b39f7d	Work/Data/ClothParam/ClothBottomsPantsWideFlower.data__ClothParam.gyml
0x06b4e3fe	Work/Data/CoordinateClothInfo/Coordinate0297.data__CoordinateClothInfo.gyml
0x06b56546	Childcare.Pending.HabitOwnInfo.StandRhythm.IsChecked
0x06b5cd9c	Player.GoodsInfo2.GameHorror.LastObtainedSec
0x06b93120	CicadaShell
0x06baa5b7	ClothShop
0x06bdd9f8	Work/Data/ClothParam/ClothBottomsPantsWideJacquard.data__ClothParam.gyml
0x06bf398b	Work/Data/ClothModelParam/ClothAllMascotLongBear.data__ClothModelParam.gyml
0x06c42abf	Camera
0x06c66a98	MiiHistory.Info.UgcTextIndex
0x06c8fb06	FocusLeadingUpLargeCureFeeling
0x06ce7887	ObjNobility00_Celling
0x06d6eb02	Player.InteriorRoomStyleInfo.Jail00.IsNewlyOwned
0x06d83606	Work/Data/CoordinateClothInfo/Coordinate0072.data__CoordinateClothInfo.gyml
0x06db5898	NoGroup_Event0021FL
0x06dc789b	Fruit07
0x06dd424a	Work/Data/ClothModelParam/ClothTopsTshirtHalfSoccer.data__ClothModelParam.gyml
0x06e094a4	Work/Confluence/PageInfo/HairAllLegacy046.pp__Confluence__PageInfo.gyml
0x06e2beab	Player.GoodsInfo2.Dice.OwnNum
0x06e32311	UGC.MapObject.IsEdit
0x06e6ea8c	Player.GoodsInfo2.MosquitoCoil.LastObtainedSec
0x06e7b596	ClothHeadwearHatUgcCap
0x06ed44ed	Work/Data/ClothParam/ClothAllBodySuitLongHero.data__ClothParam.gyml
0x06efb25e	Trouble_DepressSeparated_Success
0x06f32347	Player.InteriorRoomStyleInfo.NightView00
0x06f44a14	ClothBottomsSkirtBoxChidori
0x06f494f1	Player.HabitInfo2.BreakGas
0x06f4e75a	Unlock.ResolvedTroubleCount
0x06fde89b	GoodsText
0x06fe2161	Work/Data/ClothModelParam/ClothTopsYshirtLongBicolor.data__ClothModelParam.gyml
0x06ff2622	Ammonite
0x06ff9327	EmotionTelopChatLoveSitOnFountain
0x070419b6	Trial.IsFinishedContentsAccident
0x0704ccab	Player.InteriorRoomStyleInfo.Minimul03.KeyHash
0x07087440	DottedEighth
0x07088a7f	EmotionTelopChatFervorGroundLight
0x070ab1f1	Player.HabitInfo2.FaceSmug.OwnNum
0x07103c83	ClothAccessoryBackScythe
0x0714a77e	Work/Data/ClothParam/ClothTopslongOverallHalfBicycle.data__ClothParam.gyml
0x071c4a4e	ClothSocksDamage
0x071f2b6b	Work/Data/ClothParam/ClothAccessoryWaistDragon.data__ClothParam.gyml
0x0724a8ad	Work/Data/ClothParam/ClothTopsTshirtHalfBigNumber.data__ClothParam.gyml
0x072e3f3d	Floor_Road
0x07311828	ObjAtelier00_WorkS
0x0732703e	Misc_Stretch
0x074242de	Player.GoodsInfo2.Marble.LastObtainedSec
0x074d3c1b	Player.GoodsInfo2.GlassZaiku
0x074fe098	ClothBottomsSkirtLongLeopard
0x074ffde1	ObjFenceLattice_01
0x07503802	Work/Data/ClothModelParam/ClothTopslongKimonoLongMagician.data__ClothModelParam.gyml
0x07552fbe	CDGameMusic
0x07577d38	Damask03
0x075960d2	ObjDrinkingFountain_05
0x075c3167	Player.GoodsInfo2.GameLoveSimulation.State
0x07700e2b	Player.HabitInfo2.WalkToeOut.LastObtainedSec
0x0771e0e7	Player.GoodsInfo2.OliveSoap.LastObtainedSec
0x0772e565	MiiEvent_Event0018FL
0x0773e0b5	ClothTopslongBoxDressSleevelessSlip
0x077af7c3	MiiEvent_Event0024FL
0x077c6880	ClothTopsCoatLongDotera
0x0782f414	DemoSB302004
0x07832ff0	Player.BreakingNewsFlag
0x0784a8dc	Other
0x0784c30f	Mii.Belongings.RoomStyleInfo.Flag.Christmas01
0x07887ecd	House.RoomStyleInfo.Flag.Lace02
0x0788df0b	Manual
0x078c10fd	Work/Confluence/PageInfo/HairFront061.pp__Confluence__PageInfo.gyml
0x078dcff6	Work/Data/CoordinateClothInfo/Coordinate0223.data__CoordinateClothInfo.gyml
0x0794fe2a	Player.GoodsInfo2.ScrubbingBrush.LastObtainedSec
0x07a75771	Mii.Trouble.Info.TargetGoodsId
0x07a85b41	Work/Data/ClothModelParam/ClothTopslongDressHalfChinaPoblana.data__ClothModelParam.gyml
0x07a9579c	Player.GoodsInfo2.GameDance
0x07a9b007	TreasureAnythingEmotionTelopChatImpressedAtRoomSpeech
0x07af2fc3	RoomTV
0x07b05534	Trouble_HungryMeat_Failure
0x07b58adc	ClothHeadwearCostumeTiger
0x07b607d6	Player.GoodsInfo2.GameDance.State
0x07b9d175	Mii.Voice.Intonation
0x07bbd2b1	NoGroup_Event0027CH
0x07be0c7a	Mii.Belongings.RoomStyleInfo.Flag.Jungle00
0x07c0acbc	Friend_BestFriend_NotOnesideLove
0x07c16f35	DemoDM104052
0x07c6b3ea	DailyLog.FocusLeadingToObjByPickUpCount
0x07c7971e	DisillusionedWithOnesideLover
0x07cdcc2c	Work/Data/ClothModelParam/ClothTopsCoatHalfTunic.data__ClothModelParam.gyml
0x07d0c95e	Player.InteriorRoomStyleInfo.SmallFlower01.LastObtainedSec
0x07d1036e	TreasureBookEmotionTelopChatDifficultSitOnFerrisWheelEntrance
0x07d23e81	Player.InteriorRoomStyleInfo.Dot01.LastObtainedSec
0x07d34c4d	ClothTopslongDressHalfPrincess
0x07d76acf	Player.InteriorRoomStyleInfo.SmallFlower06.KeyHash
0x07deee9a	Mii.Belongings.HabitOwnInfo.TakeItOutOnObject.IsChecked
0x07f283a9	ObjBook00_Ladders
0x07f36c16	Player.GoodsInfo2.VirtualBoy.State
0x07fac41d	Mii.Belongings.RoomStyleInfo.Flag.Flowergarden00
0x07fb6998	Trouble_ClothSWinter_Failure
0x07fd731b	Player.InteriorRoomStyleInfo.Bathroom04.FirstObtainedSec
0x08010523	Work/Data/ClothParam/ClothHeadwearHatJet.data__ClothParam.gyml
0x08017906	EyelidUpper
0x08046a25	Place_House_LDK
0x08060970	Player.GoodsInfo2.BlackTipReefShark.State
0x08077728	Player.InteriorRoomStyleInfo.Japanese03.OwnNum
0x08122c1d	Work/Data/CoordinateClothInfo/Coordinate0086.data__CoordinateClothInfo.gyml
0x081d943b	Mii.Belongings.RoomStyleInfo.Flag.Party01
0x0826a5da	Mii.Belongings.HabitOwnInfo.StandPutsGlasses.IsChecked
0x082b2678	Mii.Belongings.RoomStyleInfo.Flag.Office00
0x082e5207	Showa04
0x08301b3a	Player.GoodsInfo2.BalletSet.LastObtainedSec
0x08319af1	Work/Data/ClothModelParam/ClothAllCostumeLongHen.data__ClothModelParam.gyml
0x0831a0b3	EmotionTelopChatDarkGuitarShow
0x08356ad2	HomeLiveTime
0x0836ac7e	IslandDevelopment2
0x083c49e8	Work/Data/ClothModelParam/ClothTopslongOverallSleevelessSamba.data__ClothModelParam.gyml
0x083ed259	TreasureGoods_ALL_Outdoor_NotChat_raw
0x0842350e	Player.GoodsInfo2.Document.IsNewlyOwned
0x0845d4bb	GameDance
0x08541d23	Invalid_Billboard
0x0855f8bc	EmotionTelopChatFervorNotePCSpeechAtLivingFloor
0x0856516b	Player.InteriorRoomStyleInfo.Camouflage03
0x085aa5d8	Mii.Belongings.HabitOwnInfo.FaceOpenEyes
0x085c9ca2	Player.GoodsInfo2.Alien1.LastObtainedSec
0x085ea13e	Trouble_FallInOneSideLove_Success
0x0861fcdc	Trouble_OnesideLoveAfterFight_From
0x086596bb	Ufo
0x08680bea	Work/Data/ClothParam/ClothShoesLooseSocksBorder.data__ClothParam.gyml
0x0868388e	Work/Data/ClothModelParam/ClothAccessoryChestCorsage.data__ClothModelParam.gyml
0x086cbf13	ObjSloppy00_FloorDecoLDK
0x0873b605	TreasureAnythingEmotionTelopChatScarySitOnTheGroundCircle
0x0875e791	IsClothShopDialogShown
0x087f17ca	StandOnSeesawMeetingPlace
0x08857d53	Player.InteriorRoomStyleInfo.Damask05.KeyHash
0x08861932	Player.InteriorRoomStyleInfo.Heart02.InformedNewRelease
0x0886286a	Event0041CH
0x08899963	Work/Data/Destination/DemoArea/FacilityFerrisWheelGondola_CenterPos.data__destination__DemoArea.gyml
0x0891f920	Work/Data/ClothModelParam/ClothTopslongBoxDressLongBathrobe.data__ClothModelParam.gyml
0x08996ef3	Work/Data/CoordinateAttribute/Coordinate0292.data__CoordinateAttribute.gyml
0x08999a21	AddFifthMii
0x089b7a3e	Work/Data/ClothParam/ClothSocksAnkle.data__ClothParam.gyml
0x089d541b	EmotionTelopChatSurpriseAtRestaurant
0x08a3905b	Player.GoodsInfo2.OneEarphoneIsMisissing
0x08a5ad44	MiiEvent_Event0013FL
0x08a74026	Work/Confluence/PageInfo/HairFront079.pp__Confluence__PageInfo.gyml
0x08a8ced6	Player.InteriorRoomStyleInfo.GardenWedding00.KeyHash
0x08ad0ae1	Work/Data/ClothParam/ClothTopslongAlongHalfCachecoeur.data__ClothParam.gyml
0x08b37691	Player
0x08b71111	EmotionTelopChatLaughSitOnTheGround
0x08b7ddc3	HelpAccidentFightRelation
0x08bb758c	EmotionTelopChatLaughSitOnFountain
0x08bd113c	DemoPR000115
0x08bd24c3	House.RoomSettings.OverrideFloorStyleId
0x08bd7b4d	Work/Data/ClothModelParam/ClothTopslongOverallLongOverall.data__ClothModelParam.gyml
0x08bdd55d	GreetingType
0x08c0d93a	Trouble_ClothEHalloween_Success
0x08c283bb	Work/Data/CoordinateAttribute/Coordinate0219.data__CoordinateAttribute.gyml
0x08c4df61	ClothTopslongOverallLongRiderSuit
0x08c701dd	GroupAction
0x08c7465f	ClothHeadwearProtectorHalfHelmet
0x08c982d7	Work/Data/ClothModelParam/ClothTopsTshirtLongTailoredJacket.data__ClothModelParam.gyml
0x08d07efe	GreetingTypeBig
0x08d41652	Work/Data/ClothParam/ClothSocksBase.data__ClothParam.gyml
0x08d54163	ClothTopsOuterLongAnorak
0x08da3569	MysteriousLiquid
0x08da66f9	Tea02
0x08daa140	Player.InteriorRoomStyleInfo.MovingBox00.IsNewlyOwned
0x08dca900	Player.InteriorRoomStyleInfo.Factry00.State
0x08df4330	PresetItemId
0x08e4bc3a	Coordinate0170
0x08e7c2f8	Player.GoodsInfo2.Parakeet
0x08eb7207	Work/Data/ClothModelParam/ClothHeadwearHatNewsboy.data__ClothModelParam.gyml
0x08f0e071	Player.InteriorRoomStyleInfo.LockerRoom01.State
0x08f15335	Work/Data/Destination/DemoArea/FacilityPark_FreeSpace.data__destination__DemoArea.gyml
0x08f31669	FireWorks
0x08fc768f	Event0018CH
0x08fe062e	Simple
0x08ffb62d	Work/Data/Destination/DemoArea/RoomDollHouseLDK_Table.data__destination__DemoArea.gyml
0x09046669	Player.InteriorRoomStyleInfo.Cage00.State
0x0907f589	Work/Data/CoordinateAttribute/Coordinate0240.data__CoordinateAttribute.gyml
0x0907fcd5	Player.GoodsInfo2.SpeechBubbleGold.LastObtainedSec
0x090de060	Work/Data/ClothModelParam/ClothShoesMuleStrappy.data__ClothModelParam.gyml
0x09161ef4	TreasureGoods_Book_House_Irritate
0x091879da	Player.InteriorRoomStyleInfo.Party04.KeyHash
0x091956db	MapObject.UgcObje.UgcExteriorId
0x091dee2f	Player.InteriorRoomStyleInfo.Party05.InformedNewRelease
0x09237d37	ClothAccessoryNeckWhistle
0x0926626e	Work/Confluence/PageInfo/HairBack002.pp__Confluence__PageInfo.gyml
0x0928fdfb	TravelPosRight
0x0929d4e7	Player.GoodsInfo2.LightBulb.State
0x092c1e40	Player.GoodsInfo2.VacuumTube.LastObtainedSec
0x092c3be2	Mii.Belongings.RoomStyleInfo.Flag.LightStick06
0x09332ae1	Work/Data/ClothModelParam/ClothShoesThickDown.data__ClothModelParam.gyml
0x093b2b30	House.RoomStyleInfo.Flag.Lace00
0x093d6713	Work/Data/ClothModelParam/ClothHeadwearCostumeHorse.data__ClothModelParam.gyml
0x0942d9cd	BabyMiiToMyself
0x0947c590	Player.HabitInfo2.EatMouthful.State
0x0949d470	Player.InteriorRoomStyleInfo.Party05.LastObtainedSec
0x09592b0e	TreasureGoods_Pet_Speech_Outdoor
0x09643c99	Unlock.ConfessionFailureCount
0x096493a2	DailyLog.OuterHouseChangeCount
0x0969c3a5	Player.GoodsInfo2.Alpaca.LastObtainedSec
0x09732b5c	Work/Data/ClothParam/ClothHeadwearOrnamentTopLeaf.data__ClothParam.gyml
0x097b2c09	Player.GoodsInfo2.SeaUrchinBone.LastObtainedSec
0x097d4f7c	Player.InteriorRoomStyleInfo.WhiteRoom00.InformedNewRelease
0x0987cfad	EyelashLower
0x0988214e	Trouble_ClothEChristmas_Success
0x098c4e4b	TargetMiiBoth
0x098c612e	Player.GoodsInfo2.Cat.State
0x098e1b05	DemoSB007157
0x0990dbd1	Player.InteriorRoomStyleInfo.Japanese02.FirstObtainedSec
0x099363e3	ObjBonfire_01
0x09949395	Player.InteriorRoomStyleInfo.Desert00.FirstObtainedSec
0x0997afb6	TreasureBookEmotionTelopChatInterestingAtLivingFloor
0x09983a56	Player.HabitInfo2.WalkLikeRobot.IsNewlyOwned
0x09984651	Work/Data/CoordinateAttribute/Coordinate0305.data__CoordinateAttribute.gyml
0x0999299e	ClothTopsTshirtHalfGoldfish
0x099dc029	Mii.Belongings.HabitOwnInfo.StandShy.State
0x09a0f50b	UGC.Goods.EntryTime
0x09a112a8	Work/Data/CoordinateClothInfo/Coordinate0258.data__CoordinateClothInfo.gyml
0x09a41ac3	FirstBuildingShop
0x09aa1046	Player.InteriorRoomStyleInfo.Simple00.FirstObtainedSec
0x09aa9104	ClothHeadwearHatPropellerCap
0x09ae8058	Player.InteriorRoomStyleInfo.Sauna00.OwnNum
0x09b322bc	Player.InteriorRoomStyleInfo.Triangle05.OwnNum
0x09b3f168	Mii.Belongings.HabitOwnInfo.EatSmell
0x09b4e632	Player.InteriorRoomStyleInfo.Formula00.State
0x09b8ee05	Player.InteriorRoomStyleInfo.Beach00
0x09bd7879	ObjParty00_Balloon
0x09c61f99	ClothHeadwearOrnamentFrontBunny
0x09c717d8	DemoDM104068KnowLover_Friend_Family
0x09ca2c9c	Work/Data/ClothParam/ClothHeadwearCoverFruit.data__ClothParam.gyml
0x09d330d9	TroubleFallInOneSideLoveMeterUp
0x09d7e70c	TreasureAnythingEmotionTelopChatImpressedAtRestaurant
0x09dcf3f7	RoomDollHouseLDK_Kitchen
0x09dee71b	ObjFantasy00_PlantE
0x09e2d577	SequentialAndStandbyAndOne
0x09e71fb2	Player.InteriorRoomStyleInfo.Garage00.LastObtainedSec
0x09ecc6a7	ObjStar00_Sofa
0x09ed29d5	FoodType
0x09ef8656	Mii.MiiMisc.WordInfo.WordArray.WordText
0x09f2b6e0	Player.InteriorRoomStyleInfo.Minimul05
0x09f72626	Work/Data/ClothModelParam/ClothHeadwearMaskAnimal.data__ClothModelParam.gyml
0x09f95523	Player.InteriorRoomStyleInfo.MonitorRoom00.OwnNum
0x09fbed3c	Work/Data/CoordinateClothInfo/Coordinate0075.data__CoordinateClothInfo.gyml
0x0a011e8c	Work/Data/Destination/DemoArea/FacilityFamilyRestaurant_AllSpace.data__destination__DemoArea.gyml
0x0a08b731	Attribute
0x0a0b6a2e	Work/Data/ClothParam/ClothTopsTshirtLongSmock.data__ClothParam.gyml
0x0a0d453c	Work/Data/CoordinateAttribute/Coordinate0241.data__CoordinateAttribute.gyml
0x0a1759c1	MiiEvent_Event0051FL
0x0a191415	Player.GoodsInfo2.VacuumTube.OwnNum
0x0a1a0b3e	Player.GoodsInfo2.MartianStone
0x0a1edfef	Work/Data/CoordinateAttribute/Coordinate0283.data__CoordinateAttribute.gyml
0x0a1fcfa3	ToZPlus
0x0a21854f	Time2
0x0a2437e5	Player.GoodsInfo2.Alien1.State
0x0a315ac8	SitInSofaNearAfSource
0x0a363e95	Work/Data/CoordinateClothInfo/Coordinate0111.data__CoordinateClothInfo.gyml
0x0a3bb48f	Player.InteriorRoomStyleInfo.Cute01.LastObtainedSec
0x0a3ca26b	WoodBoard04
0x0a3e8636	NoGroup_Event0030CH
0x0a4744fe	Work/Data/ClothParam/ClothHeadwearOrnamentFrontMaid.data__ClothParam.gyml
0x0a48fbe8	Player.HabitInfo2.WalkToeOut
0x0a4a8848	Work/Data/CoordinateAttribute/Coordinate0251.data__CoordinateAttribute.gyml
0x0a4fc36e	House.RoomStyleInfo.Flag.Chinese01
0x0a56caac	Player.InteriorRoomStyleInfo.Nobility00.IsNewlyOwned
0x0a5a6c0b	EmotionTelopChatLaughSpeechCircle
0x0a5d938f	LvUPGoods_Ballet_House_Room_raw
0x0a5ebcd9	Work/Data/ClothParam/ClothBottomsSkirtMiniSchool.data__ClothParam.gyml
0x0a603881	Warp
0x0a621e1e	ClothTopsTshirtSleevelessBorder
0x0a6385e4	SeasonalLiberationSummer
0x0a64a067	EyebrowThinLowAngle
0x0a6e03a8	CheerUpFailureA
0x0a6f2a20	Player.GoodsInfo2.Haniwa.LastObtainedSec
0x0a753e99	Mii.Belongings.HabitOwnInfo.FaceLousy
0x0a7cf2c5	UGC.Interior.EmissionPattern
0x0a7d1317	ClothHeadwearHatPot
0x0a7d98fe	Player.InteriorRoomStyleInfo.Nobility02.KeyHash
0x0a88ea4c	Player.GoodsInfo2.Top.LastObtainedSec
0x0a8a4e09	Work/Data/ClothModelParam/ClothShoesHighcutSneaker.data__ClothModelParam.gyml
0x0a8a9b24	WoolFelt
0x0a903d03	Mii.MiiMisc.ClothInfo.Shoes.KeyHash
0x0a911af5	WatchTVSofaGroupWithDemo
0x0a9351f6	Player.InteriorRoomStyleInfo.Horror01.KeyHash
0x0a95357d	Player.InteriorRoomStyleInfo.MonitorRoom01.KeyHash
0x0a98ee6f	Player.HabitInfo2.VoiceSmall.OwnNum
0x0a9b75d1	Mii.Belongings.HabitOwnInfo.StandLeanForward.IsOwn
0x0a9e68d5	Mii.Belongings.HabitOwnInfo.GetAngryTypeBrightly.State
0x0a9e9041	Mii.Belongings.RoomStyleInfo.Flag.Stuffed02
0x0a9f39df	ObjTrashCan_02
0x0aa0bc49	Work/Data/CoordinateClothInfo/Coordinate0159.data__CoordinateClothInfo.gyml
0x0aa2a6e2	Player.GoodsInfo2.Hedgehog.OwnNum
0x0aad8db6	Player.InteriorRoomStyleInfo.Garage05.KeyHash
0x0ab021cc	OwnersRoomFloorWithDemoDM104066
0x0ab034b9	News.NewsId
0x0ab4680d	Place_Facility_FerrisWheel
0x0ab48254	Work/Data/CoordinateAttribute/Coordinate0264.data__CoordinateAttribute.gyml
0x0ab77b94	ClothTopsYshirtPuffDolly
0x0abaea19	Player.GoodsInfo2.DucksToy.LastObtainedSec
0x0ac4aeb2	ClothHeadwearCostumeHood
0x0acb5c53	Work/Data/ClothParam/ClothTopslongAlongLongKing.data__ClothParam.gyml
0x0ace7897	Player.InteriorRoomStyleInfo.BigFlower00.State
0x0ace805a	ObjGrandlight_04
0x0ad0c9a4	Player.GoodsInfo2.MahjongTile.OwnNum
0x0ad95b4a	DailyLog.EnterAtelierCount
0x0ae0ff5f	Wanted
0x0ae24873	Player.InteriorRoomStyleInfo.WoodBoard05.InformedNewRelease
0x0ae47b85	Player.GoodsInfo2.Butterfly.IsNewlyOwned
0x0ae5979c	Work/Confluence/PageInfo/HairAll060.pp__Confluence__PageInfo.gyml
0x0af582dd	ClothTopslongDressSleevelessSunflower
0x0b02b889	Work/Data/CoordinateClothInfo/Coordinate0189.data__CoordinateClothInfo.gyml
0x0b0c0037	Work/Data/ClothParam/ClothHeadwearCoverSwim.data__ClothParam.gyml
0x0b0c8a54	Mii.Belongings.RoomStyleInfo.Flag.Sloppy01
0x0b0d3368	Work/Data/Destination/ActionPoint/FacilityFamilyRestaurant_ViewPos.data__destination__ActionPoint.gyml
0x0b0dafa7	Tekipaki
0x0b0e8283	Player.HabitInfo2.SnoreLoudly.OwnNum
0x0b113fde	ObjGuardrail_01
0x0b19e006	TreasureRecordEmotionTelopChatNoFeaturesSitOnTheGround
0x0b20143d	HairTailPosTwin
0x0b22a986	Work/Data/CoordinateAttribute/Coordinate0281.data__CoordinateAttribute.gyml
0x0b22c145	Player.GoodsInfo2.Guitar.LastObtainedSec
0x0b23d8b2	Work/Data/ClothParam/ClothTopsUgcTshirtHalf.data__ClothParam.gyml
0x0b2a261e	Mii.MiiMisc.WordInfo.WordArray.WordHowToCall
0x0b2dcd4e	Work/Data/CoordinateClothInfo/Coordinate0002.data__CoordinateClothInfo.gyml
0x0b2e3a0b	Player.InteriorRoomStyleInfo.LightStick07
0x0b342330	Player.HabitInfo2.GreetingBow.OwnNum
0x0b3c6949	Work/Confluence/PageInfo/HairAllLegacy028.pp__Confluence__PageInfo.gyml
0x0b3f1340	Player.InteriorRoomStyleInfo.Garage00.KeyHash
0x0b47996d	Work/Data/Destination/DemoArea/FacilityAtelier_Entrance.data__destination__DemoArea.gyml
0x0b4a9760	CanResumeWithConditions
0x0b4d2765	ObjBook00_Desk
0x0b4fb586	Work/Data/ClothParam/ClothTopsCoatLongMods.data__ClothParam.gyml
0x0b5276e9	House.MapId
0x0b5561ec	StandStay
0x0b55b32d	SecondPersonRegionLanguageID
0x0b56fa17	Work/Data/ClothParam/ClothHeadwearHatExplorer.data__ClothParam.gyml
0x0b5c03a5	SaveDataUgcBc3
0x0b5def68	TreasurePetEmotionTelopChatInterestingAtRoomSpeech
0x0b5f208c	Work/Data/ClothModelParam/ClothTopslongAlongSleevelessMermaid.data__ClothModelParam.gyml
0x0b61b92b	NotRoommate
0x0b6d194c	Childcare.Pending.HabitOwnInfo.EatSmell.IsOwn
0x0b6f88fa	Parquet05
0x0b700ace	Work/Data/CoordinateAttribute/Coordinate0001.data__CoordinateAttribute.gyml
0x0b724879	EmbroideredHandkerchief
0x0b72d8bc	NotNegative_CanExecuteLoveryDemoBoth
0x0b73fd53	Mii.Belongings.HabitOwnInfo.GreetingMacho
0x0b7c8c54	ChangeHairAccept_2
0x0b831900	Player.InteriorRoomStyleInfo.Shogun00.InformedNewRelease
0x0b93b046	Childcare.Pending.HabitOwnInfo.WalkSwagger.IsOwn
0x0b95831e	Mii.Belongings.HabitOwnInfo.EatWild.IsChecked
0x0b978286	Work/Data/CoordinateAttribute/Coordinate0163.data__CoordinateAttribute.gyml
0x0b99bad3	BookhHistorical
0x0b9f2430	Work/Data/ClothModelParam/ClothHeadwearHatSkateboard.data__ClothModelParam.gyml
0x0ba0fd12	ClothHeadwearGlassBottomBottom
0x0ba106ee	Mii.Belongings.RoomStyleInfo.Flag.Stuffed00
0x0ba14e7d	PriorityRankT
0x0ba18799	Bad02
0x0ba261b7	Work/Data/CoordinateAttribute/Coordinate0318.data__CoordinateAttribute.gyml
0x0ba85e30	FocusLeadingObject
0x0baa95ff	Player.InteriorRoomStyleInfo.Candy00.State
0x0badebec	Player.GoodsInfo2.Parakeet.OwnNum
0x0bb177c4	Work/Data/CoordinateAttribute/Coordinate0168.data__CoordinateAttribute.gyml
0x0bb17a3f	Simple00
0x0bb18a5a	ObjBeachBed_Entrance
0x0bb7d4a7	House.RoomStyleInfo.Flag.Triangle04
0x0bba0b74	Player.InteriorRoomStyleInfo.Baby02.IsNewlyOwned
0x0bc0bad4	Player.HabitInfo2.GreetingTypeCackle.IsNewlyOwned
0x0bc3ad96	ObjSprinkler_03
0x0bc5deb2	Work/Data/ClothParam/ClothAccessoryWaistDog.data__ClothParam.gyml
0x0bc9fa84	Work/Data/CoordinateAttribute/Coordinate0249.data__CoordinateAttribute.gyml
0x0bcc06aa	Liberation.SeasonInfo.IsRenovationLifted
0x0bd589d3	PlaySeesaw2
0x0bd88dce	Work/Data/ClothModelParam/ClothHeadwearOrnamentSideFlower.data__ClothModelParam.gyml
0x0bde0f3f	Player.GoodsInfo2.CeladonTeapot.LastObtainedSec
0x0be115a9	Mii.Belongings.RoomStyleInfo.Flag.Fruit05
0x0be1aa30	Player.HabitInfo2.UntidySleeper.State
0x0be6d87d	Pinata
0x0be8c2fb	Player.InteriorRoomStyleInfo.Bathroom01.FirstObtainedSec
0x0be9dfee	Work/Confluence/PageInfo/HairAll012.pp__Confluence__PageInfo.gyml
0x0bf2b593	Player.GoodsInfo2.Cashbox.LastObtainedSec
0x0bf3d8fe	UGC.Exterior.RegionLanguageID
0x0bf422a5	DailyLog.AiCountByPickUp
0x0bfbb3d2	Mii.Belongings.RoomStyleInfo.Flag.Garage04
0x0c011bbb	Work/Confluence/PageInfo/HairBack028.pp__Confluence__PageInfo.gyml
0x0c07766a	PresentFoodCount
0x0c082387	Player.InteriorRoomStyleInfo.StarPrint01.KeyHash
0x0c0fa268	Voice_Reverb
0x0c1382d6	Player.InteriorRoomStyleInfo.Cage00
0x0c13bec3	Work/Data/CoordinateAttribute/Coordinate0296.data__CoordinateAttribute.gyml
0x0c17d286	Work/Data/CoordinateClothInfo/Coordinate0227.data__CoordinateClothInfo.gyml
0x0c221305	Work/Data/ClothParam/ClothTopslongBoxDressHalfCamisole.data__ClothParam.gyml
0x0c252978	Work/Data/ClothModelParam/ClothHeadwearHatSpangle.data__ClothModelParam.gyml
0x0c2baac6	ObjStainedGlass00_Ceiling
0x0c2cdb8e	EmotionTelopChatRelaxAtRestaurant
0x0c2d8754	Player.InteriorRoomStyleInfo.Festival00.FirstObtainedSec
0x0c2fd237	LookSkyNightUgc
0x0c456c88	Work/Data/ClothParam/ClothShoesPumpsSimple.data__ClothParam.gyml
0x0c456f91	ItemSandwich_01
0x0c45ac1f	Work/Data/ClothParam/ClothHeadwearHatNewsboy.data__ClothParam.gyml
0x0c483b93	Work/Data/CoordinateClothInfo/Coordinate0023.data__CoordinateClothInfo.gyml
0x0c4ed634	UgcInteriorPreview
0x0c57ae0f	ClothTopsTshirtSleevelessTankTop
0x0c5e87c4	ClothHeadwearHatKnitCap
0x0c5e9e00	ClothStringId
0x0c61d79a	DailyLog.FocusLeadingToMiiByPickUpCount
0x0c648e8f	TroubleGiveUpOneSideLoveSuccess
0x0c690e48	House.RoomStyleInfo.Flag.LightStick05
0x0c7242a3	Place_Facility_FerrisWheel_raw
0x0c79b038	ObjTea00_Light
0x0c7bf8a1	Mii.Belongings.HabitOwnInfo.EatCrisp.IsChecked
0x0c81239b	FriendCupidFailureOther
0x0c81f3a3	Work/Data/ClothModelParam/ClothHeadwearProtectorAmericanfootball.data__ClothModelParam.gyml
0x0c878061	Mii.Belongings.RoomStyleInfo.Flag.Camouflage01
0x0c87b9af	House.RoomStyleInfo.Flag.Bathroom01
0x0c92739a	Work/Data/ClothModelParam/ClothShoesBootsShortSideGore.data__ClothModelParam.gyml
0x0c951078	Work/Data/ClothParam/ClothHeadwearMaskWelding.data__ClothParam.gyml
0x0c95dd5d	Player.InteriorRoomStyleInfo.Gym02.IsNewlyOwned
0x0c9a957d	ItemTreeChristmas_Demo
0x0c9d0b4d	House.RoomStyleInfo.Flag.Sauna00
0x0ca02127	House.RoomStyleInfo.Flag.MonitorRoom00
0x0ca54b3a	ClothHeadwearGlassDemoMiiGlass15
0x0ca68011	MedamaYaki
0x0cb053d8	Deltaroof
0x0cb632ac	BottomsMedium
0x0cbc645a	ClothSocksSocks
0x0cc83210	ObjTreeBroadleaf_center_02
0x0cce7c50	Player.GoodsInfo2.RubberString.State
0x0cd108f4	Player.InteriorRoomStyleInfo.Triangle03.IsNewlyOwned
0x0cd5f1ad	Mii.Belongings.RoomStyleInfo.Flag.Dinosaur01
0x0cd716ab	TreasureGoods_ALL_Outdoor_Chat_raw
0x0cd82374	Player.InteriorRoomStyleInfo.Fantasy01.FirstObtainedSec
0x0cdb750a	Work/Data/ClothParam/ClothTopslongDressHalfSimple.data__ClothParam.gyml
0x0cde8fe5	Work/Confluence/PageInfo/HairBack026.pp__Confluence__PageInfo.gyml
0x0ce11a28	Work/Data/ClothParam/ClothAccessoryBackJetpack.data__ClothParam.gyml
0x0ce172b1	BigFlower01
0x0ceb60ea	Vegetable
0x0ceecc34	Work/Data/ClothModelParam/ClothShoesStandardDeck.data__ClothModelParam.gyml
0x0d0396de	Honeycomb03
0x0d05fa73	Childcare.Pending.HabitOwnInfo.WalkRhythm.IsChecked
0x0d08b3f0	TreasureGoods_Anything_Obj_Outdoor
0x0d09832c	Player.GoodsInfo2.DuraluminCase.OwnNum
0x0d0a9755	YM
0x0d0bd695	Natural03
0x0d16f248	Goods_Training
0x0d1963be	Player.GoodsInfo2.VenetianGlass.LastObtainedSec
0x0d1999e1	Player.InteriorRoomStyleInfo.SmallFlower02.State
0x0d19ad6b	YogaGroupMyRoom
0x0d1a827b	Trouble_Reform_Success
0x0d2487d3	Player.HabitInfo2.OftenCrossArms.OwnNum
0x0d2671b4	Player.InteriorRoomStyleInfo.Fruit03.InformedNewRelease
0x0d2c616e	Reaction
0x0d34b3ee	Halloween
0x0d353a12	Player.HabitInfo2.GreetingVitality.OwnNum
0x0d3c3b79	Work/Confluence/PageInfo/HairAllLegacy017.pp__Confluence__PageInfo.gyml
0x0d3f579c	Work/Data/CoordinateClothInfo/Coordinate0252.data__CoordinateClothInfo.gyml
0x0d43e4cc	SeasonalLiberationChristmas
0x0d45823b	Event0021CH
0x0d46f3f2	ObjFigure00_WallDecoN
0x0d495f31	Childcare.Pending.HabitOwnInfo.StandStraight.IsOwn
0x0d54def2	Player.InteriorRoomStyleInfo.SF05
0x0d583fe1	Serious
0x0d5b1496	FacilityClothShop_ViewPos
0x0d5d9290	Antique06
0x0d60ed6c	Event0040FL2
0x0d619d95	Player.InteriorRoomStyleInfo.WoodBoard03.LastObtainedSec
0x0d70163c	Trouble_FightReconciliation_Failure
0x0d79363a	Work/Data/ClothModelParam/ClothHeadwearOrnamentTopPrince.data__ClothModelParam.gyml
0x0d822c9f	Player.InteriorRoomStyleInfo.Shoji02.State
0x0d88e106	Event0048CH
0x0d8e9f8c	Player.GoodsInfo2.Alien1.IsNewlyOwned
0x0d8edfc4	MiiEditorTutorialFlag
0x0d91960a	LowerCenter
0x0d93a462	Event0043CH
0x0d94077c	Triangle05
0x0d95b386	TreasureRecordEmotionTelopChatInterestingAtLivingFloor
0x0d96409e	House.RoommateGroupName
0x0d98851b	Herringbone03
0x0d9a4b92	TreasureAnythingEmotionTelopChatDifficultAtLivingFloorSpeech
0x0d9d38fa	ClothAccessoryWaistCow
0x0da5f4a8	ClothTopsYshirtLongMultipulVest
0x0da74b5c	Work/Data/ClothParam/ClothTopsTshirtHalfRockBand.data__ClothParam.gyml
0x0da87c4e	Work/Data/CoordinateClothInfo/Coordinate0248.data__CoordinateClothInfo.gyml
0x0da9f2cc	ObjTreeGinkgo
0x0dab57a4	ItemPicnicSheet
0x0dae86cc	Work/Data/ClothModelParam/ClothAllCarLongCar.data__ClothModelParam.gyml
0x0daef2ac	Work/Data/ClothModelParam/ClothHeadwearHatShampoo.data__ClothModelParam.gyml
0x0db18fb0	FriendOtherFailure
0x0db5e8c8	Childcare.Pending.HabitOwnInfo.StandHandsFront.IsOwn
0x0db876cf	Player.InteriorRoomStyleInfo.Simple00.InformedNewRelease
0x0dbabe27	UGC.Cloth.EmissionPattern
0x0dbe6bcf	TravelPlaceN010
0x0dbfa012	House.RoomStyleInfo.Flag.SFX00
0x0dc2d04d	TreasureBookEmotionTelopChatNoveltySitOnSofa
0x0dc3e2f5	Mii.Belongings.RoomStyleInfo.Flag.Damask01
0x0dc4aaee	Player.InteriorRoomStyleInfo.Garage03.KeyHash
0x0dc87018	Work/Data/ClothParam/ClothTopsTshirtHalfKanji.data__ClothParam.gyml
0x0dce128b	Bathroom04
0x0dd4f2bd	Dot02
0x0dd55d54	Player.InteriorRoomStyleInfo.WoodBoard07.State
0x0dd8df19	ClothSocksStar
0x0dda50af	Player.InteriorRoomStyleInfo.Garage01.State
0x0ddac26a	Work/Data/ClothParam/ClothAllCostumeLongHotdog.data__ClothParam.gyml
0x0ddcbe76	Male
0x0ddf296a	Temple00
0x0de26f1a	Player.HabitInfo2.GreetingTypeNoting.IsNewlyOwned
0x0de464b2	UGC.SuspendData.UgcFloorMaterialType
0x0de68420	Cat
0x0deaba5f	Work/Data/ClothParam/ClothBottomsPantsWideMulticolor.data__ClothParam.gyml
0x0df52653	ClothShoesSandalSlipon
0x0df5ac36	Player.InteriorRoomStyleInfo.Beach00.LastObtainedSec
0x0df711c3	TreasureBookEmotionTelopChatDifficultSpeechCircle
0x0df78299	MiiWatchInterrupt
0x0e00e423	Work/Mii/EyeAccessoryParam/Eye050.mii__EyeAccessoryParam.gyml
0x0e023cce	Player.GoodsInfo2.CDDance
0x0e06d2e6	ClothHeadwearGlassPixel
0x0e0887fc	UGC.MapFloor.IsEdit
0x0e08d992	Work/Data/CoordinateClothInfo/Coordinate0265.data__CoordinateClothInfo.gyml
0x0e0d573c	Work/Data/CoordinateClothInfo/Coordinate0263.data__CoordinateClothInfo.gyml
0x0e0dd235	Mii.Belongings.HabitOwnInfo.StandPutsGlasses.State
0x0e10a458	House.RoomStyleInfo.Flag.Dot06
0x0e1288de	Mii.Name
0x0e13dcf8	TreasureBookEmotionTelopChatDifficultAtLivingFloorSpeech
0x0e15e3f8	UGC.Exterior.HowToCallName
0x0e18d9ee	ItemWedding00_Pole
0x0e1c56a1	FightTimeoverFriend
0x0e1c58ab	Work/Component/DestinationInfo/RoomDoorEntrance.actor__DestinationInfo.gyml
0x0e1ea766	Player.GoodsInfo2.SoccerBall
0x0e261d8d	Work/Data/CoordinateClothInfo/Coordinate0309.data__CoordinateClothInfo.gyml
0x0e2c04b5	Player.GoodsInfo2.SatueOfLiberty.State
0x0e31ecc6	ClothTopsOuterLongStadium
0x0e36f93f	Work/Data/ClothModelParam/ClothShoesBootsLongWestern.data__ClothModelParam.gyml
0x0e389916	TreasurePetEmotionTelopChatInterestingAtLivingFloor
0x0e3f064a	AttributeOther
0x0e407a32	Accident
0x0e4ba052	FlashlightChat
0x0e4c5ba8	Player.InteriorRoomStyleInfo.Dot02
0x0e4edf34	Misc_ChatFree_Chat_House
0x0e4f840e	ClothAccessoryChestBadgeCute
0x0e52b90c	Work/Data/ClothModelParam/ClothAccessoryNeckShiningPendant.data__ClothModelParam.gyml
0x0e62f2f4	ObjFenceIron_05
0x0e63d891	ItemJackOLantern_Demo
0x0e67c288	Work/Data/ClothModelParam/ClothHeadwearOrnamentFrontBigRibbon.data__ClothModelParam.gyml
0x0e6823b7	Work/Data/ClothParam/ClothTopsTshirtHalfSailor.data__ClothParam.gyml
0x0e68b6d7	Work/Data/ClothParam/ClothHeadwearGlassDemoMiiGlass15.data__ClothParam.gyml
0x0e699e6e	NoGroup_Event0017CH
0x0e6a4a60	Work/Data/CoordinateClothInfo/Coordinate0206.data__CoordinateClothInfo.gyml
0x0e6b4ea0	DottedHalf
0x0e6d62a6	ClothTopslongKimonoLongMagician
0x0e821861	Work/Confluence/PageInfo/HairAllLegacy100.pp__Confluence__PageInfo.gyml
0x0e9b4ace	ItemTeaCup_04
0x0e9c6324	Player.InteriorRoomStyleInfo.SmallFlower06.IsNewlyOwned
0x0e9f1a8c	Work/Data/ClothModelParam/ClothTopsYshirtLongDogJersey.data__ClothModelParam.gyml
0x0ea0a35e	ClothHeadwearHatApple
0x0ea30019	Work/Data/ClothParam/ClothAccessoryNeckCardigan.data__ClothParam.gyml
0x0ea52a0b	Work/Data/Destination/ActionPoint/FacilityMarket_ViewPos.data__destination__ActionPoint.gyml
0x0ea8d382	Player.InteriorRoomStyleInfo.Baby00.IsNewlyOwned
0x0eb26299	Player.InteriorRoomStyleInfo.Heart00.InformedNewRelease
0x0eb5d1f4	Work/Data/CoordinateAttribute/Coordinate0261.data__CoordinateAttribute.gyml
0x0eb78c05	DemoDM104004
0x0eb81b42	Work/Confluence/PageInfo/HairAll048.pp__Confluence__PageInfo.gyml
0x0eb82782	Work/Data/CoordinateAttribute/Coordinate0156.data__CoordinateAttribute.gyml
0x0eb8b181	Work/Confluence/PageInfo/HairAllLegacy049.pp__Confluence__PageInfo.gyml
0x0eb94b6c	Player.GoodsInfo2.SpeechBubbleSilver.State
0x0ebeddef	DemoDM104049
0x0ed12c63	ObjHedge_05
0x0eda68d5	Work/Data/ClothParam/ClothBottomsPantsWideKneeJersey.data__ClothParam.gyml
0x0edd6fdc	ClothTopsCropped
0x0ede4070	Player.InteriorRoomStyleInfo.Train01.KeyHash
0x0edf505c	StyleGroup_Western00
0x0ee30537	Work/Data/ClothParam/ClothTopsTshirtSleevelessTraining.data__ClothParam.gyml
0x0ee9c6be	Work/Data/ClothModelParam/ClothTopsCoatLongKurta.data__ClothModelParam.gyml
0x0eea4197	MarketUpdateInfo
0x0eefe1b6	Mii.Belongings.HabitOwnInfo.FaceSmug.IsChecked
0x0eefe1d2	Dot07
0x0eefe47e	Work/Data/ClothModelParam/ClothShoesAnimalAnimalSlipper.data__ClothModelParam.gyml
0x0ef382a3	ClothTopsTshirtSleevelessTraining
0x0ef8ed1c	ObjCandy00_Shelf
0x0f008365	HairSideFront_B
0x0f009056	Work/Data/ClothParam/ClothShoesSandalJelly.data__ClothParam.gyml
0x0f012cb7	ObjTreeBroadleaf_01
0x0f10abef	VacantLand_2x2_Low
0x0f14c7b4	Player.InteriorRoomStyleInfo.WoodBoard06
0x0f14f629	City
0x0f1a5251	Childcare.Pending.HabitOwnInfo.BreakGas.IsChecked
0x0f1f5942	ClothTopslongAlongHalfSaree
0x0f2130f3	Invite_OnesideLove_From
0x0f21c677	ClothAllMonsterLongDinosaur
0x0f26a494	Player.HabitInfo2.StandAffected.IsNewlyOwned
0x0f271147	Player.InteriorRoomStyleInfo.Candy02.IsNewlyOwned
0x0f287d4c	Player.InteriorRoomStyleInfo.Game01
0x0f29b0a0	Rain
0x0f2c3035	Player.InteriorRoomStyleInfo.Triangle02.KeyHash
0x0f2c9e9d	MiiEvent_Event0006CH
0x0f2ca6c5	Player.InteriorRoomStyleInfo.Horror00.IsNewlyOwned
0x0f321e68	ClothBottomsPantsLongSweatPants
0x0f37ab97	ObjMonitor00_StandLight
0x0f3a3922	NoGroup_Event0026FL
0x0f3a7f29	Work/Data/ClothParam/ClothHeadwearGlassEye.data__ClothParam.gyml
0x0f4088a5	Player.InteriorRoomStyleInfo.MultiDot01.InformedNewRelease
0x0f4469cc	Player.InteriorRoomStyleInfo.Damask03.FirstObtainedSec
0x0f4c746c	Work/Data/ClothModelParam/ClothTopslongUgcDressHalf.data__ClothModelParam.gyml
0x0f4ed3ff	HouseOneRoomDeck
0x0f581f56	Childcare.Pending.HabitOwnInfo.BlinkLot.IsChecked
0x0f5dd06a	Domeroof
0x0f60692e	Player.InteriorRoomStyleInfo.Formula01.State
0x0f640218	FoodAndGoods02
0x0f64eb96	Trouble_HungryConfectionery_Failure
0x0f695e07	Mii.Belongings.HabitOwnInfo.StomachBig.IsOwn
0x0f6b7275	Demo
0x0f757683	Player.GoodsInfo2.Parrot.IsNewlyOwned
0x0f76a3c4	EmotionTelopChatDarkSitOnTheBench
0x0f773329	Work/Data/ClothModelParam/ClothSocksMonster.data__ClothModelParam.gyml
0x0f783207	E
0x0f80782c	Mii.MiiMisc.EatInfo.RankedFoodId
0x0f85a2c2	Mii.Belongings.RoomStyleInfo.Flag.Marble00
0x0f891e90	Work/Data/CoordinateAttribute/Coordinate0007.data__CoordinateAttribute.gyml
0x0f8bdd29	ClothTopsTshirtHalfFestival
0x0f945e32	DemoPR000095Goods00
0x0f96c18a	Childcare.Reserve.BirthTime
0x0f9758c9	Player.InteriorRoomStyleInfo.SF02.State
0x0f99aa6a	AskFavoriteMiiTypeToOnesideLover
0x0f9a1b74	Alebrijes
0x0f9d0174	Id_b
0x0fa4fba1	Player.HabitInfo2.StandShy.IsNewlyOwned
0x0fa810d8	TroubleKnownOneSideLoveGenerate
0x0fa8f2df	Work/Data/ClothParam/ClothSocksShort.data__ClothParam.gyml
0x0fa98d6f	Mii.Belongings.HabitOwnInfo.FaceCloseEyes.IsOwn
0x0fb2b4bb	FacilityFamilyFerrisWheel_MeetingPlace
0x0fb9255d	Work/Data/ClothParam/ClothTopsYshirtLongSimple.data__ClothParam.gyml
0x0fb98f40	Player.InteriorRoomStyleInfo.Stadium02
0x0fc4dae6	ObjHedge_01
0x0fcb2a3d	Mii.MiiMisc.EatInfo.LastFoodGiveTime
0x0fd5f213	PetFeature
0x0fd89a62	House.RoomStyleInfo.Flag.Training00
0x0fdb1ad9	Player.InteriorRoomStyleInfo.Heaven00
0x0fe0afb0	Canvass
0x0fe21295	Player.InteriorRoomStyleInfo.BigFlower01.IsNewlyOwned
0x0fe2ec4e	Work/Data/ClothParam/ClothTopslongMuscleLongMuscle.data__ClothParam.gyml
0x0ff02f41	ItemDSLRCamera
0x10003201	EmotionTelopChatFervorSitOnFountain
0x10004615	Event0036FL
0x10023517	Player.InteriorRoomStyleInfo.Otaku00.OwnNum
0x100403c0	Player.InteriorRoomStyleInfo.HoneycombTile04.IsNewlyOwned
0x100ca0af	CatchBallAloneAgainstUGCObj.pp__Confluence__PageInfo
0x10117ed7	Player.InteriorRoomStyleInfo.SF00.LastObtainedSec
0x1012fabe	FacilityFerrisWheel_Entrance
0x10183920	Trouble_CoolDownOneSideLove_Success
0x10200370	Player.InteriorRoomStyleInfo.Triangle04.KeyHash
0x1021060e	Work/Confluence/PageInfo/HairBack016.pp__Confluence__PageInfo.gyml
0x10241ec6	ClothTopslongOverallHalfAmericanFootball
0x102b509c	Work/Confluence/PageInfo/HairAll042.pp__Confluence__PageInfo.gyml
0x102bb195	Work/Data/CoordinateClothInfo/Coordinate0302.data__CoordinateClothInfo.gyml
0x102d6f60	Mii.Belongings.HabitOwnInfo.FaceRaiseEyebrows.IsChecked
0x1035343a	ClothTopslongAlongLongPinafore
0x1035840f	Player.InteriorRoomStyleInfo.Field01.OwnNum
0x10390cee	Work/Confluence/PageInfo/HairAll091.pp__Confluence__PageInfo.gyml
0x103cc449	DemoDM104095
0x103fc832	Work/Data/ClothModelParam/ClothHeadwearOrnamentFrontBunny.data__ClothModelParam.gyml
0x104165bc	StainedGlass00
0x10453494	ClothAllMascotLongHorse
0x1047f0e0	DemoDM104091
0x10493e2e	Western
0x104d4eee	SmallFlower03
0x104d92dc	Work/Data/CoordinateClothInfo/Coordinate0091.data__CoordinateClothInfo.gyml
0x105184c3	Work/Confluence/PageInfo/HairAll056.pp__Confluence__PageInfo.gyml
0x10524b03	RoomDollHouseStairs
0x1053de31	Player.GoodsInfo2.LuckyCat
0x1053df72	Third
0x105c53dc	Work/Data/ClothModelParam/ClothAccessoryMufflerHeadphone.data__ClothModelParam.gyml
0x105feff3	Player.GoodsInfo2.BookhHistorical.State
0x10631cf8	Player.Region
0x10639119	Player.InteriorRoomStyleInfo.SF00.InformedNewRelease
0x1067e741	Player.GoodsInfo2.ScrubbingBrush
0x10691b93	Work/Data/CoordinateAttribute/Coordinate0120.data__CoordinateAttribute.gyml
0x1070798e	EmotionTelopChatSadSitOnTableBench
0x1078d5b8	ObjFenceLattice_04
0x107c8969	Work/Data/CoordinateClothInfo/Coordinate0209.data__CoordinateClothInfo.gyml
0x1084b53f	Player.GoodsInfo2.RadenAccessoryCase.LastObtainedSec
0x10851b1e	Coordinate0120
0x1089341f	Place_MapObj_ALL_Chat_raw
0x108fa884	Pajama_Nagomi
0x109a9445	Group_Event0024
0x109b2ba5	Player.InteriorRoomStyleInfo.BigFlower01.LastObtainedSec
0x109b98b0	Work/Data/CoordinateClothInfo/Coordinate0249.data__CoordinateClothInfo.gyml
0x109ca208	House.RoomStyleInfo.Flag.Candy01
0x109d828c	Core
0x109fb829	Childcare.Pending.HabitOwnInfo.GreetingNoble
0x10a05086	ObjFenceChain_07
0x10a698b8	Player.GoodsInfo2.CDGameMusic.IsNewlyOwned
0x10a78ff0	Hedge
0x10b28c48	ClothAccessoryBackTennisRacketCase
0x10b6de18	ClothAllCylinderLongCake
0x10bb2f88	SeasonalLiberationWinter
0x10c1c141	Childcare.Pending.HabitOwnInfo.FaceSmug.IsOwn
0x10c85d4d	Work/Data/ClothModelParam/ClothAccessoryWaistHorse.data__ClothModelParam.gyml
0x10cb2010	CoinSilver
0x10d1002b	Work/Data/ClothParam/ClothTopsTshirtLongLayer.data__ClothParam.gyml
0x10d301af	Work/Data/ClothModelParam/ClothAccessoryBagDinosaur.data__ClothModelParam.gyml
0x10dd63c3	Childcare.Pending.HabitOwnInfo.GreetingVitality.IsOwn
0x10df698a	Work/Data/ClothModelParam/ClothAccessoryBackHeart.data__ClothModelParam.gyml
0x10e359a9	Player.HabitInfo2.WalkScurry.OwnNum
0x10e5388c	ClothHeadwearHatGuapimao
0x10e88f7b	Player.GoodsInfo2.Alien2.OwnNum
0x10e9d5c4	Work/Data/CoordinateClothInfo/Coordinate0262.data__CoordinateClothInfo.gyml
0x10ea4983	Event0022FL3
0x10ec9c0f	Player.HabitInfo2.StandStraight
0x10ed0c84	Work/Data/ClothParam/ClothAccessoryBagBear.data__ClothParam.gyml
0x10f052a1	Player.GoodsInfo2.KoalaStuffedToy.OwnNum
0x10f2faff	Work/Data/ClothParam/ClothTopslongAlongLongPinafore.data__ClothParam.gyml
0x10f7ee55	Stone
0x10f87b7e	Work/Data/CoordinateAttribute/Coordinate0081.data__CoordinateAttribute.gyml
0x10fa748d	Ohsho
0x10fbc93b	Work/Data/ClothModelParam/ClothAccessoryChestPearl.data__ClothModelParam.gyml
0x10fd95cb	Chicken
0x11066f30	Work/Data/ClothModelParam/ClothAllCostumeLongPumpkin.data__ClothModelParam.gyml
0x1106cead	Childcare.Pending.HabitOwnInfo.WalkSwagger
0x11071cd2	SitInAfSource
0x11103cf6	Player.InteriorRoomStyleInfo.Wrestling00.LastObtainedSec
0x1116f5d8	ObjFireworksAerial_01
0x111d0e77	Work/Data/CoordinateAttribute/Coordinate0101.data__CoordinateAttribute.gyml
0x1124095d	Mii.MiiMisc.ClothInfo.Topslong.ColorIndex
0x11266279	Japanese03
0x11294e5e	LvUPGoods_Yoga_House_raw
0x112c45e9	BookRiddle
0x112e2da9	Trouble_Dummy_Failure
0x11399a3f	Player.InteriorRoomStyleInfo.Dog00.KeyHash
0x113dd0cb	Work/Confluence/PageInfo/HairBack021.pp__Confluence__PageInfo.gyml
0x11419ce2	MiiEvent_Event0022CH2
0x1142e8b4	Sound_09
0x114325df	Work/Data/ClothModelParam/ClothBottomsPantsWideDotHalf.data__ClothModelParam.gyml
0x1144d3f4	Mii.Belongings.HabitOwnInfo.StandToeOut.IsOwn
0x11454eb2	TypeB
0x11455c83	Work/Data/CoordinateAttribute/Coordinate0269.data__CoordinateAttribute.gyml
0x1146a0c9	Player.InteriorRoomStyleInfo.Labo00.State
0x11473a98	Market
0x11488311	TroubleFriendCupid
0x114eff89	UGC.SuspendMii.CharInfoEx
0x114f8d1f	Work/Data/ClothParam/ClothBottomsSkirtBoxMouton.data__ClothParam.gyml
0x11597d3a	ConfessionFailureRevenge
0x115dce45	EmotionTelopChatDarkSitOnTheGround
0x11626c89	ItemSundae
0x116cb5cd	Place_MapObj_Seesaw_NotChat_raw
0x116db462	EatWild
0x116e7ff9	Cardboard00
0x11785cc4	Player.GoodsInfo2.Frog.LastObtainedSec
0x117dd54e	MaleFemale
0x117e6642	Player.HabitInfo2.EatWild.LastObtainedSec
0x1182aa0b	Work/Data/CoordinateAttribute/Coordinate0178.data__CoordinateAttribute.gyml
0x1186f2ec	Player.GoodsInfo2.WickerBasket.OwnNum
0x11889011	Childcare.Pending.HabitOwnInfo.WalkNoSwinging.IsChecked
0x11890a2e	Mii.Belongings.RoomStyleInfo.Flag.StarPrint02
0x118ab01d	Player.GoodsInfo2.NailPolish
0x118d621c	ObjThrone_01
0x11923c79	Player.InteriorRoomStyleInfo.Antarctic00.KeyHash
0x11964275	ObjFenceStake_07
0x11964de9	Player.InteriorRoomStyleInfo.Camouflage02.KeyHash
0x11996629	Player.BirthDay.BirthDay_Year
0x119c44ca	Player.InteriorRoomStyleInfo.Bathroom02.KeyHash
0x119f0b08	LvUPGoods_NotePC_House_LDKCarpet_raw
0x11a9c8bb	Player.GoodsInfo2.Spirit.IsNewlyOwned
0x11aa179a	Player.GoodsInfo2.Daphnia.LastObtainedSec
0x11ab2efe	Normal-Good-Careless-Deject
0x11ab2f68	Work/Data/ClothParam/ClothHeadwearMaskCrow.data__ClothParam.gyml
0x11ad7b5e	ClothHeadwearHatUgcKnit
0x11b1aa35	HouseDollHouseDecoFrontIcon
0x11b35484	ToAfSourcesRandomPositionInFreeSpace
0x11b3977b	AllTable
0x11be9c66	LipType
0x11cff18c	GridX
0x11d13367	Trouble_Proposal_Success
0x11d37558	MiiEvent_Event0023FL
0x11d99bbc	Player.GoodsInfo2.Kettle
0x11d9beff	Player.GoodsInfo2.MahjongTile.IsNewlyOwned
0x11e1a16e	InvitingGroupDemo_DemoDM104084
0x11e33d78	ClothTopsYshirtLongGaudy
0x11e37381	Trouble_GoodsSurprise_Success
0x11e7121c	Work/Data/CoordinateClothInfo/Coordinate0328.data__CoordinateClothInfo.gyml
0x11eaa1bd	UGC.FacePaint.PlayerNameRegionLanguageID
0x11f1d4dc	Group_Event0022_3
0x11f40bb1	ClothShoesSandalSchool
0x1203e946	Player.InteriorRoomStyleInfo.Damask02.LastObtainedSec
0x1205301e	StandType
0x12053c29	Player.InteriorRoomStyleInfo.SmallFlower05.KeyHash
0x12064682	Work/Data/ClothParam/ClothBottomsSkirtMiniDenimMini.data__ClothParam.gyml
0x120d5fb2	TreasureGameEmotionTelopChatScarySitOnSofa
0x12138e2c	Player.GoodsInfo2.CrystalBall.IsNewlyOwned
0x12148738	Work/Data/ClothModelParam/ClothTopsLace.data__ClothModelParam.gyml
0x12154e45	Childcare.Pending.HabitOwnInfo.StandRestless.State
0x1224bb07	DemoPR000043
0x1224fff5	Player.InteriorRoomStyleInfo.WesternStyle00.LastObtainedSec
0x1226c846	Work/Data/ClothParam/ClothTopsCoatLongLeather.data__ClothParam.gyml
0x12298caa	Player.InteriorRoomStyleInfo.Stadium00.FirstObtainedSec
0x1229d0b6	Player.GoodsInfo2.Kettle.IsNewlyOwned
0x122a486c	ObjNewlife00_Mirror
0x122a7d23	Sand
0x122cce2f	Coordinate0110
0x122e952b	DemoSB005013
0x124249b7	Work/Data/Destination/DemoArea/FacilityFamilyRestaurant_Entrance.data__destination__DemoArea.gyml
0x124d1704	Work/Data/ClothModelParam/ClothHeadwearMaskHockey.data__ClothModelParam.gyml
0x124e9237	Work/Data/CoordinateAttribute/Coordinate0273.data__CoordinateAttribute.gyml
0x124f9bb9	House.RoomStyleInfo.Flag.Sloppy00
0x1252034f	Player.InteriorRoomStyleInfo.Garage01.OwnNum
0x1263deb6	DiningTableDrink
0x1275b19b	ClothHeadwearCostumeFrog
0x127bfb12	Mii.Belongings.HabitOwnInfo.FaceLousy.IsChecked
0x127d6b9a	HairFrontFromTail_M
0x1281bb65	Liberation.SeasonInfo.IsBuildingLifted
0x128377b0	CheckCameraToParticipants
0x128c5c75	MiiEvent_Event0005FL
0x128cba11	Natural01
0x128e234c	Work/Data/ClothModelParam/ClothAllMascotLongCat.data__ClothModelParam.gyml
0x129970ae	TreasureGoods_Record_House_Irritate
0x12a9e8ab	Player.InteriorRoomStyleInfo.Marble00.LastObtainedSec
0x12aacc73	Work/Data/CoordinateClothInfo/Coordinate0332.data__CoordinateClothInfo.gyml
0x12ab8fc0	Game01
0x12ad108e	FacilityItemShopCurtainL
0x12adb21e	TreasureRecordEmotionTelopChatDifficultSpeech
0x12b19258	MessageGame
0x12b30660	Sound_08
0x12b41de9	Work/Confluence/PageInfo/HairAll005.pp__Confluence__PageInfo.gyml
0x12b4409b	ItemRemoteControlTV
0x12b5fc06	EmotionTelopChatFervorSitKnittingOnFountain
0x12b720f1	Work/Data/CoordinateClothInfo/Coordinate0184.data__CoordinateClothInfo.gyml
0x12bea4c9	Work/Data/CoordinateAttribute/Coordinate0019.data__CoordinateAttribute.gyml
0x12c3847d	MiiEvent_Event0030FL
0x12ce5421	Starprint00
0x12d15f4a	Work/Data/ClothModelParam/ClothTopsOuterLongCowichan.data__ClothModelParam.gyml
0x12d2b353	Work/Data/ClothParam/ClothTopslongOverallLongOverallDenim.data__ClothParam.gyml
0x12dacfd2	House.RoomStyleInfo.Flag.Stage00
0x12e1d349	Player.GoodsInfo2.GameAction
0x12e2d814	Work/Data/ClothModelParam/ClothShoesStandardDefault.data__ClothModelParam.gyml
0x12eaa64c	EmotionTelopChatSurpriseSitOnTheFerrisWheelEntrance
0x12ed8d6b	Player.InteriorRoomStyleInfo.Candy02.LastObtainedSec
0x12f3049a	Work/Data/ClothModelParam/ClothTopslongAlongHalfSaree.data__ClothModelParam.gyml
0x12f5f096	Coordinate0193
0x12fbb3ae	ClothShoesFinDivingFins
0x12fd79ba	ObjStuffed00_StuffedA
0x12fe2afb	Trouble_HungryOily_Success
0x13005030	Work/Data/ClothModelParam/ClothHeadwearOrnamentSidePin.data__ClothModelParam.gyml
0x1303692e	Work/Data/CoordinateAttribute/Coordinate0198.data__CoordinateAttribute.gyml
0x13073cb3	Player.GoodsInfo2.TinToy.LastObtainedSec
0x130c62d1	Work/Data/ClothModelParam/ClothSocksLaceStocking.data__ClothModelParam.gyml
0x1315e83c	Player.GoodsInfo2.MapleSyrupSamplingPort.State
0x131b7395	ClothSocksFrilled
0x131d6102	Work/Data/ClothModelParam/ClothTopslongOverallLongCatcher.data__ClothModelParam.gyml
0x1321ad03	TreasureAnythingEmotionTelopChatNoFeaturesSpeech
0x1324daa8	IslandEditTutorial00
0x13261748	UGC.Goods.OwnNum
0x132928a2	Mii.Belongings.RoomStyleInfo.Flag.WoodBoard02
0x132d68d9	NotOneSideLove
0x1330e081	Player.HabitInfo2.Chicken
0x13364a8b	Mii.Belongings.HabitOwnInfo.FaceOpenEyes.State
0x13383b70	ClothAccessoryBackRose
0x133d72f8	Trouble_IslandEditRoadToMii_Success
0x13414e3b	ClothTopslongAlongLongFlower
0x134a22de	Childcare.Pending.HabitOwnInfo.FaceSmile.IsOwn
0x13516319	Place_MapObj_Parasol_withLovers_raw
0x1351a433	Player.InteriorRoomStyleInfo.HoneycombTile03.LastObtainedSec
0x135cc1c2	Mii.Belongings.RoomStyleInfo.Flag.Marble01
0x136c38b8	MinigameGroup
0x136e4caf	Work/Data/ClothParam/ClothBottomsPantsWideJerseyHalf.data__ClothParam.gyml
0x136ea749	Work/Confluence/PageInfo/HairAllLegacy006.pp__Confluence__PageInfo.gyml
0x1371b3a8	Player.GoodsInfo2.BaseBall.IsNewlyOwned
0x137c5aee	Work/Data/CoordinateAttribute/Coordinate0093.data__CoordinateAttribute.gyml
0x138038da	Player.InteriorRoomStyleInfo.LightStick07.State
0x13809d4a	ClothAllBodySuitLongSeaweed
0x138436f0	Work/Data/ClothParam/ClothHeadwearFullmaskPumpkin.data__ClothParam.gyml
0x1384d84b	ObjLanternSakura_02
0x13855425	Goal_0
0x138cb2ec	MiiEvent_Event0022CH
0x139919ce	Making
0x13997e13	ItemBat_Demo
0x139f1425	LightStick05
0x13a1c6e4	Trouble_IntroductionFirstInterior_Failure
0x13a5ec46	ItemParty00_Demo_BalloonB
0x13a70d1c	Work/Data/ClothModelParam/ClothHeadwearMaskPrintMask.data__ClothModelParam.gyml
0x13b38ed2	Mii.Belongings.RoomStyleInfo.Flag.Stuffed01
0x13b462bf	Work/Data/ClothModelParam/ClothTopsOuterLongCollege.data__ClothModelParam.gyml
0x13b9da82	Player.InteriorRoomStyleInfo.BigFlower03
0x13bb1059	ObjBrooklyn00_WallDecoS
0x13bbcbac	Work/Data/CoordinateAttribute/Coordinate0154.data__CoordinateAttribute.gyml
0x13c0ce32	ClothHeadwearHatSoftcream
0x13c88ab6	Player.InteriorRoomStyleInfo.Candy00
0x13dcea79	Player.InteriorRoomStyleInfo.Grassland00.OwnNum
0x13de36b3	Mii.Belongings.HabitOwnInfo.BreakGas.State
0x13dec6e1	Work/Data/ClothModelParam/ClothHeadwearFullmaskSkull.data__ClothModelParam.gyml
0x13dee874	NoGroup_Event0028CH
0x13e12f9d	ClothTopsOuterLongGradation
0x13e80b00	Player.GoodsInfo2.Kettle.LastObtainedSec
0x13e9bc70	ObjSignboardTutorial_look
0x13eac12f	Toilet
0x13eef76d	Work/Data/ClothParam/ClothAccessoryNeckWoodBeads.data__ClothParam.gyml
0x1408bcab	Work/Data/ClothParam/ClothBottomsSkirtLongGradation.data__ClothParam.gyml
0x1409d901	Mii.Belongings.RoomStyleInfo.Flag.BigFlower03
0x140f9e52	Player.InteriorRoomStyleInfo.Train00.OwnNum
0x141162f9	Player.InteriorRoomStyleInfo.Bathroom03
0x1411ddb8	Player.GoodsInfo2.CircleOfWisdom.IsNewlyOwned
0x1411f797	Road
0x141aae8b	DemoChatCoupleBad
0x141ee086	Mii.Voice.Speed
0x142327ba	ObjSloppy00_FloorDecoLDKB
0x142c8b5a	Work/Confluence/PageInfo/HairAll023.pp__Confluence__PageInfo.gyml
0x142fb459	Player.GoodsInfo2.Rabbit.State
0x1432d7b6	Japanese01
0x14344ec0	Childcare.Pending.HabitOwnInfo.StandStraight
0x143ea7fd	Pet00
0x143f32d9	ObjJackOLantern_02
0x1442990a	Work/Data/CoordinateAttribute/Coordinate0052.data__CoordinateAttribute.gyml
0x1443027d	EruptingFireWork
0x14479ad1	Work/Data/ClothParam/ClothTopsOuterLongYumekawaParka.data__ClothParam.gyml
0x1447be0a	Work/Data/ClothModelParam/ClothTopsCoatLongAcademic.data__ClothModelParam.gyml
0x1448c146	Work/Data/ClothParam/ClothTopslongDressSleevelessFigure.data__ClothParam.gyml
0x1448c36f	Player.InteriorRoomStyleInfo.Garage01.InformedNewRelease
0x14496e72	Player.InteriorRoomStyleInfo.Stuffed00.FirstObtainedSec
0x144c3288	Player.InteriorRoomStyleInfo.SFX01.OwnNum
0x145aef44	Player.InteriorRoomStyleInfo.Book01.InformedNewRelease
0x146139f8	Introduction
0x146aef65	ClothTopslongAlongHalfRumba
0x1470e86a	Kids02
0x1473050f	Player.GoodsInfo2.NotePc.State
0x147385f0	Player.InteriorRoomStyleInfo.Garage05
0x14739dec	Branch_Event0006FL_OnesideLove
0x147686ab	Player.InteriorRoomStyleInfo.Triangle04.State
0x1477cb28	Work/Data/ClothModelParam/ClothTopsOuterLongSimpleSweater.data__ClothModelParam.gyml
0x1479d9a9	Misc_EmotionTelopChatFerrisWheelEntrance
0x147cb0d9	Player.GoodsInfo2.Capybara
0x1483b89f	FacilityRestaurantRoot
0x148741e3	Player.InteriorRoomStyleInfo.Nobility01.OwnNum
0x148a5882	DashClashFallInLoveFirstSight3Change
0x148b92d3	Player.MarketUpdateInfo.LastUpdateTime
0x1492f519	DVD
0x14933ca0	Work/Data/ClothModelParam/ClothAccessoryWaistTiger.data__ClothModelParam.gyml
0x149390f2	LeadingChatForOtherOnGroupAction
0x1493a037	MiiEvent_Event0045CH
0x1496e3f5	ObjSwingRider_Out
0x14983418	ClothHeadwearMaskCrow
0x149a8ace	UgcFloorMaterialType
0x149fe2e6	Work/Data/ClothModelParam/ClothHeadwearHatDiner.data__ClothModelParam.gyml
0x14a511cf	LvUPGoods_Guitar_Outdoor_Deject
0x14a5ceef	PushUp
0x14aac821	Work/Data/ClothParam/ClothHeadwearHatCrown.data__ClothParam.gyml
0x14b47a54	Work/Data/ClothModelParam/ClothHeadwearCostumeHotdog.data__ClothModelParam.gyml
0x14b4d595	IslandType
0x14ba02a1	Work/Confluence/PageInfo/HairAll104.pp__Confluence__PageInfo.gyml
0x14ba8d70	Player.InteriorRoomStyleInfo.NeonSign00.InformedNewRelease
0x14baa344	Work/Data/ClothParam/ClothTopsYshirtLongRetroCheck.data__ClothParam.gyml
0x14bca9cc	Work/Data/ClothParam/ClothTopsYshirtLongBowtieBlouse.data__ClothParam.gyml
0x14bd2e7c	Group_Event0047
0x14bd3b11	LvUPGoods_Training_Dumbell_Outdoor
0x14c30012	Player.InteriorRoomStyleInfo.Abduction00.KeyHash
0x14c4064b	Work/Data/ClothModelParam/ClothBottomsPantsWidePatch.data__ClothModelParam.gyml
0x14ccb11c	ItemDonut
0x14d0c01e	Place_MapObj_Bonfire_withLoversOnly_raw
0x14d1ac7d	Antique00
0x14d670c9	Mii.Belongings.HabitOwnInfo.GreetingTypeNoting
0x14d8a60c	Work/Data/Destination/ActionPoint/RoomBed_Center.data__destination__ActionPoint.gyml
0x14dc45ed	ClothAllCupLongLatte
0x14de08b8	WearingCloth
0x14e09387	NoGroup_Event0001FL
0x14e74ba6	Player.InteriorRoomStyleInfo.BigFlower03.FirstObtainedSec
0x14e9f97b	Work/Data/ClothParam/ClothTopslongDressLongClassic.data__ClothParam.gyml
0x14f93f2f	Player.InteriorRoomStyleInfo.Otaku03.State
0x14f95700	DemoPR000021
0x14fd3571	Mii.Belongings.HabitOwnInfo.GreetingVitality.IsOwn
0x1502089c	Mii.Belongings.HabitOwnInfo.TakeItOutOnObject
0x1503da9e	Work/Data/ClothModelParam/ClothTopsTshirtLongVneck.data__ClothModelParam.gyml
0x150911f9	Work/Data/CoordinateAttribute/Coordinate0301.data__CoordinateAttribute.gyml
0x150b7268	House.RoomStyleInfo.Flag.Nobility02
0x150f04f8	MiiEvent_Event0000FL
0x15142dc2	WakeUpTime
0x151aef01	FoodShopDailyItem
0x1522960c	TreasureRecordEmotionTelopChatDifficultAtLivingFloorSpeech
0x15233299	PlaySeasideGroup
0x15242b77	Player.InteriorRoomStyleInfo.Book00.LastObtainedSec
0x15242d4d	Player.GoodsInfo2.Pig.IsNewlyOwned
0x15259a57	AIKarate
0x152cfb2d	Work/Data/CoordinateAttribute/Coordinate0248.data__CoordinateAttribute.gyml
0x152df104	GamePuzzle
0x1535dc10	Work/Data/CoordinateAttribute/Coordinate0236.data__CoordinateAttribute.gyml
0x1538b979	DemoDM104092
0x153d19ab	Player.GoodsInfo2.Turtle.IsNewlyOwned
0x1540c5de	Player.InteriorRoomStyleInfo.Street00
0x15411b7b	Player.InteriorRoomStyleInfo.Lace01.FirstObtainedSec
0x1544aa12	Monitor
0x154799e2	Work/Data/ClothModelParam/ClothHeadwearHatColorCap.data__ClothModelParam.gyml
0x154ae49f	MiiEventOnFocusLeadingMiiCount
0x1550cccf	Good02
0x1559587b	NoseChild
0x1568b0b6	Work/Data/CoordinateAttribute/Coordinate0275.data__CoordinateAttribute.gyml
0x1571a206	Mii.MiiMisc.ClothInfo.Tops
0x15749413	Damask02
0x15780b30	Work/Data/ClothModelParam/ClothAllCostumeLongSheep.data__ClothModelParam.gyml
0x157b09b8	FoodKey
0x158b41b7	Work/Data/ClothParam/ClothHeadwearHatSailor.data__ClothParam.gyml
0x15969abd	ClothTopsYshirtLongKungfu
0x1597e469	MiiEvent_Event0022CH3
0x159e8e84	Player.GoodsInfo2.DarumaDrop.LastObtainedSec
0x15a459cc	ItemPaintbrush
0x15aea81d	Mii.MiiMisc.ClothInfo.BottomsA.KeyHash
0x15aee6c2	House.RoomStyleInfo.Flag.Fruit05
0x15b28087	UGC.Cloth.IslandName
0x15b8094a	Player.InteriorRoomStyleInfo.Marble00.FirstObtainedSec
0x15bb3c17	ClothTopsTubetop
0x15bfee86	Player.GoodsInfo2.JomonPottery.IsNewlyOwned
0x15c3cdd2	Pearl
0x15c5ff33	House.RoomStyleInfo.Flag.Garage00
0x15c875fa	Farm
0x15ca1f12	Mii.Belongings.RoomStyleInfo.Flag.Fruit01
0x15d702eb	ReformLooksGood
0x15d94947	House.RoomStyleInfo.Flag.Strata00
0x15d9cf75	Childcare.Pending.HabitOwnInfo.TakeItOutOnObject.State
0x15dc3b13	FacilityFamilyRestaurant_BreakupPlace2
0x15e70f85	Player.InteriorRoomStyleInfo.Asianresort01.IsNewlyOwned
0x15e87be4	Work/Confluence/PageInfo/HairAll065.pp__Confluence__PageInfo.gyml
0x15e8fe90	Work/Data/ClothParam/ClothHeadwearProtectorAmericanfootball.data__ClothParam.gyml
0x15ec9979	EffectOnly
0x15ee1f37	Mii.Belongings.RoomStyleInfo.Flag.Stadium02
0x15f4964a	House.RoomStyleInfo.Flag.StainedGlass02
0x15f733c9	ClothAllCostumeLongEggplant
0x15f7583d	Player.InteriorRoomStyleInfo.Heart04.LastObtainedSec
0x15feef9a	Player.GoodsInfo2.JoggingSet.LastObtainedSec
0x15ffe5dc	Work/Data/ClothModelParam/ClothAllMascotLongArmor.data__ClothModelParam.gyml
0x1606f2a4	SFX00
0x1614ceb9	MapObject.MapObjectMisc
0x16227c50	UGC.Exterior.TextureSourceType
0x16249a1d	Work/Data/ClothModelParam/ClothHeadwearMaskPlain.data__ClothModelParam.gyml
0x162c8f5e	Work/Data/CoordinateClothInfo/Coordinate0146.data__CoordinateClothInfo.gyml
0x16313d30	StyleGroup_Snow00
0x16348869	LvUPGoods_NotePC_House_Irritate
0x163722ba	Work/Confluence/PageInfo/HairAllLegacy041.pp__Confluence__PageInfo.gyml
0x163c6ed0	Stuffed03
0x1640ede7	HostIOUgcBc1
0x16449d89	NaturalFloor04
0x16459add	Work/Data/ClothModelParam/ClothAccessoryBackTennisRacketCase.data__ClothModelParam.gyml
0x164949ae	Player.InteriorRoomStyleInfo.Minimul06.IsNewlyOwned
0x164adb13	Work/Data/ClothModelParam/ClothHeadwearHatTrilby.data__ClothModelParam.gyml
0x164f9e89	Work/Data/ClothModelParam/ClothHeadwearHatSimpleCap.data__ClothModelParam.gyml
0x16503a9e	ObjLanternSakura_03
0x165532e1	ShopPaidMoneyTotal
0x1655d96d	Work/Confluence/PageInfo/HairBack038.pp__Confluence__PageInfo.gyml
0x165af889	High
0x165e2355	Work/Data/ClothModelParam/ClothShoesHighcutTrekking.data__ClothModelParam.gyml
0x165f7f81	Executer
0x1661e8d9	UGC.Cloth.IsEdit
0x1667f55f	Player.InteriorRoomStyleInfo.Sakura00.OwnNum
0x1668a6f6	DemoDM104092Field
0x166926ae	Work/Data/ClothModelParam/ClothTopslongOverallHalfAmericanFootball.data__ClothModelParam.gyml
0x166e10a3	Work/Data/ClothModelParam/ClothAllCostumeLongAvocado.data__ClothModelParam.gyml
0x16735d5c	EmotionTelopChatLoveAtRestaurant
0x16744483	Work/Data/ClothParam/ClothHeadwearHatPirate.data__ClothParam.gyml
0x16745698	ObjLovely00_Sofa
0x1678abd7	Player.InteriorRoomStyleInfo.Dot05.LastObtainedSec
0x1678d2db	Childcare.Pending.HabitOwnInfo.FaceSmug
0x16798f75	DemoPR000075
0x1680e2f4	ObjHedge_03
0x1681829c	Player.GoodsInfo2.Daphnia
0x168d4e3d	Work/Data/CoordinateClothInfo/Coordinate0107.data__CoordinateClothInfo.gyml
0x16905849	Mii.Belongings.HabitOwnInfo.StomachBig.IsChecked
0x16905ce1	ObjStepWood
0x16917810	Player.GoodsInfo2.Dice
0x169ad80d	ClothHeadwearFullfaceCyber
0x169cc016	Player.BondInfo.LotteryForGood
0x16a115fc	ObjFencePipe_06
0x16a13d81	Work/Data/ClothParam/ClothSocksMonster.data__ClothParam.gyml
0x16a184e4	ClothHeadwearHatSki
0x16a74936	FoodGoods_ExcludePet
0x16ae6eba	Know_Friend_NotFight
0x16b61e2a	House.RoomStyleInfo.Flag.Pirate00
0x16b6a2cc	Work/Data/CoordinateClothInfo/Coordinate0024.data__CoordinateClothInfo.gyml
0x16b6cc38	Childcare.Pending.HabitOwnInfo.GreetingShy
0x16b765fb	BubbleSet
0x16bc45b3	TopslongMediumSleeve
0x16bcd18a	ClothAllCostumeLongPig
0x16c0aa49	Work/Data/ClothParam/ClothAllMonsterLongDragon.data__ClothParam.gyml
0x16c3afd2	Player.InteriorRoomStyleInfo.Game00.IsNewlyOwned
0x16c4eba4	Player.InteriorRoomStyleInfo.Cemetery00.IsNewlyOwned
0x16c6d1d1	Work/Data/ClothModelParam/ClothAccessoryBagTravel.data__ClothModelParam.gyml
0x16c9588f	Player.GoodsInfo2.BlackTipReefShark.LastObtainedSec
0x16daabdf	ItemSundae_01
0x16e40814	Player.GoodsInfo2.Bouquet.State
0x16e6a0e8	Player.InteriorRoomStyleInfo.Midcentury00
0x16e7a631	Work/Data/ClothParam/ClothTopsTshirtLongVneck.data__ClothParam.gyml
0x16f90176	Sqrt
0x16fb9c3d	Work/Data/ClothParam/ClothAccessoryBackStaff.data__ClothParam.gyml
0x16fbf041	Player.GoodsInfo2.MahjongTile.LastObtainedSec
0x1701d183	ClothAllCostumeLongMushroom
0x170481a2	Player.InteriorRoomStyleInfo.Minimul05.InformedNewRelease
0x1704afa6	Work/Data/ClothParam/ClothTopslongOverallHalfAmericanFootball.data__ClothParam.gyml
0x17051bac	Work/Data/ClothModelParam/ClothBottomsUgcSkirtMini.data__ClothModelParam.gyml
0x170c850c	Work/Data/CoordinateAttribute/Coordinate0204.data__CoordinateAttribute.gyml
0x170e8154	Work/Data/ClothParam/ClothTopsCoatLongNoble.data__ClothParam.gyml
0x17100753	House.RoomStyleInfo.Flag
0x17133c16	ObjGuardrail_02
0x171582aa	TreasureBookEmotionTelopChatDifficultAtLivingFloor
0x17179018	Work/Data/CoordinateClothInfo/Coordinate0134.data__CoordinateClothInfo.gyml
0x171b675e	Player.GoodsInfo2.DVDLove.OwnNum
0x172efdd1	Stadium01
0x172f74a0	ItemGold00_Ornament_Demo
0x17345fd7	Player.GoodsInfo2.Axolotl.State
0x1734ef7b	Mii.Belongings.HabitOwnInfo.StomachBig
0x17392ebc	Mii.Belongings.HabitOwnInfo.StandProudly.State
0x173bb743	DemoPR000019
0x173c064a	Player.InteriorRoomStyleInfo.Fantasy01.IsNewlyOwned
0x174061f5	Player.InteriorRoomStyleInfo.Desert00.KeyHash
0x174219a8	Mii.Belongings.RoomStyleInfo.Flag.MovingBox00
0x1742bad6	Work/Data/ClothModelParam/ClothAccessoryMufflerFur.data__ClothModelParam.gyml
0x1748d1ae	Player.GoodsInfo2.SonohenNoIshikoro.OwnNum
0x174a4b6e	Player.InteriorRoomStyleInfo.Bathroom04.OwnNum
0x174e5831	Work/Data/ClothParam/ClothBottomsSkirtMiniStraw.data__ClothParam.gyml
0x17531e07	Work/Data/ClothModelParam/ClothAccessoryMufflerHero.data__ClothModelParam.gyml
0x17571c56	ObjCat00_CatScratcher
0x175a3e59	Player.InteriorRoomStyleInfo.LockerRoom02.FirstObtainedSec
0x175c3612	StyleGroup_Cemetery00
0x175c4723	LeadingChatKnow
0x1760500a	Work/Data/ClothModelParam/ClothShoesSneakerDad.data__ClothModelParam.gyml
0x1760dd4e	Work/Data/ClothModelParam/ClothAccessoryBackDragon.data__ClothModelParam.gyml
0x1766a68c	Work/Data/ClothParam/ClothTopslongKimonoLongRobe.data__ClothParam.gyml
0x176b9ae6	Player.InteriorRoomStyleInfo.Temple00.KeyHash
0x176c29eb	Mii.Feeling.Type
0x176df1c6	EmotionTelopChatDarkNotePCSpeechAtRoom
0x176e7ef7	Player.InteriorRoomStyleInfo.Fruit03.LastObtainedSec
0x17750bef	ClothTopslongSalopetteHalfSuspendersFormal
0x1778a76b	Player.GoodsInfo2.TrophyBronze.OwnNum
0x177bf49d	Player.InteriorRoomStyleInfo.BlueSheet00.OwnNum
0x177ca44d	DVDSF
0x1780cf78	Player.GoodsInfo2.SugarGlider.State
0x178870bf	Work/Data/ClothModelParam/ClothHeadwearHatFelt.data__ClothModelParam.gyml
0x1788a651	Player.InteriorRoomStyleInfo.LightStick05.State
0x17907ff8	Work/Data/ClothParam/ClothHeadwearCostumeRabbit.data__ClothParam.gyml
0x1790d070	Work/Data/Destination/ActionPoint/FacilityFamilyRestaurant_Center.data__destination__ActionPoint.gyml
0x179104ed	ObjTrafficLight_04
0x17954e76	AskPlayerFSNormal
0x1799c452	EmotionTelopChatSecretSitOnTableBench
0x179cefaa	TreasurePetEmotionTelopChatBlushSpeech
0x17a0415b	Player.InteriorRoomStyleInfo.Market00.InformedNewRelease
0x17a6ed8e	Work/Data/CoordinateAttribute/Coordinate0287.data__CoordinateAttribute.gyml
0x17a92baa	House.RoomStyleInfo.Flag.Candy00
0x17ad3f67	SmallFlower04
0x17bbcedb	Player.GoodsInfo2.Rose.State
0x17c7ea50	Mii.Belongings.RoomStyleInfo.Flag.Book02
0x17c99ab8	DVDHorror
0x17cdb51f	UGC.Editor
0x17cf0eda	Player.InteriorRoomStyleInfo.SF02
0x17d05e94	Player.InteriorRoomStyleInfo.Jail00.KeyHash
0x17da2c78	ObjParty00_GarlandN
0x17da9421	Work/Data/CoordinateClothInfo/Coordinate0117.data__CoordinateClothInfo.gyml
0x17efd633	Player.HabitInfo2.StandHandsFront
0x17f139ae	Coordinate0196
0x17f15f46	DropCurtain00
0x17f53c7b	Work/Component/DestinationInfo/FacilityPhotoStudio.actor__DestinationInfo.gyml
0x17f7cc2a	Player.GoodsInfo2.BookhHistorical
0x17f94bf7	Work/Data/CoordinateClothInfo/Coordinate0234.data__CoordinateClothInfo.gyml
0x17f98e37	ClothBottomsSkirtLongPatchwork
0x1802205b	Work/Data/Destination/ActionArea/RoomCarpet.data__destination__ActionArea.gyml
0x180629e3	ClothTopsOuterLongArmPrint
0x1809dbfe	TravelPlaceN006
0x180bc795	MiiEvent_Event0018CH
0x180f8ade	Work/Data/ClothParam/ClothTopsYshirtLongWork.data__ClothParam.gyml
0x181020b0	Work/Data/ClothParam/ClothTopslongDressSleevelessSatin.data__ClothParam.gyml
0x18129268	DirectionalInfo
0x18165bc0	Out
0x1819a593	Mii.Belongings.RoomStyleInfo.Flag.MonitorRoom00
0x181a80f0	Player.GoodsInfo2.BirdFeathers.IsNewlyOwned
0x181ddd5f	CannedSardines
0x1820f9ab	ClothTopsTshirtHalfSailor
0x1823adbd	Work/Data/ClothParam/ClothBottomsSkirtBoxTweed.data__ClothParam.gyml
0x182961d2	TreasureBookEmotionTelopChatImpressedAtLivingFloorSpeech
0x1829891b	Player.HabitInfo2.FaceWink
0x182fd3df	LocalUgcBc1
0x1832dd2c	ToAffordanceSourcesDirZPlusAngle
0x183503b7	ClothAccessoryBackClockwork
0x1835fdab	ObjTableBench_05
0x183f6bb8	ObjClassroom00_Lectern
0x18484058	Guitar
0x18516b06	StyleGroup_LightStick00
0x186448e4	Player.GoodsInfo2.Sandglass
0x186549bb	Year
0x18667789	Work/Data/ClothModelParam/ClothTopsOuterLongPatterned.data__ClothModelParam.gyml
0x186e6538	Work/Data/ClothParam/ClothAllCostumeLongKoala.data__ClothParam.gyml
0x18702da6	Player.InteriorRoomStyleInfo.SF00.IsNewlyOwned
0x1877a422	ClothTopsOuterLongWindbreaker
0x187a2034	Player.InteriorRoomStyleInfo.Lace00.LastObtainedSec
0x187a3191	Work/Data/CoordinateAttribute/Coordinate0211.data__CoordinateAttribute.gyml
0x188b770b	Trouble_Cloth2Quiet_Success
0x1891d836	Player.InteriorRoomStyleInfo.Heart00.OwnNum
0x189448da	Player.InteriorRoomStyleInfo.Sakura00.FirstObtainedSec
0x189bb11f	House.RoomStyleInfo.Flag.Field01
0x189e3b0e	LvUPGoods_Knitting_House_Irritate
0x18a612e0	Player.HabitInfo2.EatSmell
0x18ab3ed2	Work/Data/ClothParam/ClothShoesBootsShortStuds.data__ClothParam.gyml
0x18ac82fc	Coordinate0204
0x18b20f3c	Player.GoodsInfo2.FlySwatter.LastObtainedSec
0x18b2133e	ClothSocksTabi
0x18b5f125	Obje_Island
0x18bc0888	ObjFenceGuardpipe_07
0x18bcc32f	ClothTopslongBoxDressLongBubbly
0x18bcfe49	Mii.Belongings.RoomStyleInfo.Flag.Classroom01
0x18c416de	ObjStreetLamp_04
0x18c6aed5	ClothShoesBootsLongWrestling
0x18c9cdc4	GroupAction_KnowAndMore
0x18d1897d	Player.HabitInfo2.StandAffected.LastObtainedSec
0x18d534f0	Player.InteriorRoomStyleInfo.Wedding03.OwnNum
0x18d6131f	Player.GoodsInfo2.CDAnimeSong
0x18dc39f1	Player.GoodsInfo2.DuraluminCase.IsNewlyOwned
0x18e0a091	Player.InteriorRoomStyleInfo.Dilapidated00.IsNewlyOwned
0x18e69cf6	WalkFloat
0x18ef8bb1	Mii.MiiMisc.SleepInfo
0x18fa5f32	EmotionTelopChatLaughSitOnTerraceBench
0x18fbaa2f	Mii.Belongings.HabitOwnInfo.TakeItOutOnObject.IsOwn
0x1900e6b4	DemoPR000079
0x190918e0	Work/Data/ClothParam/ClothTopsYshirtLongWestern.data__ClothParam.gyml
0x190a25e4	Player.GoodsInfo2.TreasureMap.LastObtainedSec
0x190ec24d	Work/Data/ClothModelParam/ClothTopsMantleLongTailcoat.data__ClothModelParam.gyml
0x190ec587	Stadium02
0x19102bc0	Player.InteriorRoomStyleInfo.Heart03.State
0x1918f808	BrotherSisterOlder
0x191a0c00	Player.InteriorRoomStyleInfo.Dot04.FirstObtainedSec
0x191a17d7	ClothAccessoryBackSamba
0x191a2be0	ToAffordanceSourcesDirZ
0x192168ed	Work/Data/ClothModelParam/ClothSocksShort.data__ClothModelParam.gyml
0x1921811f	Work/Data/ClothModelParam/ClothShoesBootsShortNubuck.data__ClothModelParam.gyml
0x19224fba	House.ExteriorNextEmotionBallTime
0x19247c87	Pajama_Dry
0x19283876	Misc_MessageGame
0x192b4adf	Player.TroubleInfo
0x192be281	DashClashFallInLoveFirstSight3
0x19313427	ExpHeap
0x1931c5e8	Work/Data/CoordinateClothInfo/Coordinate0250.data__CoordinateClothInfo.gyml
0x1932db29	Player.BuildingInfo2.OwnNum
0x1944cfe1	MiiTouch
0x194516d7	Player.GoodsInfo2.Coral.IsNewlyOwned
0x194755d3	FirstPersonRegionLanguageID
0x194ae73e	Work/Data/CoordinateAttribute/Coordinate0107.data__CoordinateAttribute.gyml
0x194ec9d2	EmotionTelopChatDateWalkingGuitarShowAtRoom
0x19547dd6	MiiNews034
0x1959198a	Work/Data/ClothModelParam/ClothTopsYshirtLongGinghamCheck.data__ClothModelParam.gyml
0x195a67f5	Level
0x195b17fa	Work/Data/ClothModelParam/ClothTopsMantleLongViking.data__ClothModelParam.gyml
0x195d85ed	Work/Data/ClothModelParam/ClothHeadwearHatViking.data__ClothModelParam.gyml
0x1966a881	ClothTopslongAlineLongSanta
0x196c6cf5	CDJazz
0x196fb0df	Mii.Belongings.RoomStyleInfo.Flag.Japanese04
0x19705465	Work/Data/ClothParam/ClothTopsYshirtHalfCuba.data__ClothParam.gyml
0x197237e7	Mii.MiiMisc.SatisfyInfo.Meter
0x1977fbdd	Player.InteriorRoomStyleInfo.Fantasy02
0x1979c236	Work/Data/CoordinateClothInfo/Coordinate0069.data__CoordinateClothInfo.gyml
0x19862624	Work/Data/ClothParam/ClothHeadwearHatOutdoorBotanical.data__ClothParam.gyml
0x198c71c3	Trouble_Hungry_Success
0x198f6e81	Place_MapObj_Bench_WithLoversOnly_raw
0x1992a583	Player.GoodsInfo2.EmbroideredHandkerchief
0x1998ebf6	ObjMonitor00_Board
0x19a39056	ObjBonfire_05
0x19b00205	PlayTime
0x19b059a2	Work/Data/ClothModelParam/ClothShoesSandalGladiator.data__ClothModelParam.gyml
0x19bc9876	TreasureGameEmotionTelopChatNoFeaturesAtRoom
0x19c0ea41	EUnl
0x19c7cef7	EmotionTelopChatSurpriseSpeechCircle
0x19ca6d29	Work/Data/ClothModelParam/ClothBottomsSkirtLongDotMiddle.data__ClothModelParam.gyml
0x19d1c066	LvUPGoods_Guitar_House_Room_NotChat_raw
0x19d32042	TreasurePetEmotionTelopChatScaryAtLivingFloorSpeech
0x19d4270e	Sound_00
0x19d64de5	Work/Data/ClothModelParam/ClothHeadwearHatSanta.data__ClothModelParam.gyml
0x19d65ba9	Work/Confluence/PageInfo/HairAll077.pp__Confluence__PageInfo.gyml
0x19d91d0f	Work/Data/ClothModelParam/ClothAllUfoAlien.data__ClothModelParam.gyml
0x19de4855	Trouble_IslandEditObjectPlant_Success
0x19e36505	DemoPR000050
0x19e6a8a0	SoundEmitter
0x19e9700b	Strawberry
0x19eb967e	UGC.MapFloor.IslandName
0x19edd007	Work/Data/CoordinateAttribute/Coordinate0210.data__CoordinateAttribute.gyml
0x19f1ef00	ClothHeadwearCostumeSheep
0x19f403e5	Work/Data/ClothParam/ClothTopsCoatHalfGladiator.data__ClothParam.gyml
0x19f5faa0	Work/Data/ClothParam/ClothHeadwearHatBackHunting.data__ClothParam.gyml
0x19f6d939	TreasureBookEmotionTelopChatNoveltyAtLivingFloorSpeech
0x19f79b11	Player.InteriorRoomStyleInfo.Festival00.KeyHash
0x19fcec05	Work/Data/ClothParam/ClothTopsCoatLongNocollar.data__ClothParam.gyml
0x19fd22fa	FacilityFamilyRestaurantCounter
0x19fdaec0	ClothAllBodySuitLongHeavyMetal
0x1a024e91	Player.HabitInfo2.VoiceGloomy
0x1a04c34a	Player.GoodsInfo2.SoccerBall.State
0x1a063dba	BlackTipReefShark
0x1a081bec	ObjCardboard00_CardboardA
0x1a0ba8ee	Horror00
0x1a0d5eee	FirstBoot
0x1a0d89b4	Mii.Trouble.Info.TargetMapObject
0x1a1040d9	NoGroup_Event0036FL
0x1a1571c4	Trouble_ChallengeConfession_Failure
0x1a1f3c2e	ObjSnowman
0x1a23ebc9	House.InteriorNextEmotionBallTime
0x1a25eb5a	Player.InteriorRoomStyleInfo.Cage00.LastObtainedSec
0x1a28f494	GreetingOsu
0x1a29d8b4	DemoDM104082
0x1a319457	RankedFoodId
0x1a33480f	Childcare.Pending.HabitOwnInfo.GreetingTypeNoting.State
0x1a441414	Player.InteriorRoomStyleInfo.SF03.KeyHash
0x1a4479b6	Work/Data/CoordinateClothInfo/Coordinate0025.data__CoordinateClothInfo.gyml
0x1a4edf7b	NoGroup_Event0021CH
0x1a507f5b	Player.InteriorRoomStyleInfo.Shogun00
0x1a52c90a	Trouble_Cloth2Noticeable_Failure
0x1a55eead	Work/Data/ClothModelParam/ClothTopslongAlineHalfLinen.data__ClothModelParam.gyml
0x1a573364	Galaxy00
0x1a591dc6	ClothAccessoryChestBadgeAnimal
0x1a595274	Work/Data/ClothParam/ClothTopsMantleLongPhantomThief.data__ClothParam.gyml
0x1a5bbb1a	Player.GoodsInfo2.PigPiggyBank.OwnNum
0x1a6d3853	Work/Data/Destination/ActionPoint/SystemPrivateRoom_Center.data__destination__ActionPoint.gyml
0x1a6e12cc	Work/Data/CoordinateClothInfo/Coordinate0160.data__CoordinateClothInfo.gyml
0x1a7ca57d	InMyRoomOnly
0x1a848b6c	NightView00
0x1a87fd12	Goods_Baseball
0x1a892e50	Relation.Info.TypeSetTime
0x1a896e6d	Player.InteriorRoomStyleInfo.StarPrint02.InformedNewRelease
0x1a8976db	Work/Data/ClothParam/ClothHeadwearCoverBodySuit.data__ClothParam.gyml
0x1a89e1b5	Work/Data/CoordinateClothInfo/Coordinate0174.data__CoordinateClothInfo.gyml
0x1a8cd0db	Childcare.Setting.IsEnableChildbirth
0x1a8d00ce	ObjNobility00_CurtainW
0x1a931de5	DebugSitting
0x1a9728ae	Work/Data/CoordinateAttribute/Coordinate0161.data__CoordinateAttribute.gyml
0x1a976579	Player.GoodsInfo2.KokeshiDoll.State
0x1a999041	Coordinate0103
0x1a9c00fe	UGC.Goods.State
0x1a9efbb2	Misc_EmotionTelopChat_Outdoor_Deject
0x1aa39ac6	House.RoomStyleInfo.Flag.WesternStyle02
0x1aa3bc7e	Player.InteriorRoomStyleInfo.NeonSign00
0x1aa4b81f	Childcare.Pending.HabitOwnInfo.EatMouthful
0x1aa61de3	Shipboard
0x1aabc03e	Event0025FL
0x1aad74f6	Work/Data/ClothModelParam/ClothAllBodySuitLongFuture.data__ClothModelParam.gyml
0x1aaf1bc3	BirthDay_Day
0x1ab1a50c	Mii.MiiMisc.BondInfo
0x1abb3795	Locker02
0x1abc5633	Work/Confluence/PageInfo/HairFront008.pp__Confluence__PageInfo.gyml
0x1abc8e6f	NoGoodsDanceHere
0x1abd1de3	Trouble_GoodsSurprise_Failure
0x1ac8fc43	Work/Data/ClothModelParam/ClothTopsCoatHalfBigTee.data__ClothModelParam.gyml
0x1acd03d5	Highlight
0x1ace493e	Work/Data/ClothParam/ClothTopslongDressLongMaid.data__ClothParam.gyml
0x1ad08fe4	Work/Data/CoordinateAttribute/Coordinate0131.data__CoordinateAttribute.gyml
0x1ad1b47d	ObjBenchTerrace_05
0x1ad4e3d1	Player.InteriorRoomStyleInfo.Lace03.OwnNum
0x1ad505a1	Work/Data/ClothParam/ClothTopslongBoxDressLongJumper.data__ClothParam.gyml
0x1adda20f	House.RoomStyleInfo.Flag.Party06
0x1adea755	Billboard
0x1ae83795	Work/Data/ClothModelParam/ClothTopsTshirtLongRetro.data__ClothModelParam.gyml
0x1aedbcdd	Introduction.LectureInfo.ConductedCount
0x1af29055	Player.InteriorRoomStyleInfo.Field00.InformedNewRelease
0x1af3f352	ItemJuice_01
0x1afa4bdf	Work/Data/CoordinateAttribute/Coordinate0337.data__CoordinateAttribute.gyml
0x1afcfbc9	ClothTopslongAlongLongCheck
0x1afd4bb4	IsBuildingLifted
0x1afd5766	FaceRaiseEyebrows
0x1aff7f84	Trouble_DepressFight_Success
0x1b005454	Work/Data/CoordinateClothInfo/Coordinate0240.data__CoordinateClothInfo.gyml
0x1b00a522	OnesideLove2
0x1b074ed2	Parasol
0x1b075c6c	Misc_EmotionTelopChatLDKCarpet
0x1b0d2302	Player.HabitInfo2.FaceOpenEyes.LastObtainedSec
0x1b13b68c	TreasureMovieEmotionTelopChatScaryAtRoom
0x1b148eef	Mii.Belongings.RoomStyleInfo.Flag.SF04
0x1b23a0c0	Work/Data/ClothParam/ClothTopsYshirtHalfNurse.data__ClothParam.gyml
0x1b24b3f9	One
0x1b27cf3d	Work/Data/ClothParam/ClothTopsTshirtLongFrilled.data__ClothParam.gyml
0x1b28b170	UGC.MapObject.Hash
0x1b2cea11	ToAfSourceByReaching
0x1b2d7b46	Work/Confluence/PageInfo/HairFront001.pp__Confluence__PageInfo.gyml
0x1b2e06a2	Work/Data/ClothParam/ClothTopsYshirtLongRoomWear.data__ClothParam.gyml
0x1b2ff9ef	ObjJackOLantern_03
0x1b306dd7	Mii.Belongings.RoomStyleInfo.Flag.Asianresort00
0x1b322def	ItemFluteGlass
0x1b34ac5f	OverrideFloorStyleId
0x1b38c273	Work/Mii/EyeAccessoryParam/Eye040.mii__EyeAccessoryParam.gyml
0x1b4158a0	GuitarSchoolHere
0x1b439b97	Work/Data/ClothParam/ClothTopsOuterLongParka.data__ClothParam.gyml
0x1b503252	Player.InteriorRoomStyleInfo.Desert00
0x1b54f2c9	LvUPGoods_yoga
0x1b56b0a7	Childcare.Pending.HabitOwnInfo.LifeTimeNightOwl.State
0x1b57decc	Work/Data/CoordinateAttribute/Coordinate0310.data__CoordinateAttribute.gyml
0x1b5dea6b	Player.GoodsInfo2.DVDAction.LastObtainedSec
0x1b5f9360	ClothSocksShort
0x1b5f93dc	ClothTopslongAlongHalfLace
0x1b619fda	Childcare.Pending.HabitOwnInfo.EatSecretly.IsOwn
0x1b668ed0	Work/Data/CoordinateAttribute/Coordinate0059.data__CoordinateAttribute.gyml
0x1b6ca713	EntranceStage
0x1b6ce343	Main
0x1b6e75de	ClothAccessoryChestCameo
0x1b719e90	Trouble_Separate_Success
0x1b725e98	Player.InteriorRoomStyleInfo.MovingBox00.LastObtainedSec
0x1b766439	Introduction.FocusLeadingInfo.CounterMii
0x1b7c983c	EmotionTelopChatRelaxSitOnTableBench
0x1b7cf606	Work/Confluence/PageInfo/HairAll026.pp__Confluence__PageInfo.gyml
0x1b7ef59b	Player.InteriorRoomStyleInfo.Lace05.KeyHash
0x1b8122fe	Work/Confluence/PageInfo/HairAllLegacy129.pp__Confluence__PageInfo.gyml
0x1b8668d3	ClothColor
0x1b86bd71	ObjCountry00_Kitchen
0x1b8cab49	PutStyle
0x1b8cea2e	ClothShoesBootsLongLeather
0x1b8ee773	Player.InteriorRoomStyleInfo.Training00.InformedNewRelease
0x1b8f7475	BalloonTalkInfo
0x1b96fc41	ObjStreetLamp
0x1b9aa420	Work/Data/CoordinateAttribute/Coordinate0118.data__CoordinateAttribute.gyml
0x1b9d5ada	RoomDoorEntrance_LeftDoorKnobSub
0x1ba83c9b	Friend_NotFight
0x1ba91141	DailyCoordinateInfo
0x1bacd9ea	DemoPR000052
0x1bb1fd69	Work/Confluence/PageInfo/HairAllLegacy121.pp__Confluence__PageInfo.gyml
0x1bb29cb5	Mii.Trouble.Info.TargetPresetIndex
0x1bb5cecf	Work/Data/ClothParam/ClothTopsOuterLongAnimalBlouson.data__ClothParam.gyml
0x1bb6f3b8	ClothHeadwearCoverBodySuit
0x1bbc7450	MiiEvent_Event0029FL
0x1bbec6c0	ClothTopslongSalopetteLongDisco
0x1bca753b	ClothTopslongDressSleevelessColor
0x1bcbc8e2	Work/Data/ClothParam/ClothTopsYshirtLongDenim.data__ClothParam.gyml
0x1bcc92da	Player.InteriorRoomStyleInfo.HoneycombTile03.InformedNewRelease
0x1bccccec	ItemWeddingBouquet_01
0x1bd37590	DonationBoxLeft
0x1bd5857e	Mii.Belongings.HabitOwnInfo.VoiceGloomy.State
0x1be37049	Work/Data/ClothModelParam/ClothTopsUgcTshirtSleeveless.data__ClothModelParam.gyml
0x1beb1ec4	FacilityFamilyRestaurantDrinkCorner
0x1bebebb7	Work/Data/ClothModelParam/ClothTopsUgcTshirtHalfEasy.data__ClothModelParam.gyml
0x1bf3235f	Event0014CH
0x1bfb1569	Fruit04
0x1c077282	LookMapObject
0x1c0d567a	Work/Data/ClothModelParam/ClothTopsYshirtLongGaudy.data__ClothModelParam.gyml
0x1c10a83a	Work/Data/ClothModelParam/ClothShoesPumpsGlitter.data__ClothModelParam.gyml
0x1c141669	Work/Data/ClothModelParam/ClothSocksKneeSocks.data__ClothModelParam.gyml
0x1c14f4f9	BirthTime
0x1c17a40d	ClothBottomsPantsWideCamouflage
0x1c18f793	Work/Data/ClothParam/ClothTopsCoatLongTrench.data__ClothParam.gyml
0x1c1f9669	HandMirror
0x1c250467	Work/Data/ClothParam/ClothAllMascotLongCyber.data__ClothParam.gyml
0x1c29cb09	Work/Data/ClothModelParam/ClothTopslongAlongSleevelessMultiStripe.data__ClothModelParam.gyml
0x1c2e91ab	IsOccurredFocusLeadingDemo
0x1c2eceb3	ObjShowerOutdoor_06
0x1c2fadd1	MiiNews049
0x1c2fb3fb	Player.FloorInfo.KeyHash
0x1c353b9b	Work/Data/ClothParam/ClothBottomsPantsWideSlit.data__ClothParam.gyml
0x1c362772	StreetDanceCycleLDK
0x1c3d2ee5	Work/Data/ClothParam/ClothHeadwearHatMushroom.data__ClothParam.gyml
0x1c4027e4	TreasurePetEmotionTelopChatInterestingSitOnTheGround
0x1c4988c3	ClothHeadwearProtectorIceHockey
0x1c4a9c41	Work/Data/ClothModelParam/ClothAccessoryNeckNameplate.data__ClothModelParam.gyml
0x1c4cf926	Player.GoodsInfo2.CrownCap.LastObtainedSec
0x1c535dac	Mii.MiiMisc.ClothInfo.NextClothWantGameTime
0x1c53745c	Work/Data/ClothModelParam/ClothTopslongDressHalfAlpinist.data__ClothModelParam.gyml
0x1c555ff8	House.RoomStyleInfo.Flag.Triangle02
0x1c5f2268	Work/Data/ClothModelParam/ClothHeadwearFullmaskLucha.data__ClothModelParam.gyml
0x1c623001	Trouble_HungryRice_Success
0x1c627630	Trouble_GoodsCD_Failure
0x1c69c1d9	Player.GoodsInfo2.TrophyPlatinum.State
0x1c6a0e92	Player.InteriorRoomStyleInfo.WoodBoard01.InformedNewRelease
0x1c6b1f36	BookPhrase
0x1c73c247	ClothTopslongAlongHalfNegligee
0x1c7708c4	NextClothWantGameTime
0x1c7c9ee4	ClothTopslongBoxDressLongParka
0x1c819f50	Player.InteriorRoomStyleInfo.Grassland00.IsNewlyOwned
0x1c83f2e1	Napping
0x1c85da3e	Work/Data/ClothModelParam/ClothAllBodySuitLongMummy.data__ClothModelParam.gyml
0x1c8b1a24	Player.GoodsInfo2.CrystalBall
0x1c92b25b	Trouble_LiveTogetherQuestion_Success
0x1c93990f	ObjCountry00_Shelf
0x1c9e62e0	TreasureGameEmotionTelopChatScarySitOnTheGroundCircle
0x1ca093dc	StandOnRestaurantMeetingPlace
0x1ca1be4d	UGC.Goods
0x1cacb21b	Kitchen03
0x1cace476	Childcare.Pending.HabitOwnInfo.EatWild.State
0x1cb2fa32	UGC.MapObject.IslandNameRegionLanguageID
0x1cb9b886	Work/Confluence/PageInfo/HairParts005.pp__Confluence__PageInfo.gyml
0x1cbb9735	Event0013CH
0x1cbbf5f7	EasyH
0x1cc3f3b5	ObjFenceGuardpipe_04
0x1ccc5467	Player.InteriorRoomStyleInfo.Heart00.FirstObtainedSec
0x1cce67fd	Work/Data/ClothParam/ClothBottomsPantsWideOutdoor.data__ClothParam.gyml
0x1cd160ec	Work/Data/ClothModelParam/ClothBottomsPantsWideDenimHalf.data__ClothModelParam.gyml
0x1cd6ae39	LiveHouse
0x1cd77037	Player.InteriorRoomStyleInfo.BlueSheet00.IsNewlyOwned
0x1cdd9acf	Player.HabitInfo2.WalkSwagger.LastObtainedSec
0x1ce40a0e	Trouble_IntroductionSecondFriend_Failure
0x1cea25dd	TalkEnd
0x1cec13c8	ClothAllMascotLongCat
0x1cef00da	ClothTopsYshirtLongRugger
0x1cf7bc35	Work/Data/ClothParam/ClothAllCupLongTapioca.data__ClothParam.gyml
0x1cf9d8a9	AdditionalActionAfterPostDemoFeelingAngerWait
0x1cfc26d7	Player.GoodsInfo2.ShigarakiWare.OwnNum
0x1d00a60e	Honwaka
0x1d034a45	LastBazaarPurchasedTime
0x1d03c054	Player.InteriorRoomStyleInfo.WesternStyle03
0x1d04e05f	Work/Data/CoordinateClothInfo/Coordinate0016.data__CoordinateClothInfo.gyml
0x1d1467f2	DemoDM104010
0x1d149dce	GroupAction_Private
0x1d15786f	Player.InteriorRoomStyleInfo.Garden00.OwnNum
0x1d165c02	ObjCandy00_Ceiling
0x1d1e1db9	Abokado
0x1d25249b	Player.InteriorRoomStyleInfo.Stage00.OwnNum
0x1d2da567	Work/Data/ClothParam/ClothTopsYshirtHalfRibbon.data__ClothParam.gyml
0x1d35cf88	ClothHeadwearOrnamentSideStraw
0x1d371cd5	ItemToast
0x1d3bf3b3	Work/Data/CoordinateClothInfo/Coordinate0255.data__CoordinateClothInfo.gyml
0x1d3dd337	Player.FoodInfo.LastObtainedSec
0x1d40da66	FacilityBuildingShop_Entrance
0x1d412a0f	Work/Data/ClothParam/ClothAccessoryMufflerTowel.data__ClothParam.gyml
0x1d41c428	Work/Data/ClothParam/ClothTopsMantleLongTailcoat.data__ClothParam.gyml
0x1d43382b	ObjRoadSign
0x1d438730	Player.GoodsInfo2.GameRoleplaying
0x1d472b4a	NoGroup_Event0049CH
0x1d4927bd	HouseDollHouseDecoFront
0x1d4e5069	Player.InteriorRoomStyleInfo.Damask04.State
0x1d4e5343	TreasurePetEmotionTelopChatBlushAtRoomSpeech
0x1d52562c	Childcare.Pending.HabitOwnInfo.EatCute
0x1d555db5	Player.InteriorRoomStyleInfo.Japanese05
0x1d562ae1	Player.InteriorRoomStyleInfo.LightStick06.State
0x1d571e9e	Work/Data/CoordinateAttribute/Coordinate0103.data__CoordinateAttribute.gyml
0x1d5a1c13	RoomBed_Center
0x1d63550c	Fullface
0x1d6358fd	PeriodBC
0x1d65f750	ClothTopsSwim
0x1d66c027	Work/Data/ClothParam/ClothTopsTshirtHalfAnimal.data__ClothParam.gyml
0x1d67e164	Work/Data/ClothModelParam/ClothBottomsPantsWideJerseyHalf.data__ClothModelParam.gyml
0x1d6ae4d5	EnterPhotoStudioCount
0x1d72fbaf	Player.InteriorRoomStyleInfo.Cute01.FirstObtainedSec
0x1d77b255	Player.GoodsInfo2.RandomKey.State
0x1d782567	Childcare.Pending.Name.FirstPersonPresetIndex
0x1d7fadf4	New
0x1d82195b	TreasureGoods_Book_Floor_Chat_Outdoor
0x1d856ce9	TreasureGoods_Book_Floor_Outdoor
0x1d86e243	European00
0x1d880003	ObjThrone_03
0x1d8a5eaa	ObjGigantic00_BuildingS03LDK
0x1d8d4e67	House.RoomStyleInfo.Flag.Stadium01
0x1d8f0910	Work/Data/ClothParam/ClothTopsYshirtPuffBlouse.data__ClothParam.gyml
0x1d90166c	Work/Data/ClothModelParam/ClothTopsOuterLongHalfZip.data__ClothModelParam.gyml
0x1d94ecc7	Player.InteriorRoomStyleInfo.Candy00.KeyHash
0x1d9a4b77	Trouble_KnownOneSideLove_Failure
0x1d9dfff7	Player.InteriorRoomStyleInfo.LightStick00.LastObtainedSec
0x1d9e4948	Trouble_Cloth2Mysterious_Failure
0x1dad61f9	Player.InteriorRoomStyleInfo.Lace01
0x1dae6e0d	Player.HabitInfo2.UntidySleeper.OwnNum
0x1db0f089	ClothBottomsSkirtLongStripe
0x1db4efbd	Group_Event0050
0x1db7b2ec	ObjTableBench_03
0x1dbe53de	ObjVendingMachine_Front
0x1dbe5f6a	Work/Data/ClothParam/ClothShoesPumpsGlitter.data__ClothParam.gyml
0x1dbec406	Work/Data/ClothParam/ClothTopsOuterLongYokosuka.data__ClothParam.gyml
0x1dc1140b	Childcare.Pending.HabitOwnInfo.WalkNoSwinging.IsOwn
0x1dc26b8c	Player.InteriorRoomStyleInfo.Otaku02.FirstObtainedSec
0x1dc348ec	Work/Data/Destination/ActionPoint/RoomDoorToilet_LeftDoorKnob.data__destination__ActionPoint.gyml
0x1dc79353	ClothAccessoryBagBusiness
0x1dcb1a8c	Cover
0x1dd02a3a	ObjNewlife00_Table
0x1dd2344c	dn5
0x1dd26afd	Obje_UseFloorCost
0x1dd2dc1d	Blink
0x1dd3df54	House.RoomStyleInfo.Flag.Nobility00
0x1dd40067	Work/Data/ClothParam/ClothBottomsSkirtMiniWrap.data__ClothParam.gyml
0x1dd6c17c	LifeTimeNightOwl
0x1dd946b9	ObjLighthouse_02
0x1ddbb4cc	Player.RoomStyleWeeklyItem
0x1de04c05	ClothAccessoryNeckMedal
0x1de40244	ClothHeadwearHatBandana
0x1de46936	DemoPR000119
0x1de47db2	Mii.Belongings.RoomStyleInfo.Flag.WhiteRoom00
0x1de8d698	Mii.Belongings.RoomStyleInfo.Flag.MultiDot02
0x1deb2b13	Work/Data/CoordinateAttribute/Coordinate0289.data__CoordinateAttribute.gyml
0x1decdbfd	Trouble_HungryUgc_Failure
0x1dee7c74	UgcExteriorId
0x1df0036d	Work/Data/CoordinateClothInfo/Coordinate0140.data__CoordinateClothInfo.gyml
0x1df01be1	Player.InteriorRoomStyleInfo.Heart02.State
0x1df30c74	ClothAccessoryNeckTripleChain
0x1df55c15	HouseFacilityDoor
0x1df63706	MiiIndex
0x1df7704d	Trouble_HungryRice_Failure
0x1dfa1899	Player.GoodsInfo2.BrushBronze.State
0x1dffeb2d	Player.GoodsInfo2.Rabbit
0x1e04f061	ItemPhotoStudio_StepladderL
0x1e0d51fe	PpSetting
0x1e10ebb4	Player.InteriorRoomStyleInfo.WesternStyle04.InformedNewRelease
0x1e1eb69e	Work/Data/ClothModelParam/ClothTopsCoatLongNoble.data__ClothModelParam.gyml
0x1e1f9303	Spacey
0x1e240a40	ClothAccessoryBagBear
0x1e27cd32	ObjRetropop00_TVstand
0x1e297e02	Player.BuildingInfo2.LastObtainedSec
0x1e332ecc	Work/Confluence/PageInfo/HairAll020.pp__Confluence__PageInfo.gyml
0x1e342506	DemoPR000055S01
0x1e3915f6	Work/Data/ClothModelParam/ClothBottomsSkirtBoxSimple.data__ClothModelParam.gyml
0x1e403d0e	Work/Data/Destination/DemoArea/RoomDollHouseLDK_Kitchen.data__destination__DemoArea.gyml
0x1e46618a	ClothBottomsSkirtBoxSimple
0x1e4ce47d	MiddleLeft
0x1e57f8c8	Introduction.FocusLeadingInfo.LastTimeObject
0x1e57f8e1	Work/Data/ClothParam/ClothTopsTshirtLongMultiBorderKnit.data__ClothParam.gyml
0x1e58f6fe	Work/Data/ClothParam/ClothAccessoryNeckShiningPendant.data__ClothParam.gyml
0x1e5edc67	Player.InteriorRoomStyleInfo.HoneycombTile01.FirstObtainedSec
0x1e66b72e	ClothShoesSandalComfort
0x1e69fcb5	Player.GoodsInfo2.BottleShip.OwnNum
0x1e6be608	DonationBoxCenter
0x1e6f71a1	MyHouseLDK
0x1e702ae2	ObjDrinkingFountain_02
0x1e726341	PostIslandEdit
0x1e7424f1	Event0031CH
0x1e796bbe	DemoDM104075
0x1e7ef75f	DemoPR000073
0x1e834ef8	Fish
0x1e838480	Mii.Belongings.HabitOwnInfo.GreetingTypeBig.IsOwn
0x1e84f76a	Work/Confluence/PageInfo/HairAll009.pp__Confluence__PageInfo.gyml
0x1e883080	Usa
0x1e8a921e	Player.InteriorRoomStyleInfo.SF03
0x1e8d4d5f	Player.InteriorRoomStyleInfo.InterviewBoard00.State
0x1e8d5b86	Work/Data/ClothModelParam/ClothTopsYshirtLongB3.data__ClothModelParam.gyml
0x1e930a82	DemoDM104092LDK
0x1e94d665	Work/Data/ClothModelParam/ClothHeadwearProtectorEarflaps.data__ClothModelParam.gyml
0x1e97596a	Work/Data/ClothParam/ClothAccessoryWaistTiger.data__ClothParam.gyml
0x1e9b2834	Work/Data/ClothParam/ClothTopslongOverallLongSuspenders.data__ClothParam.gyml
0x1e9b2c06	LiveTogetherSuccessCount
0x1e9c0658	Place_MapObj_Fireworks_withLovers_raw
0x1ea1b19d	Player.InteriorRoomStyleInfo.SF02.LastObtainedSec
0x1ea4dbd7	Coordinate0100
0x1eac723d	Work/Data/ClothParam/ClothTopsYshirtLongShirtCardigan.data__ClothParam.gyml
0x1eae2924	LvUPGoods_Yoga_House_LDKCarpet_raw
0x1eae2b32	PlayerNickName
0x1eaeadf1	ClothHeadwearHatJet
0x1eaef587	TreasureRecordEmotionTelopChatInterestingSpeech
0x1eb0ff5c	ObjJackOLantern
0x1ebb958c	Mii.Belongings.RoomStyleInfo.Flag.Dot05
0x1ebc5015	Player.GoodsInfo2.SolarPanel.LastObtainedSec
0x1ec085be	Player.InteriorRoomStyleInfo.Japanese03.IsNewlyOwned
0x1ec4fa00	Event0006CH
0x1ec8034d	Work/Data/ClothModelParam/ClothTopsCoatLongAsymmetry.data__ClothModelParam.gyml
0x1ecaaff1	DemoPR000012
0x1ecc18b6	DemoPR000071
0x1ecce9bb	Work/Data/CoordinateClothInfo/Coordinate0045.data__CoordinateClothInfo.gyml
0x1ecdf78f	Work/Data/Destination/ActionDirection/SystemSeaside_ToSea.data__destination__ActionDirection.gyml
0x1ed5e361	Player.InteriorRoomStyleInfo.Shoji02.KeyHash
0x1ed6de98	Work/Data/ClothModelParam/ClothBottomsPantsLongSanta.data__ClothModelParam.gyml
0x1ee219f8	Work/Data/ClothParam/ClothAllCostumeLongHen.data__ClothParam.gyml
0x1ee7fdad	Player.InteriorRoomStyleInfo.Gym01.FirstObtainedSec
0x1eec240e	ClothHeadwearHatMetro
0x1eed516e	ClothShoesLoaferLaceUp
0x1eefd6af	Work/Data/ClothParam/ClothTopsTshirtLongPajama.data__ClothParam.gyml
0x1ef02ed5	Player.HabitInfo2.VoiceSmall.IsNewlyOwned
0x1ef76081	HoldStyle
0x1efa7ad9	Work/Data/ClothParam/ClothTopsYshirtLongBandCollar.data__ClothParam.gyml
0x1efbbc9f	Work/Confluence/PageInfo/HairAll088.pp__Confluence__PageInfo.gyml
0x1f007e91	House.RoomStyleInfo.Flag.Success00
0x1f0342c0	Work/Data/CoordinateAttribute/Coordinate0277.data__CoordinateAttribute.gyml
0x1f04e6e8	Work/Data/ClothModelParam/ClothAllCostumeLongEggplant.data__ClothModelParam.gyml
0x1f0831df	RoomCarpet_TV
0x1f0d60ee	Player.InteriorRoomStyleInfo.Dot07.KeyHash
0x1f0f0dfc	Work/Data/ClothParam/ClothBottomsPantsLongDenimDamaged.data__ClothParam.gyml
0x1f0ff698	Cityscape
0x1f10a239	ClothShoesLooseSocksSchool
0x1f116500	Player.GoodsInfo2.TreasureMap.OwnNum
0x1f163802	PeriodA
0x1f1981a7	Work/Data/ClothModelParam/ClothTopslongKimonoLongYukataMorningGlory.data__ClothModelParam.gyml
0x1f1ca55a	Player.InteriorRoomStyleInfo.Christmas01
0x1f1d55f8	Work/Confluence/PageInfo/HairBack035.pp__Confluence__PageInfo.gyml
0x1f1eb32d	FacilityFamilyRestaurant
0x1f264cd6	Work/Data/ClothParam/ClothTopslongAlongSleevelessMultiStripe.data__ClothParam.gyml
0x1f283381	Player.GoodsInfo2.MartianStone.IsNewlyOwned
0x1f2c1614	MiiEvent_FocusLeadingFirstSightLoveChange
0x1f3e6114	Mii.Belongings.HabitOwnInfo.GetAngryTypeBrightly.IsOwn
0x1f40fb72	Work/Data/ClothModelParam/ClothBottomsPantsWideSoccor.data__ClothModelParam.gyml
0x1f427bf0	Work/Data/ClothParam/ClothTopslongUgcAlineLong.data__ClothParam.gyml
0x1f444402	TravelPosHoneymoonLeft
0x1f47b258	TreasureBookEmotionTelopChatNoveltySpeech
0x1f4ad1eb	SpecialCloth
0x1f4d7b6c	Work/Data/ClothModelParam/ClothAccessoryNeckCardigan.data__ClothModelParam.gyml
0x1f50ab70	Pineapple
0x1f53ee15	Trouble_ClothPAccessory_Success
0x1f736dbd	DailyLog.CurrentPlayYear
0x1f7d93c1	Trouble_DepressFight_Failure
0x1f7f63ab	Mii.Belongings.HabitOwnInfo.EatSecretly.IsOwn
0x1f81e19d	Asianresort01
0x1f898a79	Work/Data/CoordinateAttribute/Coordinate0224.data__CoordinateAttribute.gyml
0x1f8a8b69	Player.InteriorRoomStyleInfo.Dilapidated00.State
0x1f8d6381	Player.InteriorRoomStyleInfo.Gold00.State
0x1f8e7366	Trouble_IntroductionFirstInterior_Success
0x1f8f3613	Trouble_GoodsDesire_Failure
0x1f8fbd03	Childcare.Pending.HabitOwnInfo.EatElegantly
0x1f90b006	Work/Data/ClothModelParam/ClothAccessoryWaistCat.data__ClothModelParam.gyml
0x1fa3e318	ObjSF00_WallDeco
0x1fa655b1	Work/Data/CoordinateClothInfo/Coordinate0197.data__CoordinateClothInfo.gyml
0x1fa84edf	ClothAccessoryWaistRabbit
0x1fb8df99	House.RoomStyleInfo.Flag.Minimul00
0x1fb9379d	Iron
0x1fbb140e	Work/Data/ClothModelParam/ClothShoesGetaGeta.data__ClothModelParam.gyml
0x1fbbae8e	TreasureGoods_Record_House_raw
0x1fbeb73b	Player.InteriorRoomStyleInfo.StarPrint00
0x1fbefe14	ClothBottomsPantsWideOutdoor
0x1fc4a7bc	TreasurePetEmotionTelopChatDifficultAtLivingFloorSpeech
0x1fcb2f9d	Work/Data/ClothParam/ClothTopsOuterSleevelessHoodie.data__ClothParam.gyml
0x1fd155a5	Player.InteriorRoomStyleInfo.Stage00.InformedNewRelease
0x1fd21baf	ClothBottomsPantsWideSimple
0x1fd3189c	Player.HabitInfo2.GreetingBow
0x1fd37c32	Player.GoodsInfo2.DVDSF
0x1fdd158b	Work/Confluence/PageInfo/HairBack047.pp__Confluence__PageInfo.gyml
0x1fe189ba	ClothAllPlumpLongPenguin
0x1fe555b0	Player.HabitInfo2.BlinkLot
0x1fe7d5a6	Work/Data/ClothModelParam/ClothTopsYshirtHalfNecktie.data__ClothModelParam.gyml
0x1ff5c4fb	Work/Data/ClothModelParam/ClothTopsSarashi.data__ClothModelParam.gyml
0x1ff630b7	Square
0x1ff6f27c	UGCObjFocusLeadingDontCare
0x1ffeb58f	Player.InteriorRoomStyleInfo.Strata00.OwnNum
0x2001aa24	Mii.Belongings.RoomStyleInfo.Flag.HoneycombTile02
0x2005246e	Player.InteriorRoomStyleInfo.Minimul04.State
0x20063f88	Work/Confluence/PageInfo/HairAllLegacy102.pp__Confluence__PageInfo.gyml
0x20069a42	Player.InteriorRoomStyleInfo.Strata00.LastObtainedSec
0x2009b5aa	House.RoomStyleInfo.Flag.WoodBoard01
0x200cebae	ClothAllCostumeLongBird
0x200e605a	Player.InteriorRoomStyleInfo.Dot05.IsNewlyOwned
0x200f2562	ItemAccidentCollision01
0x20136e79	ParentChildInitialValue
0x2014d53d	Coordinate0267
0x20279f2a	Branch_LDKRight
0x202b61fc	Audaciousness
0x202c0e72	Work/Data/CoordinateClothInfo/Coordinate0127.data__CoordinateClothInfo.gyml
0x203390f0	Mii.Belongings.RoomStyleInfo.Flag.Japanese01
0x2039d7a3	Work/Data/ClothModelParam/ClothTopsBodyBaseBikini.data__ClothModelParam.gyml
0x203b02c0	Work/Confluence/PageInfo/HairFront012.pp__Confluence__PageInfo.gyml
0x203eff84	AdditionalActionAfterPostDemoStep1_MyRoom
0x2042c970	Work/Data/ClothParam/ClothSocksTowLine.data__ClothParam.gyml
0x2047c936	Player.InteriorRoomStyleInfo.Log00
0x2047ca67	CheckCameraToDemoStage
0x204cb82f	Reserve
0x205197e6	NoGroup_Event0010CH
0x20541d93	AllParkSpace
0x205940a8	Work/Data/CoordinateAttribute/Coordinate0095.data__CoordinateAttribute.gyml
0x2059ae94	NotFight_NotExFriend_NotExLove_NotDivorce
0x206cbac7	Work/Data/ClothModelParam/ClothAccessoryWaistDog.data__ClothModelParam.gyml
0x20739fd7	Work/Confluence/PageInfo/HairAll090.pp__Confluence__PageInfo.gyml
0x207aceef	UntidySleeper
0x207ce30d	Player.InteriorRoomStyleInfo.Club00.FirstObtainedSec
0x207ef996	ClothTopsCoatLongApron
0x20811a3e	Player.GoodsInfo2.MoodLight.OwnNum
0x2088feee	Group_Event0034
0x208f1e1c	Player.GoodsInfo2.Frog.OwnNum
0x20905484	Work/Data/CoordinateClothInfo/Coordinate0326.data__CoordinateClothInfo.gyml
0x2093b808	Trouble_FightLover_Success
0x20958569	SystemVacantLand_3x3_Center
0x209d40fc	ClothBottomsPantsLongAbc
0x209f15dd	ObjTableBenchf_Center
0x20a8352b	Work/Confluence/PageInfo/HairAll101.pp__Confluence__PageInfo.gyml
0x20ae02d2	Event0027FL
0x20ae981f	Event0004FL
0x20b70981	NoGroup_Event0024CH
0x20bde392	Drinks
0x20bf8a58	ClothHeadwearHatStudsCasquette
0x20cb64bb	Work/Data/ClothModelParam/ClothHeadwearGlassGoggle.data__ClothModelParam.gyml
0x20cceece	Mii.Belongings.HabitOwnInfo.BreakGas.IsChecked
0x20dbd688	Showa05
0x20e20619	Work/Data/CoordinateClothInfo/Coordinate0213.data__CoordinateClothInfo.gyml
0x20e67c30	ObjFenceBarbed_02
0x20e71a9f	EmotionTelopChatDateWalkingRelaxParasol
0x20ebac2f	ClothTopslongAlongLongChimaJeogori
0x20f9dcbc	Work/Data/ClothParam/ClothAccessoryWaistShrimp.data__ClothParam.gyml
0x20faa460	ClothBottomsSwim
0x210701de	Player.GoodsInfo2.GearParts.State
0x210d766f	TreasurePetEmotionTelopChatInterestingSitOnTheGroundCircle
0x2110c578	PriorityA
0x2115afb6	Mii.Belongings.GoodsOwnInfoSlot.UgcGoodsIndex
0x21195936	Salty
0x211d5f48	Player.InteriorRoomStyleInfo.SF04.KeyHash
0x211d6316	Trouble_Cloth2Pretty_Success
0x2124fa17	Player.ClothShopDailyItem.DailyCoordinateInfo
0x21333538	Player.InteriorRoomStyleInfo.LightStick01.OwnNum
0x21333eb9	Showa01
0x21346685	Work/Data/CoordinateAttribute/Coordinate0265.data__CoordinateAttribute.gyml
0x21370641	TreasureGoods_Record_Outdoor_Deject
0x2137858e	Player.GoodsInfo2.ClayFigure.State
0x213a7cba	Work/Data/ClothParam/ClothAllCostumeLongPineapple.data__ClothParam.gyml
0x213aba90	TreasureAnythingEmotionTelopChatNoFeaturesAtLivingFloor
0x213e8642	PriorityB
0x21426eca	Player.GoodsInfo2.DucksToy.IsNewlyOwned
0x2142fa57	EmotionTelopChatSurpriseLamp
0x2143d3ee	Work/Data/ClothModelParam/ClothTopsCoatLongAogam.data__ClothModelParam.gyml
0x2143efd3	Work/Data/ClothParam/ClothHeadwearOrnamentTopPuppet.data__ClothParam.gyml
0x21468567	TreasureGameEmotionTelopChatInterestingSitOnTheHouseDeck
0x2147c25f	RoomDoorEntrance_LeftDoorKnob
0x2149594d	ClothAllCostumeLongTamago
0x214a990e	Goods_Ballet
0x214eb203	Work/Confluence/PageInfo/HairAll036.pp__Confluence__PageInfo.gyml
0x2153acb3	ItemRocket
0x2153d396	Work/Data/CoordinateClothInfo/Coordinate0312.data__CoordinateClothInfo.gyml
0x2157896f	Work/Data/ClothParam/ClothHeadwearOrnamentFrontLolita.data__ClothParam.gyml
0x21591362	CoinGold
0x215aca01	Work/Data/ClothModelParam/ClothHeadwearOrnamentFrontRabbitRibbon.data__ClothModelParam.gyml
0x21618dd4	Work/Data/CoordinateAttribute/Coordinate0243.data__CoordinateAttribute.gyml
0x2162a215	Player.GoodsInfo2.BottleShip.IsNewlyOwned
0x2166826b	Mii.Belongings.HabitOwnInfo
0x21675c2f	TreasureAnythingEmotionTelopChatNoFeaturesSitOnTableBench
0x21681401	Work/Data/ClothModelParam/ClothTopsYshirtLongBlazerRibbon.data__ClothModelParam.gyml
0x2171d652	Work/Data/ClothParam/ClothShoesBootsLongSnow.data__ClothParam.gyml
0x2173d3a1	EmotionTelopChatLoveSitOnTerraceBench
0x2188a7f5	IsFirstDemoDone
0x218f31bf	Mii.Belongings.HabitOwnInfo.GreetingVitality.IsChecked
0x218fd612	CustomPut
0x2193996f	KnowLover_80Over
0x21945d4d	SystemVacantLand_5x5_Center
0x21949a3d	DumbbellSchoolMyRoom
0x2197324c	House.RoomStyleInfo.Flag.Triangle01
0x219aae6c	Mii.Belongings.RoomStyleInfo.Flag.MultiDot01
0x219b2577	Work/Data/ClothModelParam/ClothSocksStar.data__ClothModelParam.gyml
0x21a103be	Player.GoodsInfo2.Horse.IsNewlyOwned
0x21a3c50d	Player.InteriorRoomStyleInfo.Simple00.KeyHash
0x21a76850	Work/Mii/EyeAccessoryParam/Eye053.mii__EyeAccessoryParam.gyml
0x21a8d537	EmotionTelopChatSadSitOnDiningTable
0x21a8ff38	Work/Data/ClothModelParam/ClothTopsYshirtHalfRibbon.data__ClothModelParam.gyml
0x21a91e41	Trouble_LiveTogether_Success
0x21b37b3b	Christmas01
0x21b397a7	Player.InteriorRoomStyleInfo.WoodBoard00
0x21b61eea	Work/Confluence/PageInfo/HairFront071.pp__Confluence__PageInfo.gyml
0x21b94db7	NailPolish
0x21bdc08b	AdditionalActionAfterPostDemoStare
0x21cae08f	Work/Data/CoordinateAttribute/Coordinate0145.data__CoordinateAttribute.gyml
0x21cf34f2	Work/Mii/EyeAccessoryParam/Eye033.mii__EyeAccessoryParam.gyml
0x21d4c50f	Work/Confluence/PageInfo/HairAllLegacy098.pp__Confluence__PageInfo.gyml
0x21d582d9	UGC.MapFloor.UgcFloorMaterialType
0x21d60a66	Player.InteriorRoomStyleInfo.Game01.KeyHash
0x21d70251	FocusLeadingMii
0x21d83662	HairChangeOrdered
0x21d8af80	EmotionTelopChatSurpriseSitOnTheBench
0x21d9319f	IsNeedShowNew
0x21dddd1a	Metal_Undefined
0x21deebf9	ObjSignboardTutorial_Center
0x21e0f859	Player.InteriorRoomStyleInfo.Party01.InformedNewRelease
0x21e845ce	Beach00
0x21ee030c	Group_Thief
0x21eea734	Mii.MiiMisc.EatInfo.UltraBestId
0x21fb2424	DemoDM104048
0x21fc7c0c	Work/Data/Destination/ActionPoint/SystemSeaside_BeachEdge.data__destination__ActionPoint.gyml
0x2204ef96	NewEntryGameTime
0x220b8b04	Trouble_InsideHead_Failure
0x220c1186	Voice_Speaker
0x220d6e3a	Player.MarketUpdateInfo.MarketCoordinateInfo.Variation
0x220f225d	Player.InteriorRoomStyleInfo.HoneycombTile03.State
0x2212cf7b	House.RoomStyleInfo.Flag.Atelier00
0x2212e6e3	Player.GoodsInfo2.RandomKey
0x22171db3	ClothTopsYshirtLongBlazerTie
0x2225c4c5	Work/Confluence/PageInfo/HairAll095.pp__Confluence__PageInfo.gyml
0x22294a4b	ClothTopsTshirtHalfSwitching
0x2229da07	Player.InteriorRoomStyleInfo.Bathroom02
0x222e6364	MapObjectSnapshot
0x2237535d	Work/Data/ClothModelParam/ClothShoesSandalKungfu.data__ClothModelParam.gyml
0x22388e6e	EmotionTelopChatSadNotePCSpeechAtRoom
0x223b48e5	Player.HabitInfo2.FaceLousy
0x224308b4	Work/Data/CoordinateAttribute/Coordinate0215.data__CoordinateAttribute.gyml
0x224508db	Work/Data/ClothModelParam/ClothHeadwearHatKnit.data__ClothModelParam.gyml
0x224f3c7a	Place_MapObj_Seesaw_withLoversOnly_raw
0x2250450c	IsFacePaintFront
0x2250fb30	Player.GoodsInfo2.WickerBasket.IsNewlyOwned
0x2257e595	FacilityFamilyFerrisWheel_MeetingPlace1
0x2258e1ee	TreasureRecordEmotionTelopChatImpressedAtLivingFloor
0x225a45ec	Work/Data/Destination/ActionArea/FacilitySupermarket_Front.data__destination__ActionArea.gyml
0x225c035a	TasteType
0x225c80d0	LookSkyDayUgc
0x225d91bf	ObjStepIron_03
0x2261558f	LastMiiTouchGameTime
0x22634bf3	Player.GoodsInfo2.GoldCup.LastObtainedSec
0x226aa786	AISprinkler
0x226bf16b	Work/Data/ClothModelParam/ClothHeadwearHatKasa.data__ClothModelParam.gyml
0x2271faae	Disabled
0x22734726	TravelPlaceN013S3
0x2273f03d	Player.GoodsInfo2.Beetle.LastObtainedSec
0x2276e47f	Player.GoodsInfo2.HawaiiKeyChain
0x227ac2fc	Confectionery
0x2281cfa3	Work/Data/ClothModelParam/ClothHeadwearCostumeDragon.data__ClothModelParam.gyml
0x2284f26d	ObjKids00_Box
0x22863318	TreasureRecordEmotionTelopChatNoveltyAtLivingFloorSpeech
0x228b3d0d	Player.HabitInfo2.FaceWink.IsNewlyOwned
0x2295cd59	Player.InteriorRoomStyleInfo.Fruit06
0x229b87ee	Group_Event0015
0x229be17b	Work/Confluence/PageInfo/HairAll105.pp__Confluence__PageInfo.gyml
0x22a1eb80	ClothHeadwearHatCawboy
0x22aebd21	House.RoomStyleInfo.Flag.Bathroom04
0x22b29f0f	Work/Data/CoordinateAttribute/Coordinate0100.data__CoordinateAttribute.gyml
0x22b850d0	Mii.Belongings.RoomStyleInfo.Flag.Damask00
0x22bde88f	Player.InteriorRoomStyleInfo.Camouflage01.LastObtainedSec
0x22c3261e	Work/Data/ClothParam/ClothTopsTshirtHalfMultiBorder.data__ClothParam.gyml
0x22c62fc4	Player.InteriorRoomStyleInfo.Botanical00.LastObtainedSec
0x22cbeb74	Player.HabitInfo2.EatCarefully.OwnNum
0x22cd0b7d	Player.GoodsInfo2.Alien2
0x22d26f73	Work/Data/ClothModelParam/ClothTopslongAlongHalfLace.data__ClothModelParam.gyml
0x22e046fd	Work/Data/ClothModelParam/ClothTopslongMuscleLongSinglet.data__ClothModelParam.gyml
0x22e1afff	Work/Data/ClothParam/ClothAllCarLongCar.data__ClothParam.gyml
0x22eadb7a	Daphnia
0x22ed0606	Player.HabitInfo2.ExpressionLess
0x22f5b2fb	Work/Data/ClothParam/ClothHeadwearGlassLineStone.data__ClothParam.gyml
0x22f85aa9	FacilityItemShop
0x22f98e15	Player.GoodsInfo2.Stopwatch.State
0x22f99c39	ItemInfo
0x22f9ad1a	BookColor
0x2303310a	EmotionTelopChatDateWalkingGuitarShowAtLivingFloor
0x230a1d92	Work/Data/ClothParam/ClothAllMascotLongBear.data__ClothParam.gyml
0x230ae417	Player.InteriorRoomStyleInfo.PublicBath00.State
0x2310a907	UGC.FacePaint.IslandNameRegionLanguageID
0x23131299	DemoPR000095
0x23135bc5	UGC.FacePaint.State
0x231744ee	Player.InteriorRoomStyleInfo.Party07.State
0x231aa7fa	Work/Confluence/PageInfo/HairAll011.pp__Confluence__PageInfo.gyml
0x231fb425	Coordinate0117
0x2322b9eb	Player.InteriorRoomStyleInfo.IceRink00.KeyHash
0x232634c7	Boy
0x2327d645	ItemTeaCup_03
0x23287f72	Player.InteriorRoomStyleInfo.SFX00.InformedNewRelease
0x232dcd9a	Country02
0x232dfa3a	EmotionTelopChatSadSitKnittingOnTheFerrisWheelEntrance
0x2333cb2e	ObjRetropop00_ShelfA
0x23343427	Player.InteriorRoomStyleInfo.Candy01.IsNewlyOwned
0x2338d228	Work/Data/ClothModelParam/ClothAccessoryMufflerFringeStole.data__ClothModelParam.gyml
0x233e1c5c	InvitingDemo_PracticeConfession
0x23449acf	Player.GoodsInfo2.MiniTerrarium.LastObtainedSec
0x2345700e	Work/Data/ClothModelParam/ClothAccessoryWaistDragon.data__ClothModelParam.gyml
0x2347468c	Player.InteriorRoomStyleInfo.Sloppy01.FirstObtainedSec
0x234c2d77	Player.HabitInfo2.StandHandsFront.OwnNum
0x235307bc	Event0044CH
0x2356fc44	Player.GoodsInfo2.Carnation
0x23582e78	Player.FoodInfo.OwnNum
0x23613955	Work/Data/ClothModelParam/ClothTopsCroppedTee.data__ClothModelParam.gyml
0x2364dbd2	Greeting
0x2367ecbc	Player.GoodsInfo2.Top.State
0x236a45ce	DVDWideShow
0x236c99b5	Work/Confluence/PageInfo/HairParts015.pp__Confluence__PageInfo.gyml
0x236e2d73	Mii.MiiMisc.FaceInfo.Gender
0x23717240	ClothTopslongOverallHalfWader
0x23796da8	ImportHeadwearColorIndex
0x237f2f02	IsNew
0x2384e9bd	Work/Data/ClothModelParam/ClothTopsYshirtHalfOpenCollar.data__ClothModelParam.gyml
0x238987a5	UGC.FacePaint.EmissionPattern
0x23898d33	WoodFloor02
0x23899264	Player.InteriorRoomStyleInfo.BigFlower02.State
0x238e7641	Mii.Belongings.HabitOwnInfo.StandCute.IsOwn
0x239123cc	DemoForkClothCoordinate
0x239465b8	Mii.Belongings.HabitOwnInfo.GreetingMacho.IsOwn
0x23962f36	LocalUgcBc3
0x239bdff7	ObjKids00_Ceiling
0x239c8c1b	Player.InteriorRoomStyleInfo.WesternStyle02.InformedNewRelease
0x239ddfc5	Player.InteriorRoomStyleInfo.Sushi00.KeyHash
0x23a63a5c	DanceBalletGroupHome
0x23a9a981	Hamster
0x23ac8c49	Player.InteriorRoomStyleInfo.Camouflage03.KeyHash
0x23b59f9f	Work/Data/ClothModelParam/ClothTopsYshirtLongMultiStripe.data__ClothModelParam.gyml
0x23b61a3c	Unlock.PickUpToMiiCount
0x23b7686d	ClothShoesSandalBathroom
0x23b84da3	TreasurePetEmotionTelopChatBlushAtLivingFloor
0x23b90331	Player.InteriorRoomStyleInfo.Party07
0x23ba828d	Player.InteriorRoomStyleInfo.StainedGlass01.OwnNum
0x23bf9305	Player.InteriorRoomStyleInfo.SmallFlower05.State
0x23ce15e8	Player.HabitInfo2.GreetingBow.IsNewlyOwned
0x23dbf74b	ClothShoesBootsShortStuds
0x23dd0129	Garage03
0x23e18e04	MiiBirthdayNews
0x23e1d748	TreasureBookEmotionTelopChatDifficultSitOnSofa
0x23e44196	Player.InteriorRoomStyleInfo.WesternStyle01.LastObtainedSec
0x23e54361	TreasureAnythingEmotionTelopChatInterestingAtRoomSpeech
0x23e749bd	Player.GoodsInfo2.ToiletPaper.LastObtainedSec
0x23f3426a	Player.InteriorRoomStyleInfo.Otaku02.InformedNewRelease
0x23f3b68e	EmotionTelopChatFervorSitOnTheBench
0x23f4ac10	Player.InteriorRoomStyleInfo.Lace03
0x23f5c780	Childcare.Pending.HabitOwnInfo.GreetingHeadOnly.IsOwn
0x23f6be4d	Work/Data/ClothParam/ClothHeadwearHatMarine.data__ClothParam.gyml
0x23f90495	InviteCommon
0x23f974a1	EmotionTelopChatSadSitOnTheHouseDeck
0x23fcd652	Player.GoodsInfo2.Dice.State
0x23fed1f2	Player.GoodsInfo2.NailPolish.State
0x2400324b	TreasureRecordEmotionTelopChatDifficultAtRoomSpeech
0x2408b9a6	Garage00
0x24107265	DemoDM104087
0x24134987	LastTimeObject
0x2415b69a	LvUPGoods_Camera_House_Room_raw
0x241c9db5	ClothTopsOuterLongHeart
0x241cba0a	ObjBeachBed_04
0x242e6c0a	Trouble_FriendOther_Success
0x243580bb	Work/Data/ClothModelParam/ClothTopsYshirtHalfRugby.data__ClothModelParam.gyml
0x2437f7df	Player.HabitInfo2.WalkToeIn.OwnNum
0x243d875b	Work/Confluence/PageInfo/HairBack013.pp__Confluence__PageInfo.gyml
0x243df239	Player.GoodsInfo2.GameAction.LastObtainedSec
0x243fcca1	ClothHeadwearCostumeTree
0x244193d5	Player.InteriorRoomStyleInfo.Dot00.IsNewlyOwned
0x24433fbe	Relation.Info.DirectionalInfo.BitFlag
0x2448a17f	TreasureAnythingEmotionTelopChatImpressedSitOnDiningTable
0x244e15f2	MiiEvent_Event0042FL
0x245c66ea	BecomeFriendNoAdvice
0x245d0530	Work/Confluence/PageInfo/HairAll085.pp__Confluence__PageInfo.gyml
0x245ddf65	Player.InteriorRoomStyleInfo.StainedGlass02.FirstObtainedSec
0x2460eecd	ClothTopsTshirtLongAlphabet
0x2461927d	EmotionTelopChatSurpriseNotePCSpeech
0x24633e94	Facility_Building
0x246e31dc	Work/Data/ClothModelParam/ClothHeadwearCostumeDevil.data__ClothModelParam.gyml
0x2470ddc5	Player.InteriorRoomStyleInfo.Baby01.FirstObtainedSec
0x2471a0ca	Mii.Name.FirstPerson
0x2475e450	ItemWedding00_Chair
0x2476bbec	Player.InteriorRoomStyleInfo.SFX00.FirstObtainedSec
0x2477d15b	Player.GoodsInfo2.LightBulb
0x24792f5a	TargetMii1
0x247a1a55	TreasureRecordEmotionTelopChatDifficultSitOnTheGroundCircle
0x247fe732	BackRight
0x2482b9fc	UGC.Editor.Setting.IsSnapGrid
0x2483efe7	IsChecked
0x248ab5e0	Two
0x248cbbbc	ObjAntique00_Ceiling
0x24950135	Ground
0x24957221	Mii.Belongings.HabitOwnInfo.EatMouthful.IsOwn
0x24960b27	Work/Data/ClothModelParam/ClothAllCostumeLongEgg.data__ClothModelParam.gyml
0x2496db6b	Work/Data/ClothParam/ClothBottomsSkirtBoxLong.data__ClothParam.gyml
0x2497c215	Relation_FriendAndMore_Outdoor_Chat
0x2498745a	VacantLand_5x5_Low
0x2499bfda	Mii.Name.Name
0x24a40933	Work/Data/ClothModelParam/ClothHeadwearHatStudsCasquette.data__ClothModelParam.gyml
0x24a54248	ClothHeadwearHatShampoo
0x24a5d255	House.RoomStyleInfo.Flag.WesternStyle00
0x24a7f183	ClothHeadwearCoverFruit
0x24a81654	TreasureRecordEmotionTelopChatInterestingAtRoomSpeech
0x24a87123	Work/Data/ClothModelParam/ClothHeadwearOrnamentTopKeyHolder.data__ClothModelParam.gyml
0x24adb212	ClothSocksFlower
0x24b0c20c	Work/Data/ClothParam/ClothAllMascotLongArmor.data__ClothParam.gyml
0x24b3ca8b	Work/Data/ClothParam/ClothAccessoryNeckToy.data__ClothParam.gyml
0x24b652de	Work/Data/Destination/ActionPoint/HouseOneRoomDoor_RightDoorKnob.data__destination__ActionPoint.gyml
0x24bd8eb2	Player.GoodsInfo2.Coral.OwnNum
0x24c260d4	Player.InteriorRoomStyleInfo.Damask07.FirstObtainedSec
0x24c9feb9	Work/Data/CoordinateClothInfo/Coordinate0013.data__CoordinateClothInfo.gyml
0x24d1fca7	Event0033FL
0x24d2fcb2	SF05
0x24dccd71	UgcItemIndex
0x24edc890	ClothTopsTshirtHalfBigNumber
0x24f0f0cb	ClothBottomsPantsWideSlit
0x24f0fe65	Player.InteriorRoomStyleInfo.Minimul04.KeyHash
0x24f256a8	EmotionTelopChatLaughSitOnTheGroundCircle
0x24f5df62	Work/Data/ClothModelParam/ClothHeadwearMaskOgre.data__ClothModelParam.gyml
0x24fb6f14	Player.HabitInfo2.EatMouthful
0x25057bc4	Player.GoodsInfo2.Alien
0x25163635	MiiHistory.Info.Time
0x2517aa20	Misc_ChatFree_Outdoor
0x2517d30b	Player.HabitInfo2.WalkStoop
0x2519fb31	Player.InteriorRoomStyleInfo.LockerRoom01.OwnNum
0x2521b144	Player.TroubleInfo.LastGenerateTime
0x252b47a4	Player.InteriorRoomStyleInfo.WhiteRoom00
0x2534a48c	Work/Data/ClothModelParam/ClothAllCostumeLongFriedShrimp.data__ClothModelParam.gyml
0x25396069	Player.GoodsInfo2.AnimalFlowerpot.IsNewlyOwned
0x253c7199	Player.InteriorRoomStyleInfo.Lace04
0x253dfa81	Dessert
0x2545e583	Mii.MiiMisc.BirthdayInfo.DirectAge
0x2549db7d	EmotionTelopChatSadSitOnTheGroundCircle
0x254aab8e	Misc_EmotionTelopChat_House_Irritate
0x254aaf33	Work/Data/CoordinateClothInfo/Coordinate0130.data__CoordinateClothInfo.gyml
0x254b86f3	EmotionTelopChatLaughAtRoom
0x254d7ca8	Work/Mii/EyeAccessoryParam/Eye031.mii__EyeAccessoryParam.gyml
0x2550b2ce	Player.GoodsInfo2.PaperCrane.OwnNum
0x25562f1f	Player.InteriorRoomStyleInfo.StarPrint04
0x25579be2	Player.InteriorRoomStyleInfo.Dinosaur01.InformedNewRelease
0x25602121	Player.InteriorRoomStyleInfo.Game00
0x25610ba9	Work/Data/CoordinateAttribute/Coordinate0130.data__CoordinateAttribute.gyml
0x256ae934	ObjTreeConiferous_01
0x256d0987	Work/Data/ClothParam/ClothTopslongDressHalfStar.data__ClothParam.gyml
0x256fdfaa	ItemSundae_03
0x257192ea	HairFrontFromTail_L
0x2575d42a	ClothBottomsPantsLongSlacks
0x257b811e	Player.InteriorRoomStyleInfo.Brick00.InformedNewRelease
0x258435a6	Player.InteriorRoomStyleInfo.LightStick03.IsNewlyOwned
0x25864d5e	Fruit01
0x258ff970	WalkSwagger
0x2593c2d6	EmotionTelopChatSadSitOnFountain
0x25943b4f	Player.InteriorRoomStyleInfo.WoodBoard00.FirstObtainedSec
0x25aa9753	EmotionTelopChatSadGroundLight
0x25acb510	Work/Data/ClothParam/ClothShoesSandalWaraji.data__ClothParam.gyml
0x25aeaf1d	Player.InteriorRoomStyleInfo.Baby00.KeyHash
0x25aef82c	Work/Data/ClothModelParam/ClothSocksLeggingsDot.data__ClothModelParam.gyml
0x25af6ee5	She
0x25b04469	Player.InteriorRoomStyleInfo.Heart04.KeyHash
0x25b2f98b	TreasurePetEmotionTelopChatScarySitOnTheGround
0x25b48224	Mii.CharacterParam.Activeness
0x25c88cdf	ClothBottomsPantsLongDefault
0x25cbe750	Work/Data/ClothParam/ClothBottomsDiaper.data__ClothParam.gyml
0x25cf3d29	TreasureGameEmotionTelopChatImpressedSitOnFerrisWheelEntrance
0x25cf4d1b	FaceOnly
0x25d81d71	DemoPR000076
0x25e05856	Childcare.Pending.HabitOwnInfo.GreetingShy.IsChecked
0x25e16be0	Player.InteriorRoomStyleInfo.Minimul07
0x25ec6fe2	NatureDVD
0x25efa387	Name
0x25f2eeb0	Table
0x25f38e5a	Player.InteriorRoomStyleInfo.Success00.State
0x25f6f325	Player.HabitInfo2.StomachBig
0x25fb3983	House.RoomStyleInfo.Flag.Heart00
0x25feebb6	Work/Confluence/PageInfo/HairAllLegacy051.pp__Confluence__PageInfo.gyml
0x2603581f	ChangeHairAccept_0
0x2605c7de	Work/Data/ClothParam/ClothTopsTshirtHalfBaseball.data__ClothParam.gyml
0x2612378e	ContentsCountByFocusLeading
0x2613edce	TreasureMovieEmotionTelopChatBlushAtRoom
0x262445a2	SF04
0x2629f6ac	TreasureRecordEmotionTelopChatNoFeaturesSpeech
0x262e87c7	Work/Confluence/PageInfo/HairFront062.pp__Confluence__PageInfo.gyml
0x262edda7	Player.InteriorRoomStyleInfo.Stuffed02.State
0x26306c41	Sauna00
0x2631969f	House.RoomStyleInfo.Flag.Garage04
0x2633fcfe	Event0047CH
0x26423140	TreasureGoods_Anything_House_Deject
0x2643ac3b	Player.InteriorRoomStyleInfo.Minimul01.LastObtainedSec
0x26539088	ClothBottomsBodyBaseBikini
0x26551344	ClothHeadwearGlassEyeMask
0x265e137c	Trouble_ChildBirth_Failure
0x2663a8d9	Work/Data/ClothModelParam/ClothTopslongBoxDressLongPolo.data__ClothModelParam.gyml
0x2664f7d1	ObjTreePalm
0x26682a17	Player.InteriorRoomStyleInfo.Sakura00.LastObtainedSec
0x26763bd4	Player.InteriorRoomStyleInfo.Party07.KeyHash
0x2677176d	Mii.Belongings.HabitOwnInfo.GreetingNoble.IsChecked
0x26792899	Player.GoodsInfo2.SpeechBubbleBronze.IsNewlyOwned
0x26795746	DailyLog.MiiEventOnFocusLeadingObjectCount
0x267bd947	Player.InteriorRoomStyleInfo.Rain00.IsNewlyOwned
0x267c1025	TreasureGameEmotionTelopChatNoveltySitOnTheGroundCircle
0x268820c7	ContentUgcBc1_Bc3SRGB
0x268b377d	LoveOrRoommate
0x268b5065	Childcare.Pending.HabitOwnInfo.GreetingBow.IsOwn
0x26932b50	UGC.MapFloor.NetworkDeliverCount
0x26998410	Trouble_Cloth2Fashionable_Failure
0x269ae3cd	Octahedron
0x269c9228	Player.InteriorRoomStyleInfo.Steampunk00.LastObtainedSec
0x269d4a65	Player.InteriorRoomStyleInfo.WesternStyle07.LastObtainedSec
0x269d962a	Normal-Good-Careless
0x26a4a909	Player.BuildingInfo2.KeyHash
0x26a65d65	Trouble_IslandEditRoadToMany_Success
0x26a862ce	TreasureGameEmotionTelopChatScarySitOnFerrisWheelEntrance
0x26ac6ffd	Work/Data/ClothModelParam/ClothBottomsSkirtBoxWrap.data__ClothModelParam.gyml
0x26afe578	MapObject.UgcObje
0x26b0b518	ObjVendingMachine_04
0x26b28ed6	Floor_Middle
0x26b75c67	Player.InteriorRoomStyleInfo.Camouflage03.LastObtainedSec
0x26bbe986	UGC.Text.TextData.WordAttrGrammaticality
0x26be2449	House.RoomStyleInfo.Flag.LockerRoom02
0x26c2b43f	Player.InteriorRoomStyleInfo.LockerRoom00.LastObtainedSec
0x26c3c245	Player.GoodsInfo2.WorkoutSet.State
0x26ccb94d	BrushGold
0x26ce4771	Mii.Belongings.HabitOwnInfo.GreetingAnnoying.IsChecked
0x26d1dba1	Relation_FriendAndMore_Outdoor_NotChat
0x26d2fac1	ClothShoesSandalSlipper
0x26dba59f	Work/Component/DestinationInfo/FacilityFerrisWheelSittingPosition.actor__DestinationInfo.gyml
0x26e631e3	ClothHeadwearHatJetSimple
0x26e67ba9	Player.InteriorRoomStyleInfo.Stuffed03.OwnNum
0x26eaa435	ClothSocksShortLeggings
0x26f4f38f	ClothTopslongDressLongClassic
0x26f520cb	Unlock.EnterAtelierCount
0x26f92d6e	Player.InteriorRoomStyleInfo.HoneycombTile04.KeyHash
0x26f96d63	Player.GoodsInfo2.MiniTerrarium.OwnNum
0x26fa5532	Work/Data/CoordinateClothInfo/Coordinate0177.data__CoordinateClothInfo.gyml
0x2703e8c3	Area00
0x27073417	Misc_WatchingTV
0x27154018	Coordinate
0x27179bbe	Work/Data/CoordinateClothInfo/Coordinate0088.data__CoordinateClothInfo.gyml
0x27199f3c	Work/Data/ClothParam/ClothHeadwearProtectorHalfHelmet.data__ClothParam.gyml
0x271a4369	Work/Data/ClothModelParam/ClothAccessoryChestFeather.data__ClothModelParam.gyml
0x271d4759	Player.InteriorRoomStyleInfo.Damask02.FirstObtainedSec
0x271da9c6	Work/Component/DestinationInfo/HouseOneRoomDoor.actor__DestinationInfo.gyml
0x271fe446	Work/Data/ClothModelParam/ClothHeadwearHatBoater.data__ClothModelParam.gyml
0x2720d857	ObjFlowerTulip_02
0x27227bf9	Work/Data/ClothParam/ClothTopsTshirtHalfIcecream.data__ClothParam.gyml
0x27242e53	Player.InteriorRoomStyleInfo.Heart04.FirstObtainedSec
0x2725e8ce	SprayType
0x2727670a	Player.HabitInfo2.WalkUneasily.IsNewlyOwned
0x272a3da4	Work/Data/CoordinateClothInfo/Coordinate0043.data__CoordinateClothInfo.gyml
0x272a6a9b	Player.InteriorRoomStyleInfo.Shoji00.InformedNewRelease
0x272bbdb4	Player.InteriorRoomStyleInfo.Japanese04.IsNewlyOwned
0x272c454c	Work/Data/ClothModelParam/ClothBottomsPantsLongRock.data__ClothModelParam.gyml
0x273b3321	PhotoStudio.NextIndex
0x273da4bc	ObjChristmas00_Cake
0x273e7f2a	Player.GoodsInfo2.DVDSF.OwnNum
0x274587d6	EnableAddFourthMii
0x274659d1	UGC.MapObject.UgcMaterialType
0x274829ca	Player.InteriorRoomStyleInfo.Pirate00.IsNewlyOwned
0x2749e095	Work/Confluence/PageInfo/HairBack007.pp__Confluence__PageInfo.gyml
0x274a553c	Player.GoodsInfo2.GameHorror.State
0x274e113e	MiiEvent_Event0019FL
0x27505f15	Childcare.Pending.HabitOwnInfo.StandStraight.State
0x27528484	Fruit00
0x275391e9	Childcare
0x275c428c	MiiEvent_Event0034CH
0x275c4ceb	Work/Data/ClothParam/ClothTopsTshirtHalfCamisoleTshirt.data__ClothParam.gyml
0x275cf84a	ObjHoneycomb00_Clock
0x275fbf7f	Player.InteriorRoomStyleInfo.Party07.OwnNum
0x275fd7ab	OK
0x2762f288	ClothTopsYshirtLongCollege
0x2764e679	AtoB
0x27650c4e	Player.InteriorRoomStyleInfo.Nobility00.FirstObtainedSec
0x27661e6b	Player.InteriorRoomStyleInfo.Garage07.InformedNewRelease
0x276aeeec	Tutorial
0x277016a3	ClothType
0x27702b97	Work/Data/ClothModelParam/ClothTopsYshirtLongPilotUniform.data__ClothModelParam.gyml
0x2770f9c3	Work/Data/ClothModelParam/ClothAccessoryBackMagicalStick.data__ClothModelParam.gyml
0x27734729	Mii.Belongings.HabitOwnInfo.StandAffected
0x277b2091	Work/Confluence/PageInfo/HairParts013.pp__Confluence__PageInfo.gyml
0x277cc0f9	Player.GoodsInfo2.PlasticModelParts.LastObtainedSec
0x277e6851	Trouble_DepressBase_Failure
0x27854e60	Work/Data/CoordinateClothInfo/Coordinate0152.data__CoordinateClothInfo.gyml
0x2796b8ec	Childcare.Pending.HabitOwnInfo.WalkStoop.IsChecked
0x279788ee	ClothHeadwearHatBowler
0x279a94a3	Work/Data/ClothModelParam/ClothTopsTshirtHalfTiedye.data__ClothModelParam.gyml
0x279f411b	Player.GoodsInfo2.Clione.LastObtainedSec
0x27a3a31b	ClothTopslongAlineSleevelessRetro
0x27a50764	Work/Data/CoordinateClothInfo/Coordinate0093.data__CoordinateClothInfo.gyml
0x27b0a2a4	ClothBottomsPantsWideSimpleHalf
0x27b108e8	Work/Confluence/PageInfo/HairAllLegacy031.pp__Confluence__PageInfo.gyml
0x27b5d95d	Player.InteriorRoomStyleInfo.Lace03.InformedNewRelease
0x27ba8624	Cashbox
0x27c18aaa	Dir1Grid_VendingMachine
0x27c327d7	NoGroup_Event0025FL2
0x27c425b9	News.IntervieweeMii
0x27c5458f	Player.InteriorRoomStyleInfo.Camouflage03.FirstObtainedSec
0x27c875d6	UGC.Exterior.Name
0x27ce5d45	Player.GoodsInfo2.GlassZaiku.OwnNum
0x27d20a00	ItemSnowman_Mouse_Demo
0x27d42642	Player.InteriorRoomStyleInfo.StarPrint04.FirstObtainedSec
0x27d4cc6e	Player.InteriorRoomStyleInfo.Fruit03.FirstObtainedSec
0x27d6b3f2	Work/Data/ClothModelParam/ClothAllMascotLongLion.data__ClothModelParam.gyml
0x27d79363	ObjBonfire_Center
0x27d7a2b0	Player.InteriorRoomStyleInfo.Dilapidated00.OwnNum
0x27d7affa	ObjJackOLantern_05
0x27d82323	Mii.Belongings.RoomStyleInfo.Flag.IceRink00
0x27daa272	ObjSeesaw_Goal_1
0x27dd1f67	Player.GoodsInfo2.ColorfulBasket.LastObtainedSec
0x27e077c6	Work/Data/ClothParam/ClothHeadwearProtectorShemagh.data__ClothParam.gyml
0x27e1589b	UltraBestId
0x27e411da	House.RoomStyleInfo.Flag.GardenWedding00
0x27e5d801	ProbabilityB
0x27ed8c61	Mii.Belongings.RoomStyleInfo.Flag.Camouflage03
0x27f2ecde	UGC.MapObject.Scale
0x27f9afda	Multi
0x27fb6ee5	House.RoomStyleInfo.Flag.Formula01
0x27fc047f	ObjGarage00_WorkBench
0x28061df9	Communicate010
0x28062175	Player.HabitInfo2.EatSecretly.LastObtainedSec
0x280a5a9c	Souvenir
0x280f2247	PrivateRoomPreview
0x280f7726	Work/Data/ClothParam/ClothAllCostumeLongBee.data__ClothParam.gyml
0x281218f9	Work/Confluence/PageInfo/HairAllLegacy095.pp__Confluence__PageInfo.gyml
0x2813925d	Mii.Belongings.HabitOwnInfo.StandHandsFront.State
0x281543e0	UGC.Editor.Sequence
0x2815491a	Work/Data/ClothModelParam/ClothHeadwearOrnamentTopLeaf.data__ClothModelParam.gyml
0x28169f84	Work/Data/CoordinateAttribute/Coordinate0166.data__CoordinateAttribute.gyml
0x2819f64a	ClothHeadwearCostumeDog
0x281b1ba7	Work/Data/CoordinateAttribute/Coordinate0126.data__CoordinateAttribute.gyml
0x2823dbd3	UGC.Cloth.Price
0x282c6e18	Player.GoodsInfo2.BentSpoon.State
0x2832e4ba	House.RoomStyleInfo.Flag.Dot03
0x283bc80f	Work/Confluence/PageInfo/HairParts001.pp__Confluence__PageInfo.gyml
0x283d25a8	Work/Confluence/PageInfo/HairBack049.pp__Confluence__PageInfo.gyml
0x284241a1	Player.InteriorRoomStyleInfo.Heart01.LastObtainedSec
0x2845351c	Player.GoodsInfo2.SwallowsNest
0x2846cce4	Player.InteriorRoomStyleInfo.Damask01.LastObtainedSec
0x284eb362	UgcIndex
0x284fef71	RoomSofa
0x2855acd1	Work/Data/ClothModelParam/ClothHeadwearHatApple.data__ClothModelParam.gyml
0x2857a4fa	Player.InteriorRoomStyleInfo.Jail00.State
0x285db625	Mii.Belongings.HabitOwnInfo.StandProudly.IsChecked
0x2860e10a	MiiEvent_Event0017CH
0x28631f13	EmotionTelopChatSurpriseGuitarShowAtRoom
0x28679bd8	Player.InteriorRoomStyleInfo.HoneycombTile00.LastObtainedSec
0x2869c647	EmotionTelopChatDarkSitKnittingOnTheHouseDeck
0x286bb2a0	StyleGroup_Grassland00
0x2877d719	Mii.Belongings.RoomStyleInfo.Flag.SmallFlower03
0x287e24f5	OnesideLoved
0x287f65d3	Work/Data/ClothModelParam/ClothHeadwearHatToque.data__ClothModelParam.gyml
0x28854a4f	Work/Data/ClothModelParam/ClothTopsTshirtHalfGeometric.data__ClothModelParam.gyml
0x28895d61	ObjFlowerPampasGrass
0x28898600	ObjFenceBarbed_06
0x288d8d68	Player.HabitInfo2.StandShakeHip.IsNewlyOwned
0x288dc409	EmotionTelopChatDateSitOnTheFerrisWheelEntrance
0x2896e278	FacilityFamilyRestaurant_DoorInside
0x28983f70	Work/Confluence/PageInfo/HairFront051.pp__Confluence__PageInfo.gyml
0x289e6657	Player.InteriorRoomStyleInfo.Otaku00.KeyHash
0x28a37dfe	Work/Data/ClothParam/ClothHeadwearOrnamentSideFlapper.data__ClothParam.gyml
0x28a6b5dc	House.RoomStyleInfo.Flag.Minimul07
0x28a72e72	TroubleLiveTogetherSuccess
0x28aa4980	Work/Data/ClothModelParam/ClothAccessoryBackSamba.data__ClothModelParam.gyml
0x28ab2496	Player.HabitInfo2.GreetingAnnoying.LastObtainedSec
0x28ac8342	ClothBottomsSkirtLongGradation
0x28beb8ea	Event0027CH2
0x28c19f9d	Player.GoodsInfo2.Pig.State
0x28c866e4	ObjArchAir_04
0x28cb7782	Work/Data/ClothModelParam/ClothTopsTshirtLongRaglan.data__ClothModelParam.gyml
0x28d1f543	Player.InteriorRoomStyleInfo.BigFlower03.InformedNewRelease
0x28d48f64	BuildingInfo2
0x28d555ea	ItemAccidentCollision03
0x28d5d537	Work/Data/ClothModelParam/ClothTopsTshirtLongLayer.data__ClothModelParam.gyml
0x28d62e91	Player.InteriorRoomStyleInfo.Christmas01.OwnNum
0x28d8b8cd	House.RoomStyleInfo.Flag.Heart01
0x28e3de18	TreasureMovieEmotionTelopChatNoveltyAtLivingFloor
0x28ec3ec4	Player.GoodsInfo2.Quoll.IsNewlyOwned
0x28f121a9	ObjLighthouse_05
0x28f6e279	MiiEvent_Event0027CH2
0x28f945bd	Work/Data/CoordinateClothInfo/Coordinate0188.data__CoordinateClothInfo.gyml
0x28fb45c2	Place_MapObj_Parasol_raw
0x28ffbb0a	Player.GoodsInfo2.Diamond.OwnNum
0x2904a6d2	DemoRestaurant4
0x2907c040	UGC.Exterior.EmissionPattern
0x2912130c	Player.InteriorRoomStyleInfo.Cemetery00
0x2916f2f3	Work/Data/CoordinateAttribute/Coordinate0055.data__CoordinateAttribute.gyml
0x29192ebe	Work/Data/ClothParam/ClothTopsCoatLongDuffle.data__ClothParam.gyml
0x291a3553	Work/Data/ClothParam/ClothHeadwearHatPointy.data__ClothParam.gyml
0x291f5f2d	Work/Data/ClothModelParam/ClothAllMascotLongTiger.data__ClothModelParam.gyml
0x2925ebff	Player.InteriorRoomStyleInfo.LockerRoom00.IsNewlyOwned
0x29286c61	Work/Data/CoordinateClothInfo/Coordinate0105.data__CoordinateClothInfo.gyml
0x2932cd0e	Mii.Belongings.HabitOwnInfo.VoiceGloomy.IsOwn
0x2935bc32	Player.GoodsInfo2.DVDCooking.IsNewlyOwned
0x29381665	EmotionTelopChatLove
0x293a35a9	Work/Data/ClothParam/ClothTopsYshirtLongSafetyVest.data__ClothParam.gyml
0x293e64ca	Work/Data/ClothModelParam/ClothAllBoxLongBuilding.data__ClothModelParam.gyml
0x2940fa1c	IsNewlyOwned
0x2941cc0d	Player.FoodShopDailyItem.IsUnlockedOtherRegion
0x294439fc	ClothTopsYshirtLongB3
0x294aaf84	UgcGoodsType
0x29516b5b	Mii.Belongings.RoomStyleInfo.Flag.Simple00
0x295a58bc	Work/Data/ClothParam/ClothTopslongAlineLongPompon.data__ClothParam.gyml
0x295eee56	Work/Data/ClothParam/ClothHeadwearOrnamentFrontNest.data__ClothParam.gyml
0x2964e2c9	House.RoomStyleInfo.Flag.Fantasy01
0x2967abb3	DemoDM104063
0x296924e6	PostDemo
0x296eb457	TreasureAnythingEmotionTelopChatBlushSitOnTheGround
0x2975c094	LvUPGoods_Guitar_Play_Outdoor
0x29785fdf	EmotionTelopChatLaughSitOnTheFerrisWheelEntrance
0x297c388c	MiiEvent_Event0038FL
0x297e71b3	Player.GoodsInfo2.Autograph.IsNewlyOwned
0x298009f3	Work/Data/ClothParam/ClothTopsTshirtSleevelessSimpleCamisole.data__ClothParam.gyml
0x29838f65	Branch_Event0022_TargetMiiNum4
0x2987a89e	Triangle04
0x29891743	Player.InteriorRoomStyleInfo.LightStick06.OwnNum
0x298ad662	House.RoomStyleInfo.Flag.LightStick02
0x298f8df2	Mii.Belongings.RoomStyleInfo.Flag.Garage03
0x29955245	Work/Data/CoordinateAttribute/Coordinate0302.data__CoordinateAttribute.gyml
0x299c5cad	Work/Data/CoordinateClothInfo/Coordinate0319.data__CoordinateClothInfo.gyml
0x29a0e7ed	Work/Data/ClothParam/ClothHeadwearCostumeCrab.data__ClothParam.gyml
0x29a3b630	Work/Confluence/PageInfo/HairParts017.pp__Confluence__PageInfo.gyml
0x29aece15	Player.GoodsInfo2.SoccerBall.OwnNum
0x29aee2f2	Player.HabitInfo2.EatSecretly.State
0x29b05081	Player.HabitInfo2.GreetingTypeCackle.State
0x29b494ed	ClothTopslongAlongLongKing
0x29b51b0b	House.RoomStyleInfo.Flag.SF04
0x29bbfdfc	Player.InteriorRoomStyleInfo.Stuffed00.InformedNewRelease
0x29bdbf9c	Player.HabitInfo2.EatCarefully
0x29c2300f	Work/Data/ClothParam/ClothShoesStandardMarine.data__ClothParam.gyml
0x29c3b815	Work/Data/ClothParam/ClothTopsTshirtLongBorder.data__ClothParam.gyml
0x29c3d252	Player.GoodsInfo2.Ticket.State
0x29c47116	ItemSundae_02
0x29c8b9d4	Work/Data/ClothParam/ClothBottomsSkirtMiniSequins.data__ClothParam.gyml
0x29d70f49	MagnifyingGlass
0x29dcf20e	Work/Data/ClothModelParam/ClothTopsOuterLongAnorak.data__ClothModelParam.gyml
0x29e5c9f0	Player.InteriorRoomStyleInfo.Dinosaur00.State
0x29e62704	EyebrowHeavyLowAngle
0x29eedc59	Mii.Belongings.HabitOwnInfo.StandSweatLot.IsChecked
0x29efe8f0	Trouble_LiveTogetherNewsHouse_Success
0x29eff4d7	Player.InteriorRoomStyleInfo.Fruit02.InformedNewRelease
0x29f1d6aa	ClothSocksBackRibbon
0x29f31c9c	EyebrowNormalFlatAngle
0x29fa6129	Player.GoodsInfo2.Pinata
0x2a073b9d	Mii.Belongings.HabitOwnInfo.StandAffected.State
0x2a0d97d0	ClothTopslongDressLongLolita
0x2a14be43	DropFromTree_Mii_CH
0x2a16dcdc	CacheMapId
0x2a1ee2eb	ClothSocksFishnet
0x2a217a54	Player.InteriorRoomStyleInfo.Baby02.KeyHash
0x2a25f17b	Player.GoodsInfo2.Spirit.State
0x2a292967	UGC.Cloth.IsNewlyOwned
0x2a303221	Work/Component/DestinationInfo/FacilityTower.actor__DestinationInfo.gyml
0x2a391b34	Work/Data/ClothParam/ClothAccessoryWaistHorse.data__ClothParam.gyml
0x2a3b6aac	TreasureAnythingEmotionTelopChatInterestingSitOnTheGroundCircle
0x2a3c5c6f	Player.GoodsInfo2.Floppy.OwnNum
0x2a3f3a49	MiiNews031
0x2a4158aa	Work/Data/ClothModelParam/ClothHeadwearHatMesh.data__ClothModelParam.gyml
0x2a4c382d	Sin
0x2a508762	Work/Confluence/PageInfo/HairAllLegacy061.pp__Confluence__PageInfo.gyml
0x2a538480	House_OuterParts
0x2a5b0d62	Player.GoodsInfo2.StuffedToyBear.State
0x2a5be342	TopslongMediumSleeveless
0x2a5bf4cb	Childcare.Pending.HabitOwnInfo.EatElegantly.IsChecked
0x2a5f9644	Work/Data/CoordinateAttribute/Coordinate0194.data__CoordinateAttribute.gyml
0x2a6455d6	House.RoomStyleInfo.Flag.SmallFlower03
0x2a6849a0	Event0030FL
0x2a69d41a	Work/Data/ClothModelParam/ClothAllBoxLongCardboardRobot.data__ClothModelParam.gyml
0x2a6f6328	Garage02
0x2a75685a	Work/Data/CoordinateClothInfo/Coordinate0203.data__CoordinateClothInfo.gyml
0x2a784e96	Player.GoodsInfo2.Diamond.IsNewlyOwned
0x2a7e231b	Player.InteriorRoomStyleInfo.Gold00.IsNewlyOwned
0x2a88f74e	Work/Data/Destination/ActionArea/RoomDollHouseLDK_FreeSpace.data__destination__ActionArea.gyml
0x2a8c03de	Player.InteriorRoomStyleInfo.Shoji00.FirstObtainedSec
0x2a8d899e	Minimul03
0x2a943205	Player.InteriorRoomStyleInfo.HoneycombTile01.IsNewlyOwned
0x2a9935e9	Work/Data/ClothParam/ClothHeadwearCostumeNinja.data__ClothParam.gyml
0x2a9bb6bb	Lovely01
0x2aa0e87e	InvitingGroupDemo_DemoChatCoupleGood
0x2aa6cabb	ChildGrowthPending
0x2aa6cc8c	House.RoomStyleInfo.Flag.Japanese01
0x2ab12fe4	ClothShoesLooseSocksBorder
0x2abb9587	Player.InteriorRoomStyleInfo.Camouflage00.LastObtainedSec
0x2ac1a432	ClothBottomsPantsLongWagara
0x2accdabf	Work/Data/ClothModelParam/ClothTopslongSalopetteHalfSafari.data__ClothModelParam.gyml
0x2acece4c	LvUPGoods_Guitar_House_Room_Chat_raw
0x2ad1018c	UGC.Cloth.BaseColor
0x2adaec46	LvUPGoods_NotePC_House_DiningTable_raw
0x2ae130aa	Mii.Feeling
0x2ae3915d	Work/Data/ClothParam/ClothTopslongAlineLongFormal.data__ClothParam.gyml
0x2ae3cd6e	VoiceGloomy
0x2af5a2da	Work/Data/ClothParam/ClothTopsYshirtLongBicolor.data__ClothParam.gyml
0x2afa6c7d	Player.HabitInfo2.EatCarefully.LastObtainedSec
0x2afbff85	ClothAllCostumeLongFrog
0x2b030a7a	Trouble_LiveApart_Failure
0x2b05f9e6	Player.InteriorRoomStyleInfo.BigFlower00.OwnNum
0x2b06a032	Work/Data/ClothParam/ClothBottomsPantsWideCheckHalf.data__ClothParam.gyml
0x2b0e181b	Work/Data/ClothModelParam/ClothTopsCoatHalfGladiator.data__ClothModelParam.gyml
0x2b0e19c4	Work/Data/ClothParam/ClothBottomsSkirtBoxDenim.data__ClothParam.gyml
0x2b18ae6a	Player.GoodsInfo2.ChessPieces.OwnNum
0x2b18cd37	Player.InteriorRoomStyleInfo.Halloween00.LastObtainedSec
0x2b1f6a38	Work/Data/ClothModelParam/ClothTopsTshirtSleevelessBasketball.data__ClothModelParam.gyml
0x2b205a75	EmotionTelopChatDateWalkingGuitarShow
0x2b215166	ObjTrain00_Strap
0x2b219835	Player.InteriorRoomStyleInfo.Snow00
0x2b246a86	ClothTopslongSalopetteLongSplashed
0x2b28b2e4	Player.GoodsInfo2.GameLoveSimulation.IsNewlyOwned
0x2b29f78f	Player.GoodsInfo2.Capybara.State
0x2b2c07c9	TreasureBookEmotionTelopChatInterestingSitOnTheBench
0x2b2eaae7	GreetingVitality
0x2b30079c	BeardType
0x2b32be07	Mii.MiiMisc.ClothInfo.BottomsB
0x2b36a6b5	TreasureGoods_Game_House_Sofa_raw
0x2b37a460	Work/Data/ClothParam/ClothTopsCoatLongSanta.data__ClothParam.gyml
0x2b3c40f8	Work/Confluence/PageInfo/HairAll074.pp__Confluence__PageInfo.gyml
0x2b3cdc3f	Baby00
0x2b3df357	Carpet05
0x2b3ec71f	Time0
0x2b3f22c7	AdditionalActionAfterPostDemoFashionShow
0x2b40b0ad	TreasureRecordEmotionTelopChatBlushAtRoomSpeech
0x2b476487	DailyLog.EnterPhotoStudioCount
0x2b4c6e3e	NoDir1Grid_Bonfire
0x2b4cdaf8	Work/Confluence/PageInfo/HairFront009.pp__Confluence__PageInfo.gyml
0x2b4e9079	Player.GoodsInfo2.RubberString
0x2b55f387	CameraMeetingMiiMyRoom
0x2b5b1f3d	ClothTopslongBoxDressLongAodai
0x2b5b33a1	Player.InteriorRoomStyleInfo.StainedGlass00.LastObtainedSec
0x2b5b7740	ClothBottomsPantsWideCorduroy
0x2b612148	ClothTopsOuterLongAran
0x2b638525	Mii.Belongings.HabitOwnInfo.WalkToeOut.IsOwn
0x2b73719a	Trouble_DepressStopConfession_Success
0x2b782597	Mii.Belongings.RoomStyleInfo.Flag.HoneycombTile00
0x2b7ae6f1	Player.GoodsInfo2.Ticket.IsNewlyOwned
0x2b7dbd78	Work/Data/ClothModelParam/ClothBottomsPantsWideBotanical.data__ClothModelParam.gyml
0x2b7fa11e	Work/Data/ClothModelParam/ClothBottomsPantsLongMonpe.data__ClothModelParam.gyml
0x2b858189	Player.InteriorRoomStyleInfo.Fantasy02.OwnNum
0x2b86a0e1	Player.GoodsInfo2.DirtySocks.LastObtainedSec
0x2b87527f	Relation.Info.DirectionalInfo.ThirdPersonRegionLanguageID
0x2b881856	Mii.MiiMisc.EntryInfo.NewEntryGameTime
0x2b8e813a	Work/Confluence/PageInfo/HairAll097.pp__Confluence__PageInfo.gyml
0x2b909d29	Fountain
0x2b9b8582	Sand_Road
0x2b9e48b8	Work/Data/ClothParam/ClothHeadwearMaskKatrina.data__ClothParam.gyml
0x2ba5e3b3	Childcare.Setting
0x2ba7c968	Work/Data/ClothParam/ClothTopsCoatLongSamuraiArmor.data__ClothParam.gyml
0x2baa6f04	TravelPlaceN004
0x2baa82a0	Player.GoodsInfo2.Loofah.State
0x2bb340a8	Player.GoodsInfo2.VenetianGlass.IsNewlyOwned
0x2bb34c58	Rose
0x2bb7cd0f	SurpriseOpenMouth
0x2bb8de63	Player.HabitInfo2.FaceLousy.IsNewlyOwned
0x2bbbafd4	Work/Data/ClothParam/ClothHeadwearHatTowel.data__ClothParam.gyml
0x2bbd1713	WalkToeOut
0x2bbefdb0	ObjSF00_Ceiling
0x2bca4fb9	Childcare.Pending.HabitOwnInfo.VoiceShiny.State
0x2bccbcf0	EntryTime
0x2bd03d8b	ClothHeadwearHatStrawWide
0x2bd19255	Work/Data/CoordinateClothInfo/Coordinate0291.data__CoordinateClothInfo.gyml
0x2bd1cf0d	Chinese00
0x2bd5b7fe	NoGroup_Event0048FL
0x2bd6d4ee	House.RoomStyleInfo.Flag.LightStick04
0x2bdc12af	NoGroup_Event0029FL
0x2bdfcc05	LightStick07
0x2be4a44d	MiddleRight
0x2be61e21	Player.InteriorRoomStyleInfo.HoneycombTile04.LastObtainedSec
0x2beb9cd7	Work/Data/ClothParam/ClothTopslongOverallSleevelessAerobics.data__ClothParam.gyml
0x2bedd49b	ObjNewlife00_Cushions
0x2bef288a	Dollar
0x2bf6dcc2	Work/Data/ClothModelParam/ClothTopsBase.data__ClothModelParam.gyml
0x2bfbd8a3	Player.InteriorRoomStyleInfo.Japanese00.InformedNewRelease
0x2c00a15a	TreasureRecordEmotionTelopChatImpressedAtRoom
0x2c02d495	LastNewsWatchedTime
0x2c033e7d	GroupKarateClass
0x2c047a38	ClothTopslongAlongLongFrilled
0x2c065bc5	Relax
0x2c0bb5de	House.RoomStyleInfo.Flag.Fruit06
0x2c1d61d8	Work/Data/ClothModelParam/ClothHeadwearHatFlowerCrown.data__ClothModelParam.gyml
0x2c24a872	PersonalComputer
0x2c27406b	Player.InteriorRoomStyleInfo.SmallFlower02.LastObtainedSec
0x2c29e5b4	Place_MapObj_Bench_NotChat_raw
0x2c2ddd29	Work/Data/ClothModelParam/ClothTopslongBoxDressSleevelessTropical.data__ClothModelParam.gyml
0x2c301818	Player.InteriorRoomStyleInfo.Wedding01.LastObtainedSec
0x2c31ab00	Work/Data/ClothParam/ClothHeadwearFullmaskPaperBag.data__ClothParam.gyml
0x2c36db19	DirectAge
0x2c388f97	Wall
0x2c3d1596	Mii.Belongings.RoomStyleInfo.Flag.StainedGlass00
0x2c3ef8f8	Player.InteriorRoomStyleInfo.Brick00
0x2c401f24	Terminate
0x2c4218b3	EmotionTelopChatSurpriseAtRoom
0x2c42c195	Work/Data/ClothParam/ClothHeadwearHatBaseball.data__ClothParam.gyml
0x2c4401cc	Work/Data/CoordinateClothInfo/Coordinate0121.data__CoordinateClothInfo.gyml
0x2c44e1dc	Player.InteriorRoomStyleInfo.Simple00
0x2c45697f	Player.HabitInfo2.StandShy.LastObtainedSec
0x2c490c24	KnittingSet
0x2c4b3a58	Player.HabitInfo2.BlinkLot.IsNewlyOwned
0x2c4ce331	ClothTopslongBoxDressLongGothic
0x2c55055d	Work/Data/ClothModelParam/ClothAccessoryNeckLoopTie.data__ClothModelParam.gyml
0x2c5563f3	ClothTopslongBoxDressLongKnit
0x2c5f6adf	Player.InteriorRoomStyleInfo.MovingBox00.OwnNum
0x2c6077a4	Work/Data/ClothParam/ClothTopslongOverallLongBajiJeogori.data__ClothParam.gyml
0x2c60da10	Work/Data/CoordinateAttribute/Coordinate0046.data__CoordinateAttribute.gyml
0x2c68c010	House.RoomStyleInfo.Flag.SF00
0x2c6a810e	Women
0x2c6d20b9	DemoDM104008S01
0x2c6da4fc	Work/Data/ClothModelParam/ClothHeadwearGlassCyber.data__ClothModelParam.gyml
0x2c70709a	Prism
0x2c7eb1e4	OnesideLoveCount
0x2c816f61	Player.InteriorRoomStyleInfo.SmallFlower00.OwnNum
0x2c84a80a	ObjStepStone_01
0x2c84ae75	TreasureGoods_Game_Floor_Outdoor
0x2c8ba9f3	Antique01
0x2c8d7fc7	Player.InteriorRoomStyleInfo.SmallFlower02
0x2c8f9762	Mii.Name.FirstPersonRegionLanguageID
0x2c912b5b	Snow00
0x2c94465e	Player.GoodsInfo2.Hedgehog
0x2ca14aec	TravelPlaceS001
0x2ca5d198	Player.InteriorRoomStyleInfo.Gym02
0x2ca80dc5	Work/Confluence/PageInfo/HairBack010.pp__Confluence__PageInfo.gyml
0x2cb2d28a	Relation_FriendAndMore_Night
0x2cc521e9	House.RoomStyleInfo.Flag.Camouflage01
0x2cc82645	ObjRock_Center
0x2ccbdd5e	Player.GoodsInfo2.Tuna.IsNewlyOwned
0x2ccd1a45	Work/Confluence/PageInfo/HairAllLegacy111.pp__Confluence__PageInfo.gyml
0x2ccd8dbd	Work/Data/CoordinateClothInfo/Coordinate0176.data__CoordinateClothInfo.gyml
0x2cce01d4	IslandEditTutorial01
0x2cd1789c	ClothTopsMantleLongPrince
0x2cd639c2	ObjBenchTerrace_01
0x2cd8c01b	Stick
0x2ce847be	ClothTopsTshirtLongSmock
0x2ce85867	AllMask
0x2ce94448	Player.InteriorRoomStyleInfo.Heart03
0x2cea9fbf	TrophyPlatinum
0x2ceaee62	Work/Data/ClothParam/ClothBottomsPantsLongRunning.data__ClothParam.gyml
0x2ceb818f	Player.GoodsInfo2.CeladonTeapot.OwnNum
0x2cef3df7	BreakingNewsFlag
0x2cf14c4e	Player.InteriorRoomStyleInfo.Simple00.LastObtainedSec
0x2cf57443	ClothAccessoryBagSatchel
0x2cf637c6	ContentIcon
0x2cf6caf5	Player.HabitInfo2.GreetingAnnoying.OwnNum
0x2cfd4736	House.RoomStyleInfo.Flag.LockerRoom01
0x2cfe9090	BlueSheet00
0x2d05a563	Marble
0x2d068d13	Work/Data/ClothModelParam/ClothAccessoryWaistHen.data__ClothModelParam.gyml
0x2d08f74d	Work/Data/ClothModelParam/ClothBottomsSkirtMiniStraw.data__ClothModelParam.gyml
0x2d0f07d5	Mii.Belongings.HabitOwnInfo.ChangeCloth
0x2d0fcaef	TreasureBookEmotionTelopChatScarySitOnFountain
0x2d142051	Player.InteriorRoomStyleInfo.HoneycombTile04.State
0x2d14fb0c	Work/Component/DestinationInfo/FacilityClothShop.actor__DestinationInfo.gyml
0x2d159a07	Player.InteriorRoomStyleInfo.Camouflage02
0x2d193acb	Player.InteriorRoomStyleInfo.Otaku03.KeyHash
0x2d211c02	CheerUpSuccessLove
0x2d256678	Player.InteriorRoomStyleInfo.LightStick06.FirstObtainedSec
0x2d26d7ce	ClothHeadwearHatBee
0x2d271339	UGC.Cloth.WordAttrCount
0x2d28a273	ClothBottomsPantsWideMultiStripe
0x2d28e342	ClothAllPlumpLongHamster
0x2d2aa591	Work/Data/ClothParam/ClothHeadwearCostumeCow.data__ClothParam.gyml
0x2d2e7211	Player.InteriorRoomStyleInfo.Stuffed01.LastObtainedSec
0x2d32048e	Player.GoodsInfo2.OneEarphoneIsMisissing.IsNewlyOwned
0x2d3a6b6e	Player.HabitInfo2.WalkFloat
0x2d3a8373	FacilityFamilyRestaurant_BreakupPlace
0x2d3cdb60	Player.InteriorRoomStyleInfo.Marble00.OwnNum
0x2d3d29c9	Work/Data/ClothParam/ClothTopsOuterLongCowichan.data__ClothParam.gyml
0x2d3f58f9	Place_MapObj_TableBench_WithLoversOnly_raw
0x2d3f80f4	UGC.Cloth
0x2d43cd68	Eerie
0x2d441aae	Stone_Undefined
0x2d4956d0	Mii.Belongings.RoomStyleInfo.Flag.Stuffed03
0x2d496347	Work/Data/ClothParam/ClothBottomsPantsLongShort.data__ClothParam.gyml
0x2d4f0d24	Index1
0x2d538d95	FacilityFerrisWheelStreetLamp
0x2d593989	Work/Data/ClothModelParam/ClothBottomsSkirtMiniDenimMini.data__ClothModelParam.gyml
0x2d59cf4a	FirstUgcMaking
0x2d64105c	Work/Confluence/PageInfo/HairAll021.pp__Confluence__PageInfo.gyml
0x2d64f588	Player.InteriorRoomStyleInfo.Japanese05.KeyHash
0x2d69b409	Phase0
0x2d70949a	ObjBenchHome
0x2d71dccb	Player.InteriorRoomStyleInfo.Beach00.KeyHash
0x2d74776c	InvitingGroupDemo_DemoDM104092
0x2d769708	FacilityFerrisWheelGondola_CenterPos
0x2d7d267b	Work/Data/CoordinateClothInfo/Coordinate0096.data__CoordinateClothInfo.gyml
0x2d7d7751	Player.GoodsInfo2.FallenLeaves
0x2d88397d	Work/Data/ClothParam/ClothAccessoryChestBadgeAnimal.data__ClothParam.gyml
0x2d8a7acc	BootNum
0x2d8be84a	House.RoomStyleInfo.Flag.SFX01
0x2d8d3fb0	FacilityInteriorShop_Entrance
0x2d8e732f	ChildRoom00
0x2d9c83e0	Player.InteriorRoomStyleInfo.Asianresort00.IsNewlyOwned
0x2d9ee302	Work/Data/ClothModelParam/ClothAccessoryBackFairy.data__ClothModelParam.gyml
0x2da48396	Mii.Belongings.HabitOwnInfo.WalkNoSwinging.State
0x2da73eab	Player.InteriorRoomStyleInfo.LightStick00
0x2daf5a78	NoGroup_Event0031CH
0x2db168c5	UGC.Food.EmissionPattern
0x2db47bc6	Mii.Belongings.HabitOwnInfo.StandShy
0x2db4d33e	InfoEnableGenerateGameTime
0x2dc28e72	Work/Data/CoordinateClothInfo/Coordinate0041.data__CoordinateClothInfo.gyml
0x2dc3625d	Work/Data/ClothModelParam/ClothTopsTshirtHalfRockBand.data__ClothModelParam.gyml
0x2dc44e72	Player.HabitInfo2.GreetingOsu.State
0x2dc60709	Work/Data/ClothModelParam/ClothShoesSandalSabo.data__ClothModelParam.gyml
0x2dc8e0f2	Player.InteriorRoomStyleInfo.HoneycombTile04
0x2dd86e5f	Communicate000
0x2dd8e3d1	Work/Data/ClothParam/ClothAccessoryBackSamba.data__ClothParam.gyml
0x2ddc7ccc	Mii.Belongings.RoomStyleInfo.Flag.Dot06
0x2ddf2489	Work/Data/ClothParam/ClothHeadwearHatCatCap.data__ClothParam.gyml
0x2de51c50	Player.InteriorRoomStyleInfo.Jail00
0x2deb0d13	Work/Data/ClothParam/ClothShoesSneakerRubberToe.data__ClothParam.gyml
0x2df14f78	Mii.Belongings.HabitOwnInfo.FaceBliss.State
0x2df7881a	ClothTopsYshirtHalfNurse
0x2df8755d	Work/Data/ClothModelParam/ClothTopsYshirtSleevelessStripe.data__ClothModelParam.gyml
0x2df8caf7	Player.GoodsInfo2.SatueOfLiberty.LastObtainedSec
0x2dfa2cbf	Coordinate0077
0x2dfcb91a	Sweets
0x2dfd3fa2	ClothHeadwearFullmaskGladiator
0x2e003158	Player.GoodsInfo2.PostcardSet.OwnNum
0x2e022820	ObjGame00_Desk
0x2e02fe97	ObjBell_01
0x2e054e40	RoomDollHouseLDK_AllSpace
0x2e062372	Player.InteriorRoomStyleInfo.LockerRoom01
0x2e06d7da	Player.GoodsInfo2.Tile
0x2e131976	ClothTopsYshirtLongWork
0x2e160edd	RoomStyleVariation_Name
0x2e20056f	MyHome
0x2e204e36	Fruit05
0x2e299ade	Childcare.Pending.HabitOwnInfo.EatSmell
0x2e309b78	EmotionTelopChatFervorSpeech
0x2e39a280	Work/Data/ClothModelParam/ClothTopslongAlineLongPompon.data__ClothModelParam.gyml
0x2e3a2ac6	PhotoStudioUnlockNewFlag
0x2e3a86c9	ObjRetropop00_Wallclock
0x2e401def	Player.InteriorRoomStyleInfo.Formula00
0x2e490046	Mii.Belongings.HabitOwnInfo.WalkLikeModel.IsOwn
0x2e50a051	ClothBottomsPantsLongPatch
0x2e51ba96	PickupMii
0x2e51c712	Player.InteriorRoomStyleInfo.Fruit03
0x2e5d9de0	Player.GoodsInfo2.Pinecone.State
0x2e5f57ad	Player.GoodsInfo2.MosquitoCoil.IsNewlyOwned
0x2e683c1a	Work/Data/ClothParam/ClothAccessoryNeckPearl.data__ClothParam.gyml
0x2e6873e8	Player.HabitInfo2.EatSecretly.IsNewlyOwned
0x2e6e0fdb	EmotionTelopChatDateWalkingRelaxGuitarShowAtRoom
0x2e73ad24	Work/Data/CoordinateAttribute/Coordinate0207.data__CoordinateAttribute.gyml
0x2e7c5df3	TreasureGoods_Anything_House_raw
0x2e822724	Faceline
0x2e83c11f	DemoSB044501
0x2e88f3a6	House.RoomStyleInfo.Flag.Stadium00
0x2e903e52	TreasureAnythingEmotionTelopChatDifficultSpeech
0x2e919b04	DemoPR000072
0x2e93d8b1	Player.InteriorRoomStyleInfo.Midcentury00.OwnNum
0x2e96f7d5	Player.GoodsInfo2.SpeechBubbleSilver.OwnNum
0x2e9ab3e5	Work/Confluence/PageInfo/HairAll002.pp__Confluence__PageInfo.gyml
0x2e9d5fd5	Player.GoodsInfo2.Amulet.OwnNum
0x2e9fd69e	ItemPaperCup
0x2ea08cbe	Player.InteriorRoomStyleInfo.TropicalSea00.OwnNum
0x2ea60c74	ClothBottomsSkirtBoxMouton
0x2ea6d45c	ClothAccessoryWaistPig
0x2ea8a394	Work/Data/ClothParam/ClothAccessoryNeckBijou.data__ClothParam.gyml
0x2ea9d148	Player.InteriorRoomStyleInfo.Party04.OwnNum
0x2eac0475	Player.InteriorRoomStyleInfo.Dot07.State
0x2eadd502	ObjStar00_Shelf
0x2eb2b718	Coordinate0210
0x2eb7dfb1	TreasureAnythingEmotionTelopChatScaryAtLivingFloor
0x2ec44983	Childcare.Pending.HabitOwnInfo.FaceBliss.IsChecked
0x2ecd1f05	Work/Data/ClothModelParam/ClothHeadwearFullfaceDivingHelmet.data__ClothModelParam.gyml
0x2ed116f4	Player.InteriorRoomStyleInfo.Candy00.LastObtainedSec
0x2ed68ffb	Work/Data/ClothModelParam/ClothAllMonsterLongDinosaur.data__ClothModelParam.gyml
0x2ee2f9ac	SitInAfSourceWithSleeping
0x2ee6808f	Work/Data/ClothParam/ClothTopsYshirtLongGaudy.data__ClothParam.gyml
0x2ef005d4	TravelPlaceN001S1
0x2ef21057	Grass_Road
0x2ef746b0	TreasureAnythingEmotionTelopChatInterestingSitOnTerraceBench
0x2ef804a0	Work/Data/ClothParam/ClothAccessoryBagDinosaur.data__ClothParam.gyml
0x2efcd1cb	Mii.Belongings.HabitOwnInfo.StandPutsGlasses.IsOwn
0x2f013333	ForAI
0x2f084465	Pound
0x2f0ac987	SideL
0x2f122393	Work/Data/ClothModelParam/ClothHeadwearGlassShield.data__ClothModelParam.gyml
0x2f13510f	Player.GoodsInfo2.HawaiiKeyChain.OwnNum
0x2f163fdc	Player.InteriorRoomStyleInfo.Train00.InformedNewRelease
0x2f19f777	Player.BootNum
0x2f36c40e	Player.InteriorRoomStyleInfo.Fruit02.OwnNum
0x2f3af482	Work/Confluence/PageInfo/HairBack051.pp__Confluence__PageInfo.gyml
0x2f3b7d03	LightBulb
0x2f3c0031	ClothHeadwearHatHeart
0x2f3c7534	FacilityFamilyRestaurant_ViewPos
0x2f427a0d	FacilityFamilyFerrisWheel_BreakupPlace
0x2f43602d	Childcare.Pending.HabitOwnInfo.WalkLikeModel
0x2f441765	Work/Data/ClothParam/ClothHeadwearCoverNightCap.data__ClothParam.gyml
0x2f44c0cd	Work/Data/CoordinateAttribute/Coordinate0339.data__CoordinateAttribute.gyml
0x2f4728e9	TopsOut
0x2f49e9c1	Work/Data/ClothParam/ClothAccessoryBackBee.data__ClothParam.gyml
0x2f4b3611	Work/Data/ClothModelParam/ClothHeadwearOrnamentSideButterfly.data__ClothModelParam.gyml
0x2f5041fb	Work/Data/CoordinateClothInfo/Coordinate0057.data__CoordinateClothInfo.gyml
0x2f57e72d	TreasureBookEmotionTelopChatScarySitOnFerrisWheelEntrance
0x2f5a6c0d	Work/Data/ClothParam/ClothHeadwearProtectorPilot.data__ClothParam.gyml
0x2f63b7d5	Unlock.PresentFoodCount
0x2f6aaaa1	TreasureBookEmotionTelopChatInterestingSpeech
0x2f72b3c8	ClothHeadwearFullfaceMotorcycle
0x2f793eb1	UGC.Goods.Name
0x2f79800a	Crystal
0x2f7aa047	FacilityFamilyRestaurant_TableSet_1
0x2f7bf650	Mii.MiiMisc.ClothInfo
0x2f7f17f6	SeasonUnlockMulti
0x2f82ca79	MapGrid.GridX.GridZ
0x2f847035	StandingLDKFreeSpaceWithDemo
0x2f84bfbb	CameraMeetingMiiLDK
0x2f88307e	Player.InteriorRoomStyleInfo.WoodBoard04.KeyHash
0x2f95b740	Work/Confluence/PageInfo/HairBack053.pp__Confluence__PageInfo.gyml
0x2f96203b	UGC.MapObject.MaterialTexScale
0x2f97be21	Work/Data/ClothParam/ClothAccessoryMufflerFlower.data__ClothParam.gyml
0x2f98bf2e	OnlySouth
0x2f990b46	LowLand
0x2fa0e6b3	Player.InteriorRoomStyleInfo.WesternStyle04.OwnNum
0x2fa100a3	Work/Data/ClothParam/ClothTopslongBoxDressLongLogo.data__ClothParam.gyml
0x2fa2da0f	Player.HabitInfo2.GreetingTypeNoting.OwnNum
0x2fa331ac	MiiEvent_Event0026FL
0x2fa36423	Winter
0x2fa7d530	EyebrowNormalLitleHighAngle
0x2faaf537	EmotionTelopChatDateWalkingSitOnSofa
0x2fabf4b3	Player.InteriorRoomStyleInfo.Otaku03.LastObtainedSec
0x2fb09a67	Work/Data/ClothParam/ClothHeadwearOrnamentTopTag.data__ClothParam.gyml
0x2fb339f7	Work/Data/ClothParam/ClothHeadwearHatSimpleCap.data__ClothParam.gyml
0x2fb9146d	UGC.Cloth.ClothSeasonType
0x2fbad319	MiiEvent_Event0032FL
0x2fbd4034	DemoPR000116
0x2fc58b03	InvitingGroupDemo_DemoChatBadBoys
0x2fc7cb1d	Player.GoodsInfo2.PlasterFigure.IsNewlyOwned
0x2fc91862	ClothTopslongBoxDressLongPolo
0x2fcbae26	Trouble_IslandEdit_Success
0x2fd05cff	Work/Data/ClothParam/ClothTopsYshirtHalfNecktie.data__ClothParam.gyml
0x2fd39c17	Player.InteriorRoomStyleInfo.Abduction00.State
0x2fd4410b	SystemCape_ToSea
0x2fd4f73c	Branch_Event0041FL_Negative
0x2fd9785b	GrandParent
0x2fea68f9	Work/Data/CoordinateClothInfo/Coordinate0342.data__CoordinateClothInfo.gyml
0x2fea715d	ClothTopsTshirtHalfGeometric
0x2ff116e0	Work/Data/CoordinateAttribute/Coordinate0087.data__CoordinateAttribute.gyml
0x2ff1e904	Work/Data/CoordinateClothInfo/Coordinate0165.data__CoordinateClothInfo.gyml
0x2ff23bd7	ClothShoesSandalRibbon
0x2ff517c7	House.RoomStyleInfo.Flag.Snow00
0x2ff9713e	ClothShoesBootsLongRain
0x2ffcac46	Chipmunk
0x2fff8971	Work/Data/ClothParam/ClothTopslongAlineSleevelessMarine.data__ClothParam.gyml
0x300168bb	Childcare.Pending.HabitOwnInfo.EatWild.IsOwn
0x30051ea1	Laptop_Use_Left
0x3006be9d	Player.InteriorRoomStyleInfo.Asianresort01.FirstObtainedSec
0x300b14e5	Unlock.InnerRoomLivingRoomChangeCount
0x300bc300	Player.GoodsInfo2.JoggingSet.IsNewlyOwned
0x300c2f19	Work/Confluence/PageInfo/HairFront056.pp__Confluence__PageInfo.gyml
0x300dd20c	Player.InteriorRoomStyleInfo.BigFlower02
0x3014a3dc	Player.InteriorRoomStyleInfo.Classroom00
0x301918d1	Player.InteriorRoomStyleInfo.Jungle00.KeyHash
0x30194157	Construction00
0x301c52cc	Dinosaur01
0x3025f187	Mii.Belongings.HabitOwnInfo.GetAngryTypeHard.IsChecked
0x302bc44e	Work/Data/ClothModelParam/ClothAllPlumpLongPenguin.data__ClothModelParam.gyml
0x302d6649	FloorUse
0x302eb95f	ClothHeadwearHatNightCap
0x30391427	PresentInteriorCount
0x303cdaa7	ClothBottomsSkirtMiniFlare
0x30431c3d	Player.InteriorRoomStyleInfo.SmallFlower02.InformedNewRelease
0x3046f964	UGC.SuspendData.AttrTouchType
0x30491341	UgcFood
0x30491774	VirtualBoy
0x304b8f29	Player.InteriorRoomStyleInfo.Snow00.IsNewlyOwned
0x304c8ed4	Work/Data/ClothModelParam/ClothAllCostumeLongMushroom.data__ClothModelParam.gyml
0x304de54b	Player.InteriorRoomStyleInfo.WoodBoard00.LastObtainedSec
0x305003c1	AdditionalActionAfterPostDemoFireworksAerial
0x30525a10	Player.HabitInfo2.Chicken.IsNewlyOwned
0x3058e05a	NextId
0x305dc7ff	IslandName
0x305f22d1	Player.TroubleInfo.GenerateCount
0x306439c2	Player.IsLocalNetworkFirstReceivedMii
0x30686da7	Player.InteriorRoomStyleInfo.SF02.InformedNewRelease
0x306e850a	ObjMinimul00_Plant
0x3072706d	SystemSeaside_Edge
0x307293c2	Work/Confluence/PageInfo/HairAll030.pp__Confluence__PageInfo.gyml
0x3073a34d	GuitarCycleField
0x3073d391	Player.InteriorRoomStyleInfo.BigFlower02.KeyHash
0x30742b90	Work/Data/CoordinateAttribute/Coordinate0216.data__CoordinateAttribute.gyml
0x30753272	Work/Data/ClothModelParam/ClothAccessoryBackButterfly.data__ClothModelParam.gyml
0x307953f0	Work/Data/ClothParam/ClothHeadwearHatCamouflage.data__ClothParam.gyml
0x307feefa	UGC.Food.AttrTaste
0x3084de63	Childcare.Pending.HabitOwnInfo.LifeTimeNightOwl.IsChecked
0x3084ec03	Player.InteriorRoomStyleInfo.Fruit04.KeyHash
0x30851c57	EmotionTelopChatDateWalkingRelaxGuitarShow
0x30870223	ClothTopsCoatLongNocollar
0x3089fcf7	Player.InteriorRoomStyleInfo.Minimul05.LastObtainedSec
0x308bad07	ObjCardboard00_CardboardB2
0x308ef934	Player.ClothShopDailyItem.IsNeedShowNew
0x308fe5cb	Player.InteriorRoomStyleInfo.Dot00.InformedNewRelease
0x309359da	ClothHeadwearGlassPhantomThief
0x3098e4e3	ClothSocksWholeLace
0x3099db6f	Softcream
0x309b59ca	CenterActorOffset
0x309d783f	FacilityFamilyFerrisWheel_MeetingPlace2
0x30a023d1	Work/Data/CoordinateAttribute/Coordinate0122.data__CoordinateAttribute.gyml
0x30a35a75	ClothShoesBootsLongSamuraiProtection
0x30a4448d	Player.GoodsInfo2.PigPiggyBank
0x30b12fd0	EnabledByDefault
0x30b24c57	Work/Data/ClothModelParam/ClothTopsOuterLongMA1.data__ClothModelParam.gyml
0x30b2e387	Unset
0x30b31248	Work/Data/ClothModelParam/ClothShoesSandalSchool.data__ClothModelParam.gyml
0x30b77bbf	EmotionTelopChatSecretSitOnTheBench
0x30b7d4a0	MiiEvent_Common_WithOnesideLover_Success
0x30b88ede	House.RoomStyleInfo.Flag.Camouflage00
0x30bac814	Outdoor
0x30bc2f8f	Player.InteriorRoomStyleInfo.Damask05.InformedNewRelease
0x30bc43b4	BloodMiiIndex
0x30c02b53	Mii.Belongings.HabitOwnInfo.GreetingShy.IsChecked
0x30c1691a	Player.GoodsInfo2.WoodenCarvingBear.State
0x30c289df	Coordinate0064
0x30c5c8ca	Cheer
0x30cefc0b	House.RoomStyleInfo.Flag.Stuffed00
0x30d1b2e5	OuterHouseChangeCount
0x30daf72c	Player.HabitInfo2.FaceSmug.LastObtainedSec
0x30dbbf42	TreasureBookEmotionTelopChatNoveltySitOnTheGroundCircle
0x30dcf0ac	Player.GoodsInfo2.Alien2.LastObtainedSec
0x30de880c	Event0033CH
0x30df706b	Player.InteriorRoomStyleInfo.SmallFlower05.OwnNum
0x30e34a3a	Mii.Trouble.Info.TargetMapObject.GridPosY
0x30e9c462	Work/Data/CoordinateAttribute/Coordinate0255.data__CoordinateAttribute.gyml
0x30eae70e	Player.InteriorRoomStyleInfo.Lace05.FirstObtainedSec
0x30ebfc39	ObjSafetyCone
0x30ef9386	Work/Data/ClothModelParam/ClothAllBodySuitLongBodySuit.data__ClothModelParam.gyml
0x30f18e38	Other_Table
0x30f65195	Work/Data/ClothModelParam/ClothHeadwearCostumeStagBeetle.data__ClothModelParam.gyml
0x30fa5e66	Place_MapObj_EruptingFireworks_WithLovers_raw
0x30fb3033	Ballet
0x30fcc1dd	Player.InteriorRoomStyleInfo.Garage04.IsNewlyOwned
0x3101c06f	House.RoomStyleInfo.Flag.SF05
0x3102ba00	Showa00
0x31039780	Player.InteriorRoomStyleInfo.Otaku00.InformedNewRelease
0x3107f912	Player.InteriorRoomStyleInfo.WoodBoard01.State
0x31102a72	TreasurePetEmotionTelopChatNoveltySpeech
0x3111a861	Player.InteriorRoomStyleInfo.Grassland00
0x31146bb5	Player.GoodsInfo2.CDIdol.State
0x31152999	Player.InteriorRoomStyleInfo.Damask06.KeyHash
0x311f2abb	Player.InteriorRoomStyleInfo.WesternStyle05.FirstObtainedSec
0x3125c68a	Work/Component/DestinationInfo/FacilityItemShop.actor__DestinationInfo.gyml
0x31262a6f	HelpAccidentNegativeFeeling
0x31280976	TravelPlaceN014
0x312977de	Unlock.InnerRoomPrivateRoomChangeCount
0x312a34b7	Work/Confluence/PageInfo/HairFront030.pp__Confluence__PageInfo.gyml
0x312b367d	Player.BuildingInfo2
0x312f0d88	Player.HabitInfo2.VoiceGloomy.IsNewlyOwned
0x3132cc7d	Player.InteriorRoomStyleInfo.Garage04.FirstObtainedSec
0x3132d401	ParamSetting
0x3135612e	Shoji01
0x314a2f52	Mii.Belongings.RoomStyleInfo.Flag.Japanese02
0x314a3269	ClothHeadwearOrnamentSideRibbon
0x314c20d5	TreasureBookEmotionTelopChatBlushAtRoomSpeech
0x31560098	Restaurant
0x3158fd65	Work/Data/CoordinateClothInfo/Coordinate0305.data__CoordinateClothInfo.gyml
0x315a79c1	Player.InteriorRoomStyleInfo.Gym01.State
0x315d49b6	Work/Data/ClothParam/ClothAccessoryBackGuitarCase.data__ClothParam.gyml
0x315da155	DailyLog.ContentsCountByPickUp
0x31612d5b	Player.InteriorRoomStyleInfo.Japanese00.FirstObtainedSec
0x3162321f	Work/Data/ClothParam/ClothTopslongAlineHalfSailor.data__ClothParam.gyml
0x31663dd6	TreasurePetEmotionTelopChatScaryAtRoomSpeech
0x31697a11	Mii.Belongings.HabitOwnInfo.FaceCloseEyes.IsChecked
0x316b7a09	Player.InteriorRoomStyleInfo.Club00.State
0x316f9c61	Player.HabitInfo2.StandRestless.State
0x31706190	Player.GoodsInfo2.BookPicture.LastObtainedSec
0x31714097	Player.InteriorRoomStyleInfo.Sushi00
0x31729b2c	Player.InteriorRoomStyleInfo.Dot05.KeyHash
0x31770cf0	Work/Data/ClothModelParam/ClothAllMonsterLongTurkey.data__ClothModelParam.gyml
0x317d3937	Childcare.Pending.HabitOwnInfo.WalkNoSwinging
0x317d9824	ObjLovely00_Table
0x31828031	ClothHeadwearCostumeCow
0x31879e64	Childcare.Pending.HabitOwnInfo.StandLeanForward.State
0x318904d8	Concrete_Road
0x318b28c3	ObjAsianResort00_CurtainW
0x318e391c	AIType
0x3193cd2e	Player.InteriorRoomStyleInfo.WoodBoard03.KeyHash
0x3194aa4c	Childcare.Pending.HabitOwnInfo.GreetingTypeCackle.IsOwn
0x3195f31d	ClothTopsCoatHalfBigTee
0x3196d253	Player.InteriorRoomStyleInfo.Candy02
0x31990066	Friend_PrivateExecutable
0x31994085	Work/Data/ClothModelParam/ClothShoesSandalRound.data__ClothModelParam.gyml
0x319b13e9	TreasureBookEmotionTelopChatNoFeaturesAtLivingFloor
0x319b2a10	SpaceCenterPos
0x31a0ef76	UgcObje
0x31a1d390	FacilityFamilyRestaurantTableSet_WaitingPlaceBeforeSitting3
0x31a62239	RelaxLivingFloorGroup
0x31ac81bf	Smug
0x31af3ffa	Relation_FriendAndMore_House_Chat
0x31b4a62f	UGC.MapFloor.IsNewlyOwned
0x31ba685a	Player.GoodsInfo2.IncenseBurner.State
0x31bb5bee	Work/Mii/EyeAccessoryParam/Eye054.mii__EyeAccessoryParam.gyml
0x31c0aaa1	ClothTopslongOverallSleevelessSwimwear
0x31c3310d	Work/Data/ClothParam/ClothShoesSandalKungfu.data__ClothParam.gyml
0x31c38f71	Player.GoodsInfo2.Daruma.State
0x31d035a1	House.RoomStyleInfo.Flag.WesternStyle04
0x31d4439f	Player.InteriorRoomStyleInfo.BigFlower01.FirstObtainedSec
0x31e4f675	ClothAccessoryBackFlower
0x31e7be0b	Player.GoodsInfo2.AmethystDome.OwnNum
0x31e8d694	ObjTreeElectric_06
0x31eda752	Player.GoodsInfo2.Flamingo.State
0x31f579a0	Work/Data/ClothModelParam/ClothHeadwearHatCA.data__ClothModelParam.gyml
0x31f71630	MakeLaughToIrritate
0x32004088	Work/Data/CoordinateAttribute/Coordinate0229.data__CoordinateAttribute.gyml
0x3204b478	Work/Data/ClothParam/ClothShoesSandalBear.data__ClothParam.gyml
0x320d035d	Player.InteriorRoomStyleInfo.WoodBoard01.FirstObtainedSec
0x32111efe	ClothTopsYshirtLongTurtleneckKnit
0x32112938	Player.InteriorRoomStyleInfo.Garage06.LastObtainedSec
0x3211dd7b	Partner_CanExecuteLoveryDemo
0x321bd154	UniversalBillboardItemUI_Use_Left
0x321e2d67	ObjFantasy00_PlantG
0x3220c0a8	BaseScale
0x3228f98a	Work/Data/ClothModelParam/ClothTopsYshirtLongCoachJacket.data__ClothModelParam.gyml
0x32315fdc	CDNurseryRhyme
0x323170b1	Work/Data/ClothModelParam/ClothAccessoryWaistBee.data__ClothModelParam.gyml
0x323276e6	Work/Data/ClothParam/ClothTopsYshirtLongCorduroy.data__ClothParam.gyml
0x32331450	Player.GoodsInfo2.FlySwatter.State
0x3235d1e0	Player.InteriorRoomStyleInfo.Damask04.InformedNewRelease
0x323aab7a	Player.InteriorRoomStyleInfo.WesternStyle02.State
0x323d56ec	TreasureGameEmotionTelopChatScarySitOnTheGround
0x323d8f97	Trouble_ReturnConfession_Success
0x323dcc97	Work/Data/CoordinateClothInfo/Coordinate0031.data__CoordinateClothInfo.gyml
0x32458e48	ObjAntique00_WallDecoW
0x3246b7dc	Player.InteriorRoomStyleInfo.LightStick05.LastObtainedSec
0x324e992e	House.RoomStyleInfo.Flag.HoneycombTile01
0x32562f1a	Work/Data/CoordinateClothInfo/Coordinate0178.data__CoordinateClothInfo.gyml
0x325fc0bf	Work/Data/ClothParam/ClothAccessoryMufflerCheck.data__ClothParam.gyml
0x3260c282	Player.InteriorRoomStyleInfo.Damask06.FirstObtainedSec
0x3265a7ca	News.ContentMii
0x326cea25	Player.InteriorRoomStyleInfo.WesternStyle00.FirstObtainedSec
0x32818e65	Work/Data/ClothParam/ClothBottomsPantsWideDenimHalf.data__ClothParam.gyml
0x32865de7	ClothAccessoryBackMagicalStick
0x328a506b	Work/Data/ClothModelParam/ClothTopslongSalopetteLongStar.data__ClothModelParam.gyml
0x3290a04e	Player.GoodsInfo2.GearParts.LastObtainedSec
0x3293a832	Player.GoodsInfo2.Octahydrone
0x3298a18c	LeadFocusToHomeAgain
0x3299e612	Work/Data/ClothParam/ClothHeadwearHatPolice.data__ClothParam.gyml
0x32a49a3c	Mii.MiiMisc
0x32a4f455	ClothSocksStarLeggings
0x32aa5244	Work/Data/CoordinateAttribute/Coordinate0124.data__CoordinateAttribute.gyml
0x32aab460	Work/Data/ClothModelParam/ClothTopsYshirtHalfHappi.data__ClothModelParam.gyml
0x32aba241	Player.GoodsInfo2.StuffedToyBear.IsNewlyOwned
0x32ac6dca	Childcare.Pending.HabitOwnInfo.GreetingMacho
0x32aee135	Work/Data/CoordinateClothInfo/Coordinate0192.data__CoordinateClothInfo.gyml
0x32af7d66	Childcare.Pending.HabitOwnInfo.StandToeOut.State
0x32b53ed4	Levelup
0x32b5c668	ReplicaSwordFight
0x32b612fd	ItemMug
0x32b96e5a	MiiHistory.Info.ItemRawId
0x32bd0c79	DailyLog.EnterEncyclopedia
0x32c0d3f9	Player.InteriorRoomStyleInfo.Camouflage03.InformedNewRelease
0x32c10bdc	Player.BuildingInfo2.FirstObtainedSec
0x32c144cc	Event0005FL
0x32c3e853	GameFeature
0x32c4ff30	ClothSocksLeggingsBorder
0x32d07245	Player.GoodsInfo2.SpeechBubblePlatinum.State
0x32d23d3e	Player.HabitInfo2.WalkFloat.LastObtainedSec
0x32d397bb	CryCM
0x32d7ee30	WorkoutSet
0x32dbe991	Childcare.Pending.Voice
0x32e97527	IsSelectedGoodHairChangeTalk
0x32f326e5	Trouble_ClothPTops_Success
0x32f55e1a	Player.GoodsInfo2.YogaSet.State
0x32ff47bd	Work/Data/ClothModelParam/ClothTopsTshirtLongBorder.data__ClothModelParam.gyml
0x32ff92fd	ObjAntique00_WallDecoN
0x3305bdfb	LvUPGoods_Knitting_House_Deject
0x3306247d	Player.GoodsInfo2.CDAnimeSong.LastObtainedSec
0x3306e422	Work/Data/ClothParam/ClothTopsYshirtPuffDolly.data__ClothParam.gyml
0x33079898	EyelidLower
0x330a9e32	ObjAtelier00_Can
0x330cc1bf	ObjTea00_Tokonoma
0x330efbda	Player.InteriorRoomStyleInfo.Flowergarden00.LastObtainedSec
0x33121798	Burnt
0x3317bfe7	TV
0x33186a3e	Player.LastRegionLanguageID
0x331a5658	TreasureAnythingEmotionTelopChatScaryAtRoomSpeech
0x331de9f5	ClothHeadwearHatBucket
0x331e5a8d	ObjWedding00_Flower
0x33272508	ClothBottomsPantsLongDown
0x332af481	UGC.MapObject.OwnNum
0x33391f1c	Player.InteriorRoomStyleInfo.MovingBox00.InformedNewRelease
0x333e9729	PhotoStudio.LastSavePhotoTime
0x3342b188	LvUPGoods_NotePC_Floor_House
0x3344f0a2	Work/Data/CoordinateClothInfo/Coordinate0148.data__CoordinateClothInfo.gyml
0x334a12e2	InvitingGroupDemo_DemoCommunicate002
0x334fe3d3	Work/Data/Destination/ActionPoint/FacilityInteriorShop_ViewPos.data__destination__ActionPoint.gyml
0x335474d3	Honey
0x33576071	UgcMapObject
0x335a0363	TreasureAnythingEmotionTelopChatDifficultSitOnTerraceBench
0x33600461	TreasureAnythingEmotionTelopChatNoveltyAtRoomSpeech
0x336466cf	Success
0x3366c93f	Childcare.Pending.HabitOwnInfo.EatCute.IsOwn
0x336732fd	Work/Data/CoordinateAttribute/Coordinate0299.data__CoordinateAttribute.gyml
0x336955c5	Player.InteriorRoomStyleInfo.Lace05.OwnNum
0x336f2c99	InnerRoomChangeCount
0x3383e724	UGC.Interior.PlayerName
0x3392ffc7	Player.GoodsInfo2.GameAdventure.LastObtainedSec
0x339703ea	Work/Data/CoordinateAttribute/Coordinate0088.data__CoordinateAttribute.gyml
0x339afa8a	UGC.Food.EntryTime
0x339d0c57	ClothBottomsPantsWideCheckCargo
0x339d5bcf	Player.GoodsInfo2.Crystal.State
0x33a1c767	LvUPGoods_ReplicaSword_Outdoor_raw
0x33a6164c	Player.GoodsInfo2.Robot.OwnNum
0x33ab4df6	Sweet
0x33b513eb	Player.HabitInfo2.WalkToeIn.IsNewlyOwned
0x33b6980e	ClothTopslongUgcAlineHalf
0x33bd6ca7	Work/Data/ClothParam/ClothAllCostumeLongFrog.data__ClothParam.gyml
0x33c5bf72	DemoPR000103Goods00
0x33c6595e	UGC.MapObject.NetworkUuid
0x33c71e03	EmotionTelopChatSadSitOnTheFerrisWheelEntrance
0x33d13723	Player.GoodsInfo2.EmbroideryWallHanging.IsNewlyOwned
0x33d5f507	Work/Data/ClothParam/ClothAccessoryBackSword.data__ClothParam.gyml
0x33d8acaa	StyleGroup_InterviewBoard00
0x33d980d2	Player.GoodsInfo2.MirrorBall
0x33e1221a	FireWorkGroup
0x33e2daf1	LvUPGoods_Ballet_House_raw
0x33e50cc2	Work/Data/ClothModelParam/ClothTopsCoatLongNocollar.data__ClothModelParam.gyml
0x33e57453	Player.InteriorRoomStyleInfo.SmallFlower00.IsNewlyOwned
0x33e9efc5	Kids01
0x33ea86ef	IsIslandForIntroduction
0x33ee118d	Player.HabitInfo2.OftenCrossArms
0x33f23fde	ObjGame00_Sword
0x33f5343b	Childcare.Pending.HabitOwnInfo.VoiceSmall.IsChecked
0x33f71446	ObjAntique00_Chair
0x33f719f0	Player.InteriorRoomStyleInfo.Lace02.IsNewlyOwned
0x33f744c4	Work/Confluence/PageInfo/HairAllLegacy094.pp__Confluence__PageInfo.gyml
0x3400755f	Player.GoodsInfo2.Chipmunk.OwnNum
0x34013ae3	InvitingGroupDemo_DemoChatCoupleBad
0x3408e63a	Player.InteriorRoomStyleInfo.Minimul02.State
0x340d2071	Player.InteriorRoomStyleInfo.WoodBoard03.FirstObtainedSec
0x34102d4f	PaintedWood07
0x34122584	Player.InteriorRoomStyleInfo.Midcentury00.State
0x341636d3	Player.InteriorRoomStyleInfo.Heart04.State
0x34190cdf	Mii.HomeLiveTime.StartLiveTogetherTime
0x34193573	Work/Data/ClothModelParam/ClothAllCylinderLongPepper.data__ClothModelParam.gyml
0x341cc641	EmotionTelopChatSecretAtRestaurant
0x3424178a	ClothHeadwearHatHunting
0x34245e22	Player.GoodsInfo2.AnimalFlowerpot
0x342650e9	Mii.Belongings.HabitOwnInfo.StandShakeHip.State
0x3427ee09	Player.InteriorRoomStyleInfo.Garage05.InformedNewRelease
0x342baac5	Brooklyn01
0x34356317	Universal
0x343cf3c7	Work/Data/ClothModelParam/ClothTopslongAlongLongVintage.data__ClothModelParam.gyml
0x343d10e4	NoGroup_Event0027CH2
0x34405456	ObjCoolModern00_WallDeco
0x3446efb0	TopslongPuff
0x3452ea77	Work/Confluence/PageInfo/HairFront035.pp__Confluence__PageInfo.gyml
0x34557477	ClothTopsYshirtLongWideStripe
0x34568605	OuterHouseDeco
0x345e8b71	Work/Data/ClothParam/ClothTopsYshirtHalfHibiscus.data__ClothParam.gyml
0x3462d041	Trouble_Cloth2Bad_Success
0x346f91a9	Work/Data/CoordinateAttribute/Coordinate0116.data__CoordinateAttribute.gyml
0x34720e3a	Childcare.Pending.HabitOwnInfo.StomachSmall.IsChecked
0x3473d05a	Player.InteriorRoomStyleInfo.Training00.IsNewlyOwned
0x34740246	Dir1Grid_SwingRider
0x34746df7	ItemCutCake
0x34768fc6	Work/Data/CoordinateClothInfo/Coordinate0050.data__CoordinateClothInfo.gyml
0x347ca26a	SeasonalLiberationSpring
0x3481aa00	ChangeRelationCondition
0x3482b943	Work/Data/ClothParam/ClothTopslongBoxDressSleevelessBathTowel.data__ClothParam.gyml
0x34874ca0	Lover_CanExecuteLoveryDemo
0x34875da2	Digital
0x348a9fd1	ClothShoesBootsLongWestern
0x348ab15d	Dir1Grid_Pinwheel
0x348fce05	Player.InteriorRoomStyleInfo.Party07.InformedNewRelease
0x3492bd2e	ClothTopslongDressHalfMagical
0x349f1765	ClothAccessoryBackFeather
0x34a62eeb	Work/Data/ClothParam/ClothAllCostumeLongBird.data__ClothParam.gyml
0x34a6b7f5	Mii.Belongings.RoomStyleInfo.Flag.Heaven00
0x34aa1d0d	Work/Data/ClothParam/ClothBottomsPantsWideKnit.data__ClothParam.gyml
0x34ae6dd1	Player.GoodsInfo2.GamePuzzle.LastObtainedSec
0x34b03aac	Player.GoodsInfo2.RadenAccessoryCase.IsNewlyOwned
0x34b1e2b8	Player.GoodsInfo2.NatureDVD.State
0x34b5d50c	Player.GoodsInfo2.DVDLive.OwnNum
0x34ba6119	UGC.Exterior.UvPatternIdx
0x34c030be	Work/Data/CoordinateClothInfo/Coordinate0029.data__CoordinateClothInfo.gyml
0x34c6fa0e	TutorialRoad
0x34d74d69	StyleGroup_Street00
0x34d797c5	StarPrint02
0x34d848d9	Player.HabitInfo2.StandShakeHip.OwnNum
0x34de93f8	ObjRetropop00_Canvas
0x34e22d99	Player.InteriorRoomStyleInfo.Garage00.FirstObtainedSec
0x34e3a25a	TreasureGameEmotionTelopChatDifficultSitOnTheBench
0x34e585c7	Space
0x34eaa2b5	Player.CommonDailyItem.LastUpdateTime
0x34ef5b89	Player.InteriorRoomStyleInfo.Minimul00.IsNewlyOwned
0x34f0048c	Ugc_House
0x34f43aa4	EmotionTelopChatDateWalkingRelaxAtRestaurant
0x34f62df0	ClothBottomsPantsWidePatch
0x34f88b81	Cat03
0x34f9becc	ClothShoesSneakerMetalic
0x34fb6cf9	Work/Data/CoordinateClothInfo/Coordinate0208.data__CoordinateClothInfo.gyml
0x34fbe81f	MiiEvent_Event0001FL
0x34fcf1a9	StyleGroup_Success00
0x35042895	ObjTreeChristmas
0x3504f378	OuterSleeve
0x3506e50b	Player.HabitInfo2.GetAngryTypeRegretfulTears.LastObtainedSec
0x3509ffd7	Funny
0x350c9723	Mii.Belongings.RoomStyleInfo.Flag.Party02
0x350f74ff	Work/Data/ClothParam/ClothTopslongDressHalfWitch.data__ClothParam.gyml
0x35132ea3	Work/Data/CoordinateClothInfo/Coordinate0166.data__CoordinateClothInfo.gyml
0x35179841	EmotionTelopChatDateWalkingRelaxSitOnTableBench
0x351a5c1c	Work/Data/ClothParam/ClothHeadwearFullfaceCyber.data__ClothParam.gyml
0x351c01b0	Antarctic00
0x3521f9a0	Player.InteriorRoomStyleInfo.Office00.OwnNum
0x35256740	Mii.MiiMisc.ClothInfo.Topslong.KeyHash
0x3527b759	ObjGuardrail_03
0x352d4b6c	StyleGroup_LockerRoom00
0x35304902	NotAccident
0x35337ff4	GroupKarateClassMyRoom
0x3534cde3	Work/Data/ClothParam/ClothHeadwearHatBear.data__ClothParam.gyml
0x3537841e	Work/Data/ClothModelParam/ClothHeadwearOrnamentTopFlower.data__ClothModelParam.gyml
0x3539caba	Work/Data/ClothModelParam/ClothBottomsPantsLongSweatPants.data__ClothModelParam.gyml
0x353e408a	UGC.SuspendData.EmissionIntensity
0x353eafb6	ClothBottomsSkirtLongDotMiddle
0x353ebdf1	Work/Data/ClothModelParam/ClothTopsOuterLongCyber.data__ClothModelParam.gyml
0x35420fe2	VoiceVolume
0x35431da5	SystemCape
0x3545fe08	Player.InteriorRoomStyleInfo.InterviewBoard00.KeyHash
0x354a0515	Know
0x354d065d	Effect_03
0x3552c716	Childcare.Pending.HabitOwnInfo.FaceWink
0x355344f0	Work/Data/ClothModelParam/ClothHeadwearHatTulip.data__ClothModelParam.gyml
0x3553580c	Player.InteriorRoomStyleInfo.LightStick05
0x35541e44	Player.GoodsInfo2.Perfume.OwnNum
0x355428d5	Country06
0x35559c42	ClothTopslongOverallLongBaseball
0x3558b77f	UGC.Food.TextureSourceType
0x355ba19f	Coordinate0224
0x355fa9c1	Work/Data/ClothModelParam/ClothHeadwearGlassThreeD.data__ClothModelParam.gyml
0x35653f73	Shortcut
0x356a5b63	Player.GoodsInfo2.CDJazz.LastObtainedSec
0x357069c6	Childcare.Pending.HabitOwnInfo.StandLeanForward.IsOwn
0x35760d8f	Player.InteriorRoomStyleInfo.Japanese03
0x357676fa	Work/Data/Destination/ActionPoint/ObjSeesaw_Out_0.data__destination__ActionPoint.gyml
0x35768b58	Room_Window
0x3577587a	Player.GoodsInfo2.VirtualBoy.LastObtainedSec
0x3579e057	Work/Data/ClothModelParam/ClothAccessoryWaistCow.data__ClothModelParam.gyml
0x357c9e7d	FacilityFamilyRestaurantTableSet_WaitingPlaceBeforeSitting2
0x357d5193	Trouble_FightRivalConfession_Success
0x357d55ec	Player.InteriorRoomStyleInfo.PublicBath00
0x357f1e1d	WesternStyle01
0x358b5044	Work/Data/ClothParam/ClothShoesSneakerMetalic.data__ClothParam.gyml
0x358b8d1e	DemoDM104025
0x358e41ba	Work/Data/ClothParam/ClothBottomsPantsWideSoccor.data__ClothParam.gyml
0x3593bd7e	StarPrint01
0x35972835	Work/Data/ClothModelParam/ClothTopslongAlineHalfSalopette.data__ClothModelParam.gyml
0x35976fc7	Work/Data/ClothModelParam/ClothTopslongDressSleevelessBallet.data__ClothModelParam.gyml
0x359936c1	Work/Data/ClothParam/ClothHeadwearHatBirthday.data__ClothParam.gyml
0x359b81d9	Work/Data/ClothModelParam/ClothSocksSocks.data__ClothModelParam.gyml
0x359d4ff2	Player.InteriorRoomStyleInfo.Abduction00
0x359de9ea	MiiEvent.MiiEventInfo.MiiEventStringId
0x35a9259d	DemoDM104065
0x35ab1c19	PresetType
0x35ab6e2e	Work/Confluence/PageInfo/HairAll092.pp__Confluence__PageInfo.gyml
0x35ad2205	Work/Confluence/PageInfo/HairAllLegacy128.pp__Confluence__PageInfo.gyml
0x35af70e8	SeasonIdValue
0x35b428a6	StandingOrSittingThere
0x35b94f7b	WesternStyle06
0x35bc3a6c	ObjBonfire_03
0x35bd550d	Player.InteriorRoomStyleInfo.Bathroom03.KeyHash
0x35bdca5d	Work/Data/ClothParam/ClothTopslongSalopetteHalfJimbei.data__ClothParam.gyml
0x35c4b40f	EmotionTelopChatFervorAtRestaurant
0x35c5bff1	DemoInviteInsurance_Demo
0x35c621bf	Player.InteriorRoomStyleInfo.PublicBath00.OwnNum
0x35c6b462	Player.GoodsInfo2.Chipmunk
0x35d064ee	Player.InteriorRoomStyleInfo.StarPrint04.State
0x35d4fe60	Work/Data/ClothModelParam/ClothTopsCoatLongCheck.data__ClothModelParam.gyml
0x35ef1762	ObjTreeElectric_05
0x35ef264c	Work/Data/ClothParam/ClothTopsTshirtLongOffice.data__ClothParam.gyml
0x35ef611f	Player.InteriorRoomStyleInfo.HoneycombTile03.OwnNum
0x35effc92	Mii.Belongings.RoomStyleInfo.Flag.Dot03
0x35f25684	ClothHeadwearProtectorEarflaps
0x35f2f6e6	PartnerNotFight
0x35f6a876	ItemDrinkCan
0x35fc6d04	Player.GoodsInfo2.Guitar.OwnNum
0x36005d69	Work/Data/ClothParam/ClothShoesLoaferLoafer.data__ClothParam.gyml
0x360231e3	AskPlayerFSWonder
0x3604cf0c	Player.InteriorRoomStyleInfo.Japanese04.FirstObtainedSec
0x3605d27d	Player.InteriorRoomStyleInfo.LightStick04.IsNewlyOwned
0x360909d0	ClothHeadwearHatFleece
0x360d1dc8	ClothShoesSandalBeach
0x3610bcea	Work/Data/ClothParam/ClothTopsTshirtHalfFestival.data__ClothParam.gyml
0x36147dc4	ObjBeachBed
0x361c00ea	OpenMouth
0x362997a2	Music
0x362ca6b8	Player.GoodsInfo2.ExpensivePot.LastObtainedSec
0x363055a4	ToOppositeAfSource
0x3633b398	ClothTopsTshirtHalfCar
0x3634c81f	PriorityZ
0x3634f451	ObjGrandlight_02
0x3637c927	Work/Confluence/PageInfo/HairAll114.pp__Confluence__PageInfo.gyml
0x363829ab	EmotionTelopChatFervorSitOnTableBench
0x3643db40	Player.GoodsInfo2.KeseranPasaran.IsNewlyOwned
0x36450568	House.RoomStyleInfo.Flag.Midcentury00
0x364771c3	Work/Data/ClothParam/ClothShoesSandalRibbon.data__ClothParam.gyml
0x364959be	Work/Data/CoordinateAttribute/Coordinate0192.data__CoordinateAttribute.gyml
0x3656669d	Mii.Belongings.RoomStyleInfo.Flag.Shogun00
0x36581b6f	MiiEvent_Event0027FL
0x365b2115	Work/Data/ClothModelParam/ClothHeadwearHatUgcCap.data__ClothModelParam.gyml
0x365fab1f	Player.Money
0x3664c792	Trouble_GoodsPet_Failure
0x36686adc	Trouble_FriendUgc_Success
0x36694661	Work/Confluence/PageInfo/HairAll089.pp__Confluence__PageInfo.gyml
0x366bee19	SmallFlower05
0x366c16cc	CanLove
0x366f1acc	Player.GoodsInfo2.Antenna.IsNewlyOwned
0x3677ea18	Work/Data/ClothParam/ClothHeadwearOrnamentSideHairClip.data__ClothParam.gyml
0x367ba340	Childcare.Pending.HabitOwnInfo.GreetingNoble.IsChecked
0x367e99f2	EmotionTelopChatFervorSitOnTheGround
0x367eaf87	Mii.Belongings.RoomStyleInfo.Flag.MonitorRoom02
0x36824382	Player.GoodsInfo2.IncenseBurner.LastObtainedSec
0x3686ace2	ClothTopsCoatLongCheck
0x368e0910	ClothSeasonType
0x368fec63	Childcare.Pending.HabitOwnInfo.GreetingTypeShallow.IsChecked
0x36900248	StomachType
0x369225d4	KarateSet
0x3697937c	Work/Data/CoordinateAttribute/Coordinate0285.data__CoordinateAttribute.gyml
0x369d40fb	Work/Data/ClothModelParam/ClothAllCostumeLongFrog.data__ClothModelParam.gyml
0x36a098a2	SatisfyUp
0x36a7d830	Place_MapObj_Parasol_withLoversOnly_raw
0x36b7c7e6	FrontLeftDoor
0x36c6a309	EmotionTelopChatLaughGroundLight
0x36cc6e75	Work/Confluence/PageInfo/HairAllLegacy067.pp__Confluence__PageInfo.gyml
0x36cf829a	Work/Data/ClothModelParam/ClothTopsYshirtLongJockey.data__ClothModelParam.gyml
0x36d3a6a0	Mii.Belongings.HabitOwnInfo.EatMouthful.State
0x36da9dd6	ClothTopslongBoxDressLongChidori
0x36dcef14	Mii.MiiMisc.EatInfo.LastEatId.Id
0x36df3b11	YellowGreen
0x36e0b4c4	Player.GoodsInfo2.Floppy.State
0x36e3ca6b	Work/Data/ClothModelParam/ClothHeadwearOrnamentSideDaisy.data__ClothModelParam.gyml
0x36f1cf57	HopscotchInMyHome
0x36f79451	Player.GoodsInfo2.Screw.OwnNum
0x37022c2f	Player.InteriorRoomStyleInfo.WhiteRoom00.OwnNum
0x3705f091	Place_House_Room_NotGoods
0x3706a32e	Work/Data/ClothModelParam/ClothTopsTshirtLongRiders.data__ClothModelParam.gyml
0x3709af30	PosY
0x3712089d	DollHouseRefrigator
0x371645b7	EditMii
0x3716b0f7	GroupAction_Public
0x372054e3	House.RoomStyleInfo.Flag.Damask02
0x372074af	UGC.FacePaint.IslandName
0x3721e1c8	RoomDoorRoom
0x37279464	ToSun
0x3728c294	Work/Data/ClothParam/ClothBottomsPantsLongCapri.data__ClothParam.gyml
0x37322f9b	Work/Data/ClothParam/ClothAllCostumeLongSushi.data__ClothParam.gyml
0x3732da3d	Sabasaba
0x3736c009	ClothTopslongSalopetteLongFirefighter
0x373db003	Caller
0x373f6e27	ItemWestern00_Barrel_Demo
0x3740674e	TreasurePetEmotionTelopChatNoFeaturesAtRoomSpeech
0x37457636	ObjSnowman_01
0x374a711e	DemoChatCoupleGood
0x374d70f3	EmotionTelopChatSecretAtRoom
0x374fca10	Work/Confluence/PageInfo/HairAllLegacy004.pp__Confluence__PageInfo.gyml
0x375255d9	ClothTopsOuterLongCamouflage
0x3757192d	Work/Data/ClothModelParam/ClothHeadwearOrnamentFrontTiara.data__ClothModelParam.gyml
0x375b20ec	AskUgcWordTalkIndex
0x375f32fa	Player.HabitInfo2.GreetingTypeBig.LastObtainedSec
0x376281f6	ObjArchAir_Center
0x376d9021	House.RoomStyleInfo.Flag.Asianresort00
0x37760bb8	Player.InteriorRoomStyleInfo.Midcentury00.KeyHash
0x37769e81	Player.InteriorRoomStyleInfo.Garage06.KeyHash
0x3777b739	Work/Component/DestinationInfo/FacilityBuildingShop.actor__DestinationInfo.gyml
0x377d3375	Player.HabitInfo2.GreetingTypeShallow.IsNewlyOwned
0x3783f95b	DemoPR000074
0x378668b5	News.IntervieweeMii.ASVariation
0x37868d1d	TravelPlaceS001S4
0x378d19df	House.RoomStyleInfo.Flag.Dinosaur01
0x378d4715	ClothBottomsPantsLongBorder
0x378e8e9c	Faceless
0x3794c969	Skipping
0x3797fc07	Player.InteriorRoomStyleInfo.Party03.InformedNewRelease
0x37a45057	Work/Data/ClothParam/ClothTopslongAlongSleevelessTiedye.data__ClothParam.gyml
0x37ab5ef8	OwnersRoomFloorWithDemo
0x37b0c117	Player.GoodsInfo2.Goldfish.OwnNum
0x37b146d7	ExpressionHot
0x37b93741	Player.GoodsInfo2.Ammonite.LastObtainedSec
0x37c27518	ObjAsianResort00_CurtainN
0x37cef1d6	Mithai
0x37da24e5	Player.InteriorRoomStyleInfo.Asianresort01.OwnNum
0x37dcbd9c	ClothShoesPumpsZebra
0x37df9199	Player.InteriorRoomStyleInfo.StainedGlass01.LastObtainedSec
0x37e1cad0	ClothBottomsBloomersNoble
0x37e725f5	Player.InteriorRoomStyleInfo.Japanese02.IsNewlyOwned
0x37e93331	OftenCrossArms
0x37ea15c9	EmotionTelopChatSecretSitOnTheGroundCircle
0x37eb12e7	Player.GoodsInfo2.GameRoleplaying.State
0x37ebaad8	Player.InteriorRoomStyleInfo.Dog01.State
0x37ec4e55	Work/Data/ClothParam/ClothTopslongKimonoLongMiko.data__ClothParam.gyml
0x37f36206	Player.GoodsInfo2.Knob.OwnNum
0x37f8bcfc	Player.HabitInfo2.SnoreLoudly.State
0x37f99dde	TreasureMovieEmotionTelopChatBlushSitOnSofa
0x3805023d	ObjUgc12_Center
0x380744cb	ReplicaSwordFightWithDemo
0x38086fc9	Mii.Belongings.RoomStyleInfo.Flag.SmallFlower07
0x3808c969	Player.InteriorRoomStyleInfo.Party00.IsNewlyOwned
0x3809c722	Work/Data/ClothParam/ClothAccessoryBackFeather.data__ClothParam.gyml
0x380edbee	StuffedToyBear
0x38121cf0	Player.InteriorRoomStyleInfo.Horror00
0x381b19a6	ConductedCount
0x3826d11c	Work/Data/ClothModelParam/ClothSocksKneeSocksBorder.data__ClothModelParam.gyml
0x382d9dab	Mii.Belongings.RoomStyleInfo.Flag.Shoji02
0x382e2d60	Work/Data/ClothModelParam/ClothTopslongAlongHalfCheck.data__ClothModelParam.gyml
0x38308a57	UgcTextId
0x383fbc70	Mii.MiiMisc.UgcInfo
0x38468a2a	Player.VoiceVolume
0x38507f2c	Work/Data/ClothParam/ClothHeadwearMaskFox.data__ClothParam.gyml
0x38512e62	Trouble_Common_Confession_Success_3Ver
0x38549627	ClothTopslongAlongSleevelessTiedye
0x385a4958	Player.HabitInfo2.OftenCrossArms.LastObtainedSec
0x385b3018	Player.InteriorRoomStyleInfo.WesternStyle01
0x3862241a	Player.InteriorRoomStyleInfo.Field00.State
0x386b61cf	Branch_Target1_Another2
0x3872ecaf	Player.InteriorRoomStyleInfo.WesternStyle07.KeyHash
0x3882fcf9	Work/Data/ClothModelParam/ClothTopsTshirtHalfPocket.data__ClothModelParam.gyml
0x38833ff6	Player.InteriorRoomStyleInfo.Damask07.KeyHash
0x38840003	Player.InteriorRoomStyleInfo.Bathroom01.LastObtainedSec
0x38869247	Player.GoodsInfo2.MoodLight.State
0x38872ad7	LvUPGoods_Soccer
0x388c609c	Work/Data/ClothModelParam/ClothAccessoryBagTown.data__ClothModelParam.gyml
0x388cc40d	TargetUgcFoodIndex
0x388fbb5f	Minimul07
0x389235bb	FirstSightLove
0x3892ade2	Work/Data/ClothModelParam/ClothTopsTshirtHalfPhoto.data__ClothModelParam.gyml
0x389382e6	Player.InteriorRoomStyleInfo.Bathroom00.LastObtainedSec
0x3896fbda	Work/Data/CoordinateClothInfo/Coordinate0077.data__CoordinateClothInfo.gyml
0x389af109	Player.GoodsInfo2.TinToy
0x389d1df2	TreasureGameEmotionTelopChatImpressedAtLivingFloor
0x38a0e7d9	Player.GoodsInfo2.MysteriousLiquid.OwnNum
0x38a444d0	TreasureAnythingEmotionTelopChatNoveltyAtLivingFloorSpeech
0x38a7ebd2	Player.GoodsInfo2.BaoshanDecoration.State
0x38a98b05	Player.MarketUpdateInfo.MarketCoordinateInfo.CoordinateStringId
0x38ab31c1	Knob
0x38ab5248	ClothBottomsBloomersPumpkin
0x38ac0f50	Work/Data/ClothParam/ClothAccessoryBagKnapsack.data__ClothParam.gyml
0x38bf5875	Player.InteriorRoomStyleInfo.MonitorRoom00.InformedNewRelease
0x38c47000	ObjFenceGuardpipe_06
0x38c69db8	Place_House_Room_NotGoods_NotChat
0x38c8453b	ClothTopsCoatLongLayered
0x38ca3e9f	Player.GoodsInfo2.Nekojarashi.State
0x38cbfbfd	Figure03
0x38cf3e8a	Player.InteriorRoomStyleInfo.Book02.FirstObtainedSec
0x38d01ca3	BuildingShopItem
0x38d72795	UGC.Exterior.Hash
0x38d86d6f	Player.GoodsInfo2.Ammonite.OwnNum
0x38d8914d	Trouble_Cloth2Stylish_Failure
0x38d911f4	Player.InteriorRoomStyleInfo.MovingBox01
0x38df2055	ClothShoesLoaferLoafer
0x38dfcc35	Work/Data/ClothModelParam/ClothTopslongOverallLongIceHockey.data__ClothModelParam.gyml
0x38e02ccc	Mii.Belongings.RoomStyleInfo.Flag.Dog00
0x38e22ea2	TreasureMovieEmotionTelopChatDifficultAtRoom
0x38e43edf	Player.InteriorRoomStyleInfo.Labo00.LastObtainedSec
0x38e50a69	EmotionTelopChatSecretBonfire
0x38e6aa04	Work/Confluence/PageInfo/HairAllLegacy040.pp__Confluence__PageInfo.gyml
0x38e7cbf2	Player.InteriorRoomStyleInfo.Garage06.InformedNewRelease
0x38ecb4e2	Player.GoodsInfo2.GameRoleplaying.OwnNum
0x38ee9fb6	NoGroup_Event0005CH
0x38f90c73	Work/Data/ClothParam/ClothSocksHeart.data__ClothParam.gyml
0x38f99589	Trouble_ChildGrowth_Failure
0x38fa286d	Work/Data/ClothModelParam/ClothShoesSandalBijoux.data__ClothModelParam.gyml
0x38fcc2ce	Work/Data/ClothModelParam/ClothAccessoryNeckChain.data__ClothModelParam.gyml
0x39043b1a	WalkRhythm
0x3904844a	Work/Data/ClothParam/ClothTopsTshirtHalfEgg.data__ClothParam.gyml
0x39061510	Contents
0x390840ca	ClothBottomsSkirtLongPleats
0x390b012d	Normal
0x390e73d6	EmotionTelopChatDarkSpeechCircle
0x39106ad0	Work/Data/CoordinateClothInfo/Coordinate0251.data__CoordinateClothInfo.gyml
0x3918bd68	FacilityFamilyRestaurant_Entrance
0x3922727a	Work/Data/ClothParam/ClothTopsUgcTshirtLong.data__ClothParam.gyml
0x3927e160	Player.GoodsInfo2.DirtySocks.IsNewlyOwned
0x3929e497	Work/Data/ClothModelParam/ClothAccessoryNeckWhistle.data__ClothModelParam.gyml
0x392e5adb	Work/Data/CoordinateClothInfo/Coordinate0267.data__CoordinateClothInfo.gyml
0x39372f69	ClothHeadwearProtectorBatter
0x3937dc65	Perfume
0x393b5086	ObjBrooklyn00_Compo
0x39424737	UGC.Exterior
0x3948dc33	Gold
0x394a8c01	Player.GoodsInfo2.DVDWideShow.State
0x394e2706	Player.GoodsInfo2.Turtle.OwnNum
0x394f8a87	EmotionTelopChatSurprise
0x394fefd9	Player.InteriorRoomStyleInfo.WesternStyle04
0x39583b07	Work/Data/ClothParam/ClothTopslongBoxDressLongPolo.data__ClothParam.gyml
0x395cb6ee	StainedGlass01
0x3960e1da	TreasurePetEmotionTelopChatDifficultSitOnTheGroundCircle
0x39677cbe	ClothAccessoryBackJetpack
0x396aae0c	ClothBottomsSkirtMiniLeather
0x396fed6a	Not
0x39823c08	Player.InteriorRoomStyleInfo.Fruit00
0x3986b480	Work/Data/ClothModelParam/ClothTopsCoatLongSoutienCollar.data__ClothModelParam.gyml
0x3988bc70	EmotionTelopChatSadSitKnittingOnSofa
0x398911a5	BlushBlink
0x39933d74	Mii.Belongings.HabitOwnInfo.GreetingOsu.IsChecked
0x3995232e	Player.GoodsInfo2.TreasureMap.State
0x3996ca7c	Work/Data/CoordinateClothInfo/Coordinate0300.data__CoordinateClothInfo.gyml
0x399c6eee	Childcare.Pending.HabitOwnInfo.FaceLousy
0x399d497e	ClothTopsOuterLongFleecePattern
0x39a31074	ObjFlowerpot_01
0x39a5dd90	DemoPR000069
0x39bb7d36	ObjFenceGuardpipe
0x39c2ee31	Work/Data/ClothParam/ClothAllMascotLongAstronaut.data__ClothParam.gyml
0x39c3518f	Player.GoodsInfo2.CeladonTeapot
0x39c90ad0	DemoSB044504
0x39c91b46	TreasureMovieEmotionTelopChatInterestingAtRoom
0x39c9c107	Work/Data/ClothModelParam/ClothHeadwearHatWork.data__ClothModelParam.gyml
0x39cdf730	Player.SaveDataVersion
0x39d084ed	Supermarket
0x39d3d408	Player.InteriorRoomStyleInfo.Fantasy00.State
0x39d4444a	Work/Data/ClothParam/ClothShoesSneakerDad.data__ClothParam.gyml
0x39dde4c8	Player.GoodsInfo2.FlySwatter.OwnNum
0x39df0a71	Book00
0x39e0ff0d	House.RoomStyleInfo.Flag.Classroom00
0x39e1d78a	Player.InteriorRoomStyleInfo.MultiDot02.State
0x39e3981f	NotLove
0x39e65057	Work/Data/ClothParam/ClothTopslongOverallLongWetSuit.data__ClothParam.gyml
0x39ea2d6e	IsNeedPutHouseLocalNetwork
0x39f7038e	Player.InteriorRoomStyleInfo.Wedding03.KeyHash
0x39ff4721	Dilapidated00
0x3a0291bd	PushUpSchoolFieldLarge
0x3a043841	Place_MapObj_Bonfire_raw
0x3a05223e	Player.InteriorRoomStyleInfo.Field01.FirstObtainedSec
0x3a071819	ClothTopsTshirtLongOffice
0x3a16ea2b	DeepGreen
0x3a1743c9	ClothTopsUnderwear
0x3a188df6	Player.InteriorRoomStyleInfo.Stuffed00.LastObtainedSec
0x3a19045b	ObjHedge_02
0x3a1f2c04	Work/Confluence/PageInfo/HairAll069.pp__Confluence__PageInfo.gyml
0x3a1f77ff	LastUpdateTime
0x3a23518a	Food2D
0x3a263499	Player.InteriorRoomStyleInfo.Party06.KeyHash
0x3a2c54d5	Work/Data/ClothModelParam/ClothAccessoryChestBadgeAnimal.data__ClothModelParam.gyml
0x3a328ad0	Player.InteriorRoomStyleInfo.Snow00.KeyHash
0x3a379430	ObjBenchPark
0x3a3b1cff	EmotionTelopChatLoveSitOnDiningTable
0x3a3b92e7	Childcare.Pending.HabitOwnInfo.StandLeanForward.IsChecked
0x3a3fe3b2	LeadingChatForOtherOnSingleAction
0x3a4306dc	EmotionTelopChatFervorAtRoom
0x3a43d047	Player.HabitInfo2.WalkSwagger.State
0x3a470628	Work/Data/CoordinateClothInfo/Coordinate0135.data__CoordinateClothInfo.gyml
0x3a4ba7d8	Event0011FL
0x3a57afbc	ObjCountry00_WallDeco
0x3a598b2e	Work/Data/ClothModelParam/ClothBottomsSkirtMiniHeartBuckle.data__ClothModelParam.gyml
0x3a5cc6ce	StyleGroup_Camouflage00
0x3a5eda05	Mii.Name.HowToCallName
0x3a69369c	House.RoomStyleInfo.Flag.Antarctic00
0x3a6a6b88	Player.InteriorRoomStyleInfo.StainedGlass01.IsNewlyOwned
0x3a6d0ab9	Work/Data/CoordinateAttribute/Coordinate0063.data__CoordinateAttribute.gyml
0x3a6d49e3	Player.GoodsInfo2.Coral.LastObtainedSec
0x3a78f5b2	AiCountByFocusLeading
0x3a80fd2e	Childcare.Pending.HabitOwnInfo.BlinkLot
0x3a84f39b	Childcare.Pending.HabitOwnInfo.StomachBig.IsOwn
0x3a8a0036	Player.InteriorRoomStyleInfo.Minimul01.OwnNum
0x3a8d7bd8	Trouble_GoodsPet_Success
0x3a9229b4	Mii.Belongings.HabitOwnInfo.EatSecretly
0x3a931be7	Sound_02
0x3a93b763	DVDAnimation
0x3aa3866e	ItemShowa00_Fan_Demo
0x3aaab481	Player.InteriorRoomStyleInfo.Jungle00.IsNewlyOwned
0x3ab00ae7	DemoDM104036
0x3ab57a94	Player.GoodsInfo2.ChessPieces.State
0x3abb0325	DecoModelIdx
0x3abf0a9e	ItemRawId
0x3acacb39	Player.InteriorRoomStyleInfo.Chinese00.IsNewlyOwned
0x3acf7b7b	UgcFood03
0x3acfd49c	ObjFormula00_Table
0x3ad2f735	Dir1Grid_ClockTower
0x3ad7697d	Work/Confluence/PageInfo/HairFront073.pp__Confluence__PageInfo.gyml
0x3ad87fd3	Party
0x3adb19be	ClothBottomsPantsLongCapri
0x3adca21c	Player.InteriorRoomStyleInfo.Dot02.IsNewlyOwned
0x3ae0afe0	Player.InteriorRoomStyleInfo.LightStick00.KeyHash
0x3ae4050e	Mii.Belongings.HabitOwnInfo.ChangeCloth.State
0x3ae5264a	Work/Data/ClothParam/ClothTopsCoatLongBorder.data__ClothParam.gyml
0x3ae6bceb	Player.InteriorRoomStyleInfo.WoodBoard00.KeyHash
0x3aecc1d6	Childcare.Pending.HabitOwnInfo.GreetingNoble.IsOwn
0x3af3c005	Player.BuildingInfo2.State
0x3af3f660	Work/Data/CoordinateClothInfo/Coordinate0080.data__CoordinateClothInfo.gyml
0x3af55549	Work/Data/Destination/ActionPoint/RoomDoorEntrance_LeftDoorKnobSub.data__destination__ActionPoint.gyml
0x3af55cb6	ClothAccessoryNeckPouch
0x3af7c781	TroubleAskPlayerFellowship03
0x3b01254d	Player.RegionCode
0x3b046dee	Effect_05
0x3b098df0	ClothInfo
0x3b0ca9bd	Player.InteriorRoomStyleInfo.Dot02.FirstObtainedSec
0x3b14972f	Player.GoodsInfo2.Crover.IsNewlyOwned
0x3b1d200a	BrotherSisterYounger
0x3b1d6b0a	Work/Data/ClothModelParam/ClothTopsOuterLongFleecePattern.data__ClothModelParam.gyml
0x3b1ddc17	PoseBattle
0x3b1f8b15	Female
0x3b21e48e	ObjBenchTerrace_07
0x3b25e1ab	ConfessionFailureCount
0x3b2adbd0	Work/Data/CoordinateAttribute/Coordinate0056.data__CoordinateAttribute.gyml
0x3b2cd9f4	Work/Data/CoordinateClothInfo/Coordinate0128.data__CoordinateClothInfo.gyml
0x3b2d5609	EmotionTelopChatDarkSitOnTheHouseDeck
0x3b34096a	DemoDM104009
0x3b409d6f	Botanical00
0x3b45572e	Mii.Trouble.Info.TargetUgcTextIndex
0x3b499139	Pajama_Nori
0x3b4cc662	Work/Data/CoordinateAttribute/Coordinate0119.data__CoordinateAttribute.gyml
0x3b55185e	Work/Data/ClothModelParam/ClothTopslongBoxDressLongBubbly.data__ClothModelParam.gyml
0x3b56b754	Work/Confluence/PageInfo/HairAllLegacy001.pp__Confluence__PageInfo.gyml
0x3b5ad521	BadSurprise
0x3b5b4738	Player.GoodsInfo2.GameRoleplaying.IsNewlyOwned
0x3b5c970a	Work/Data/ClothModelParam/ClothHeadwearGlassShutter.data__ClothModelParam.gyml
0x3b6011aa	DVDLive
0x3b62bcc4	ClothTopsBandana
0x3b63d69c	Work/Data/ClothModelParam/ClothHeadwearBase.data__ClothModelParam.gyml
0x3b64e8c9	Childcare.Pending.HabitOwnInfo.EatElegantly.IsOwn
0x3b71ffc2	Player.GoodsInfo2.DirtySocks.OwnNum
0x3b7d013b	Work/Data/Destination/DemoArea/FacilityClothShop_Entrance.data__destination__DemoArea.gyml
0x3b8239ea	ClothShoesSandalKungfu
0x3b880c35	Work/Mii/EyeAccessoryParam/Eye076.mii__EyeAccessoryParam.gyml
0x3b89abcb	Place_MapObj_Bench_raw
0x3b9060eb	Work/Data/ClothModelParam/ClothTopslongMuscleLongMuscle.data__ClothModelParam.gyml
0x3b90d942	BariBari
0x3b9522ec	Player.ClothInfo.OwnInfoArray
0x3b9a05d3	GreetingAnnoying
0x3ba7e40c	Player.GoodsInfo2.MosquitoCoil.OwnNum
0x3baaf98d	LeftDoorKnob
0x3babc50d	Player.InteriorRoomStyleInfo.Heart03.IsNewlyOwned
0x3bac2dc3	Work/Data/ClothModelParam/ClothAllBodySuitLongSeaweed.data__ClothModelParam.gyml
0x3bac3f86	Player.GoodsInfo2.Goldfish.IsNewlyOwned
0x3bacd15a	Player.GoodsInfo2.Amber.OwnNum
0x3bb23c7a	Player.GoodsInfo2.Diamond.LastObtainedSec
0x3bb25dd4	Player.GoodsInfo2.CicadaShell
0x3bb7a31d	Mii.Belongings.RoomStyleInfo.Flag.Lace05
0x3bbb8bbe	Work/Data/ClothParam/ClothShoesSandalSlipper.data__ClothParam.gyml
0x3bbe7e59	House.RoomStyleInfo.Flag.Dot02
0x3bc3a386	Childcare.Pending.HabitOwnInfo.FaceRaiseEyebrows.IsChecked
0x3bc5e583	MiiEvent_Event0000CH
0x3bcd626c	Work/Data/CoordinateClothInfo/Coordinate0346.data__CoordinateClothInfo.gyml
0x3bcda278	House.RoomStyleInfo.Flag.MultiDot00
0x3bd3fb9c	Work/Data/ClothModelParam/ClothHeadwearHatUgcKnit.data__ClothModelParam.gyml
0x3bd82f2f	ClothTopsCoatLongDoctor
0x3bd8b0fc	LastTimeMii
0x3bda42ee	ObjCountry00_Ceiling
0x3bdafa0a	EachTable
0x3bddff60	Player.InteriorRoomStyleInfo.Heaven00.LastObtainedSec
0x3be2125c	DemoPR000070
0x3be5d8d4	He
0x3be7ced0	Work/Data/ClothParam/ClothAccessoryNeckPendant.data__ClothParam.gyml
0x3bec8778	Player.GoodsInfo2.MessageBottle.OwnNum
0x3bef615e	Player.GoodsInfo2.MagnifyingGlass.LastObtainedSec
0x3bf2a1b7	Player.InteriorRoomStyleInfo.MusicRoom00.FirstObtainedSec
0x3bf50bb2	Player.InteriorRoomStyleInfo.Bathroom03.State
0x3bf52778	Candy00
0x3bf939ef	Player.InteriorRoomStyleInfo.Sauna00.State
0x3bfc1352	Player.InteriorRoomStyleInfo.Flowergarden00.OwnNum
0x3bfec396	Player.InteriorRoomStyleInfo.Classroom01.FirstObtainedSec
0x3c00db6c	MapObject.UgcObje.UgcId
0x3c01c777	ObjStreetLampRetro_02
0x3c040ef5	ObjStandingTorch
0x3c06b1b8	Player.GoodsInfo2.Bonsai.OwnNum
0x3c09638d	DemoPR000023
0x3c0c054e	Work/Data/ClothParam/ClothHeadwearHatUgcKnit.data__ClothParam.gyml
0x3c14025e	UGC.Exterior.Scale
0x3c1afe11	ConfessionGiveUp
0x3c215188	Player.GoodsInfo2.Pearl.OwnNum
0x3c23999a	Honeycomb01
0x3c24fae4	Work/Mii/EyeAccessoryParam/Eye004.mii__EyeAccessoryParam.gyml
0x3c266f7e	ObjClockTower_07
0x3c29e3a2	Player.InteriorRoomStyleInfo.Club00.OwnNum
0x3c2bc52f	UGC.MapObject.Size
0x3c2bdb6c	Player.GoodsInfo2.KoalaStuffedToy.State
0x3c305d26	Work/Data/CoordinateAttribute/Coordinate0308.data__CoordinateAttribute.gyml
0x3c330cff	TreasureGameEmotionTelopChatBlushSitOnTheGround
0x3c347cdf	TreeBranch
0x3c398581	Player.GoodsInfo2.Loofah
0x3c422629	Work/Data/CoordinateClothInfo/Coordinate0245.data__CoordinateClothInfo.gyml
0x3c43b06f	Childcare.Pending.Voice.Intonation
0x3c49763d	Childcare.Pending.CharacterParam.Activeness
0x3c4b5f39	Player.InteriorRoomStyleInfo.Bathroom00
0x3c4d2cc9	Player.HabitInfo2.UntidySleeper.IsNewlyOwned
0x3c4f647d	ClothAllCarLongCar
0x3c4ff4d0	Bed
0x3c514d88	Work/Data/CoordinateClothInfo/Coordinate0199.data__CoordinateClothInfo.gyml
0x3c523236	Player.InteriorRoomStyleInfo.Stadium01.OwnNum
0x3c54c853	Player.GoodsInfo2.CicadaShell.State
0x3c554d8e	Coordinate0203
0x3c558308	Player.InteriorRoomStyleInfo.Marble01.OwnNum
0x3c55e05a	House.RoomStyleInfo.Flag.Fruit02
0x3c58e1b2	Player.InteriorRoomStyleInfo.Game01.InformedNewRelease
0x3c59ec6f	Player.InteriorRoomStyleInfo.TropicalSea00.FirstObtainedSec
0x3c5a4dbc	ClothBottomsPantsWideBoxing
0x3c5edc97	Work/Data/ClothModelParam/ClothTopslongOverallHalfBicycle.data__ClothModelParam.gyml
0x3c615c36	Player.InteriorRoomStyleInfo.DropCurtain00.OwnNum
0x3c61951f	Introduction.LectureInfo
0x3c6a02e6	Player.InteriorRoomStyleInfo.Cemetery00.InformedNewRelease
0x3c6afe72	ClothTopsUgcTshirtHalfEasy
0x3c6ccec4	Player.InteriorRoomStyleInfo.LightStick05.KeyHash
0x3c6d2922	Player.ClothShopDailyItem.DailyCoordinateInfo.CoordinateStringId
0x3c6d50fa	Work/Data/ClothParam/ClothAllMascotLongDog.data__ClothParam.gyml
0x3c72bf09	RumorRoommateNoAdvice
0x3c74a3c0	StandProudly
0x3c74adea	Work/Data/CoordinateClothInfo/Coordinate0320.data__CoordinateClothInfo.gyml
0x3c7ed87d	Mii.Belongings.HabitOwnInfo.ExpressionLess.IsOwn
0x3c82867e	FirstObtainedSec
0x3c8295f2	WoodBoard06
0x3c848cdf	EatCute
0x3c97c599	ObjSwingRider_05
0x3c9b0e91	Childcare.Pending.HabitOwnInfo.StandRhythm
0x3c9b11d3	Childcare.Pending.HabitOwnInfo.WalkFloat.IsOwn
0x3c9d6a81	Work/Data/ClothParam/ClothTopsOuterLongParkaZip.data__ClothParam.gyml
0x3ca200f7	Work/Data/ClothModelParam/ClothTopslongDressSleevelessFairy.data__ClothModelParam.gyml
0x3ca24935	Childcare.Pending.HabitOwnInfo.StandLeanForward
0x3ca660dd	ClothHeadwearHatCook
0x3cac27b7	ObjFlowerpot_03
0x3cadac84	ClothTopsCoatHalfHeartApron
0x3caf4ee6	Work/Data/ClothModelParam/ClothShoesSneakerSpike.data__ClothModelParam.gyml
0x3cb2614a	Player.GoodsInfo2.GlassZaiku.State
0x3cb9067b	Player.GoodsInfo2.Dice.IsNewlyOwned
0x3cbb03cd	Event0043FL
0x3cbb5cba	Bench
0x3cbbfc8a	Work/Data/ClothModelParam/ClothTopsOuterLongParka.data__ClothModelParam.gyml
0x3cbc483a	Work/Data/ClothModelParam/ClothAccessoryNeckToy.data__ClothModelParam.gyml
0x3cbd9978	Mii.HomeLiveTime.CacheMapId
0x3cc01be7	Player.GoodsInfo2.Perfume.State
0x3cc0c7ab	Work/Mii/EyeAccessoryParam/Eye041.mii__EyeAccessoryParam.gyml
0x3cc310f1	Player.GoodsInfo2.BrushGold
0x3cc31204	ClothHeadwearHatKerchief
0x3cc3ee93	DucksToy
0x3cc9fefd	ObjAtelier00_Shelf
0x3ccaddfc	Player.InteriorRoomStyleInfo.Chinese00
0x3cce1a3e	Player.GoodsInfo2.TrophyBronze
0x3cdfa786	ObjSwingRider_07
0x3ce3363c	Mii.Belongings.RoomStyleInfo.Flag.NightView00
0x3cf0f4bd	Mii.Belongings.RoomStyleInfo
0x3cfe3951	Work/Data/CoordinateAttribute/Coordinate0202.data__CoordinateAttribute.gyml
0x3d05bbf4	Player.GoodsInfo2.Kettle.State
0x3d0600e2	Work/Data/ClothModelParam/ClothTopsOuterLongSki.data__ClothModelParam.gyml
0x3d066a65	UGC.Food.PlayerName
0x3d06c876	Work/Data/ClothModelParam/ClothTopsYshirtHalfCuba.data__ClothModelParam.gyml
0x3d08f828	Player.InteriorRoomStyleInfo.Simple00.State
0x3d1926bd	ClothAllBoxLongCardboard
0x3d1e8644	Player.InteriorRoomStyleInfo.Stadium02.FirstObtainedSec
0x3d2048ce	Player.InteriorRoomStyleInfo.Hospital00.LastObtainedSec
0x3d247fb7	HeadOnly
0x3d26bbf3	ClothAccessoryNeckSunglasses
0x3d2737ca	Work/Data/ClothParam/ClothTopslongAlongLongClassical.data__ClothParam.gyml
0x3d2b86d9	Player.InteriorRoomStyleInfo.SF02.KeyHash
0x3d2d7e1e	Work/Confluence/PageInfo/HairFront029.pp__Confluence__PageInfo.gyml
0x3d2ed0a6	Work/Data/ClothModelParam/ClothBottomsBloomersPumpkin.data__ClothModelParam.gyml
0x3d2fe531	Player.HabitInfo2.StandCute.OwnNum
0x3d310615	StyleGroup_SF00
0x3d314f78	ClothOwnInfo
0x3d315969	Mii.Belongings.HabitOwnInfo.FaceSmile.IsOwn
0x3d32c8bc	Player.InteriorRoomStyleInfo.InterviewBoard00.OwnNum
0x3d357d97	SystemSeaside_ToSea
0x3d415040	Player.InteriorRoomStyleInfo.StarPrint00.State
0x3d4d9efd	Player.InteriorRoomStyleInfo.Japanese04.LastObtainedSec
0x3d50fccd	Work/Data/ClothModelParam/ClothHeadwearGlassPixel.data__ClothModelParam.gyml
0x3d5252a3	Otaku02
0x3d57af93	MusicRoom00
0x3d5c6a97	Work/Data/ClothModelParam/ClothHeadwearGlassEye.data__ClothModelParam.gyml
0x3d62a304	Player.InteriorRoomStyleInfo.LightStick03
0x3d6310ac	Player.GoodsInfo2.CDIdol.OwnNum
0x3d663759	Work/Data/ClothModelParam/ClothTopslongBoxDressLongChidori.data__ClothModelParam.gyml
0x3d6ce61d	Group_Event0032
0x3d6d975c	Player.InteriorRoomStyleInfo.Minimul04.IsNewlyOwned
0x3d73ce6c	Player.InteriorRoomStyleInfo.SFX00.KeyHash
0x3d78be1c	Work/Component/DestinationInfo/FacilityFamilyRestaurantTableSet.actor__DestinationInfo.gyml
0x3d836402	ShoesShort
0x3d83f58f	ClothTopsYshirtHalfHappi
0x3d88804e	Chinese01
0x3d8b78bd	ClothHeadwearCostumeLion
0x3d8c6977	LDKCarpetAndTV
0x3d8ea8b3	Work/Data/ClothParam/ClothBottomsSwim.data__ClothParam.gyml
0x3d957ebb	Mii.Belongings.HabitOwnInfo.Chicken
0x3d97ac78	MiiHistory.Info
0x3daa571c	IslandDevelopment
0x3dad9de2	Player.GoodsInfo2.ChessPieces.LastObtainedSec
0x3db37163	HoldTwo
0x3db98e25	AddUgcTextCount
0x3dbfb0a4	Place_House_LDK_WithLovers
0x3dc107be	ClothTopslongDressSleevelessSatin
0x3dc3180d	Player.InteriorRoomStyleInfo.Minimul00.OwnNum
0x3dcf1d48	Beard
0x3dd59ddb	ObjSwingRider_Center
0x3ddd5ab3	MiiHistory.Info.DataStringId
0x3de2c5dd	UGC.Interior.Name
0x3de4618a	ObjStepIron_04
0x3de81df5	ObjBeachParasol_07
0x3dfc546b	ObjPinwheel_07
0x3dfe38b3	OnlyText
0x3e04dccf	EmotionTelopChatDateWalkingSitOnTheGround
0x3e0b3028	Ground_Name
0x3e0e3025	EmotionTelopChatFervorSitOnSofa
0x3e1249b9	SecondIslandEditTrouble
0x3e12f5d0	FollowingOnesideTriangleDeject
0x3e1674e6	Player.InteriorRoomStyleInfo.LockerRoom02.IsNewlyOwned
0x3e182162	Mii.Belongings.HabitOwnInfo.BlinkLot.State
0x3e191a68	DemoPR000056
0x3e194070	Player.InteriorRoomStyleInfo.SF05.KeyHash
0x3e1d4a7c	Work/Component/DestinationInfo/FacilityFerrisWheel.actor__DestinationInfo.gyml
0x3e224981	Player.InteriorRoomStyleInfo.IceRink00
0x3e24d62c	House.RoomStyleInfo.Flag.Formula00
0x3e2ae3d8	ObjTableBench_04
0x3e2e5102	LowerLeft
0x3e309f67	Relation.BoostEndFlag
0x3e31ca7a	Childcare.Pending.Voice.Tension
0x3e32b116	ItemCutFruit
0x3e356506	ClothHeadwearHatShallow
0x3e3e1ae0	Player.HabitInfo2.GreetingCurtsy.IsNewlyOwned
0x3e3f9dfb	InnerRoomPrivateRoomChangeCount
0x3e3fede2	House.RoomStyleInfo.Flag.Lace05
0x3e4341d0	Player.HabitInfo2.GreetingBow.State
0x3e4740b6	BottomsLong
0x3e47c231	MultiStripe07
0x3e4f3a1a	Player.GoodsInfo2.InsectSpecimen
0x3e5143f0	MiiEvent_Event0040CH2
0x3e54a594	Work/Data/ClothModelParam/ClothTopslongDressLongSteamPunk.data__ClothModelParam.gyml
0x3e577583	Coordinate0108
0x3e5d01a9	DemoPR000055
0x3e620193	Player.HabitInfo2.GreetingHeadOnly
0x3e6be30c	House.OuterHouse.OuterHouseDeco
0x3e717cea	VeryBad02
0x3e7238ff	MiiName
0x3e728bb5	Work/Data/ClothParam/ClothTopslongAlongLongChimaJeogori.data__ClothParam.gyml
0x3e78c9e6	Player.InteriorRoomStyleInfo.Japanese03.State
0x3e7dc6f9	ObjBell_04
0x3e7f831b	OtherMyHome
0x3e7ff19e	Unown
0x3e8765c6	Work/Data/ClothParam/ClothBottomsSkirtBoxBotanical.data__ClothParam.gyml
0x3e8a3621	MapLink
0x3e8e55f7	Player.InteriorRoomStyleInfo.Bathroom04.KeyHash
0x3e8ff456	Player.InteriorRoomStyleInfo.Sauna00.FirstObtainedSec
0x3e9308f7	Player.InteriorRoomStyleInfo.Party05.KeyHash
0x3e9fc7cd	Invite_BackToFriend
0x3ea186fb	BigPot
0x3eaac6b0	Player.InteriorRoomStyleInfo.Steampunk00
0x3eac2d06	ClothTopslongAlineSleevelessMarine
0x3eae63be	SaveDataUgc
0x3eb25737	Player.InteriorRoomStyleInfo.TropicalSea00.IsNewlyOwned
0x3ec007f1	Work/Data/ClothModelParam/ClothTopslongAlineSleevelessShirtDress.data__ClothModelParam.gyml
0x3ec5f393	ObjColorVariation
0x3ec6f56e	Mii.Belongings.HabitOwnInfo.StandSweatLot
0x3ec8fde7	Player.InteriorRoomStyleInfo.Fruit06.State
0x3ec9c2d4	Wood_Undefined
0x3ec9ea91	Work/Data/ClothParam/ClothTopsYshirtHalfSimple.data__ClothParam.gyml
0x3ecc78e7	Mii.Belongings.RoomStyleInfo.Flag.Cemetery00
0x3ecfbdf8	Work/Data/CoordinateAttribute/Coordinate0231.data__CoordinateAttribute.gyml
0x3ed00139	Work/Data/CoordinateAttribute/Coordinate0102.data__CoordinateAttribute.gyml
0x3edc706b	Work/Data/ClothParam/ClothSocksFishnet.data__ClothParam.gyml
0x3ee25e71	TreasureGameEmotionTelopChatDifficultSitOnTheHouseDeck
0x3ee38112	Work/Data/ClothParam/ClothAccessoryBackScythe.data__ClothParam.gyml
0x3ee45f8a	Player.InteriorRoomStyleInfo.Fruit01.InformedNewRelease
0x3ee7d586	TreasureBookEmotionTelopChatScarySpeech
0x3eea4032	ListenAlone
0x3eef1371	Player.InteriorRoomStyleInfo.StarPrint03.FirstObtainedSec
0x3f01e9a0	PlayRunCircle
0x3f0bd460	Birds
0x3f132907	Player.InteriorRoomStyleInfo.SmallFlower03.State
0x3f165b05	StandStraight
0x3f172a7f	TreasureAnythingEmotionTelopChatImpressedAtLivingFloor
0x3f18a034	LoverBad
0x3f192913	Player.InteriorRoomStyleInfo.Marble00
0x3f1bb3b4	Player.GoodsInfo2.GearParts.OwnNum
0x3f1fd63a	Player.InteriorRoomStyleInfo.Book00.IsNewlyOwned
0x3f202716	Work/Confluence/PageInfo/HairAllLegacy038.pp__Confluence__PageInfo.gyml
0x3f20f5a9	Player.InteriorRoomStyleInfo.Office01.FirstObtainedSec
0x3f277db6	StyleGroup_Shogun00
0x3f29dc6f	NoSmell
0x3f2c352b	Triangle03
0x3f30ab73	TravelPosEdgeRight3
0x3f326f13	EmotionBallSpent
0x3f360d90	ObjGuardrail_05
0x3f3b4c46	RestaurantDrink_Table
0x3f3df91a	TreasureAnythingEmotionTelopChatInterestingAtRestaurant
0x3f40bb55	Player.GoodsInfo2.DVDCooking
0x3f49b973	MiiEvent_LoversToFriends
0x3f49c7ed	House.RoomStyleInfo.Flag.WoodBoard06
0x3f4fdb6b	Work/Data/ClothParam/ClothTopslongAlineSleevelessFlower.data__ClothParam.gyml
0x3f50916d	Player.HabitInfo2.StomachBig.OwnNum
0x3f5a72f9	ClothTopslongBoxDressHalfTshirt
0x3f5fd58e	EmotionTelopChatSurpriseSitOnFountain
0x3f612d44	ObjArchAir_07
0x3f66f936	Matcha
0x3f6d17e4	Place_House_Room_WithLoversOnly
0x3f6ecae7	Player.InteriorRoomStyleInfo.Office01.InformedNewRelease
0x3f6fe6fd	Roof
0x3f741d8f	TropicallSea00
0x3f77cb87	Parquet03
0x3f7bf495	Player.InteriorRoomStyleInfo.Wedding03.FirstObtainedSec
0x3f7c07e8	ClothAllMascotLongLion
0x3f7c7f75	Player.InteriorRoomStyleInfo.Formula00.LastObtainedSec
0x3f7dc3a8	Player.InteriorRoomStyleInfo.Minimul02.IsNewlyOwned
0x3f83839b	Work/Data/CoordinateAttribute/Coordinate0253.data__CoordinateAttribute.gyml
0x3f88d1ad	HouseOneRoomDoor
0x3f8dfec0	Work/Data/Destination/ActionPoint/HouseOneRoomDoor_LeftDoorKnob.data__destination__ActionPoint.gyml
0x3f8edb49	ClothTopsTshirtLongVneck
0x3f8f1f61	ClothHeadwearHatPointy
0x3f8ffaac	RestaurantFood
0x3f91ddd6	SubActorSetHash
0x3f93f8a6	EmotionTelopChatSurpriseSitOnTerraceBench
0x3f94ec58	Player.InteriorRoomStyleInfo.Beach00.OwnNum
0x3fa27462	Knitting
0x3fa74565	FirstFriend
0x3faa2222	UGC.Goods.UgcGoodsType
0x3fb92aa1	MiiBirthday
0x3fbb6bae	Player.InteriorRoomStyleInfo.Party03.LastObtainedSec
0x3fbb78a7	GreetingNoble
0x3fc25e8c	Player.HabitInfo2.TakeItOutOnObject.OwnNum
0x3fc6a982	Player.GoodsInfo2.MoodLight.IsNewlyOwned
0x3fcf432e	Work/Data/ClothParam/ClothBottomsUgcPantsLong.data__ClothParam.gyml
0x3fd3b150	Work/Confluence/PageInfo/HairFront015.pp__Confluence__PageInfo.gyml
0x3fd459ca	Childcare.Pending.HabitOwnInfo.WalkToeOut.IsOwn
0x3fdb39d6	ClothAccessoryBackDevil
0x3fdda1d5	Player.InteriorRoomStyleInfo.Steampunk00.State
0x3fe12dff	Work/Confluence/PageInfo/HairFront011.pp__Confluence__PageInfo.gyml
0x3fe1736d	ItemKnittingNeedleLeft
0x3fe7aa43	ClothAccessoryBackBee
0x3fed68c1	Player.GoodsInfo2.Coral.State
0x3fefbd54	Work/Data/ClothParam/ClothBottomsPantsWideSpace.data__ClothParam.gyml
0x3ff04c0d	Player.InteriorRoomStyleInfo.MultiDot03.InformedNewRelease
0x3ff0fe09	Player.InteriorRoomStyleInfo.Asianresort00.OwnNum
0x3ff88fd3	Work/Data/ClothParam/ClothHeadwearHatMesh.data__ClothParam.gyml
0x3ffa423f	Mii.Belongings.HabitOwnInfo.WalkToeIn.IsOwn
0x3ffe2a85	Player.HabitInfo2.LifeTimeNightOwl.OwnNum
0x400e8774	Mii.MiiMisc.EatInfo.WorstId
0x4011ec42	House.RoomStyleInfo.Flag.SmallFlower04
0x40140610	Work/Confluence/PageInfo/HairAllLegacy104.pp__Confluence__PageInfo.gyml
0x401ce58e	FaceSmile
0x402d110d	ClothTopsCoatLongDuffle
0x402d8148	Player.HabitInfo2.WalkLikeRobot.LastObtainedSec
0x402e2647	Player.HabitInfo2.FaceOpenEyes.State
0x4030494f	Player.GoodsInfo2.Compass.OwnNum
0x40326b68	Work/Data/ClothParam/ClothHeadwearGlassShutter.data__ClothParam.gyml
0x4032ba7c	Coordinate0295
0x4040cb24	InvitingDemo_LookCloudOneSideLove
0x4047bf1b	ClothHeadwearFullmaskSkull
0x404e092b	ItemStadium00_BallAF_Demo
0x40514759	Sound_07
0x40563ff2	Horror
0x4057238d	Player.InteriorRoomStyleInfo.Grassland00.LastObtainedSec
0x40600b67	Work/Component/DestinationInfo/RoomTable.actor__DestinationInfo.gyml
0x4061cafc	Player.GoodsInfo2.ElectronicSubstrate.OwnNum
0x40636b4f	Work/Data/ClothModelParam/ClothSocksStocking.data__ClothModelParam.gyml
0x40660c87	Work/Data/CoordinateClothInfo/Coordinate0063.data__CoordinateClothInfo.gyml
0x406980a8	Player.InteriorRoomStyleInfo.Stadium02.LastObtainedSec
0x406c26f5	MiiEvent.EnableGenerateGameTime
0x40710642	UGC.Cloth.Name
0x4071c836	Work/Data/CoordinateAttribute/Coordinate0050.data__CoordinateAttribute.gyml
0x4071f71c	Relation.Info.RelationId.Id_b
0x4072fa0f	CheerUpHome
0x40730077	Country03
0x4074865b	Work/Data/ClothModelParam/ClothHeadwearCostumeKoala.data__ClothModelParam.gyml
0x4076dc3e	House.RoomStyleInfo.Flag.Minimul01
0x407b6311	ClothAllMonsterLongTurkey
0x407e1f5e	ObjCamouflage00_Chair
0x407f77d8	Work/Confluence/PageInfo/HairBack001.pp__Confluence__PageInfo.gyml
0x40805799	ViewPos
0x40845e15	Player.GoodsInfo2.CDDance.OwnNum
0x408494f5	UGC.Food.Name
0x408b53cc	Work/Data/ClothParam/ClothTopsYshirtHalfWappen.data__ClothParam.gyml
0x408e3412	ObjGame00_Monster2
0x408eaaa4	Natural05
0x408ec56c	ObjSeesaw_04
0x40961382	MiiEvent_Event0026CH
0x4099a5df	ItemJuice_04
0x409fe2e3	Player.InteriorRoomStyleInfo.LightStick04.LastObtainedSec
0x40a1f6ac	Player.HabitInfo2.StandRhythm.State
0x40a49faa	Work/Data/ClothParam/ClothHeadwearCoverPharaoh.data__ClothParam.gyml
0x40a589f4	CanEdit
0x40b0d33f	DemoPR000026Food00
0x40b196a7	Work/Data/ClothModelParam/ClothBottomsSkirtMiniFlare.data__ClothModelParam.gyml
0x40b2543e	EmotionTelopChatSurpriseSpeech
0x40b48f31	Work/Data/ClothModelParam/ClothTopsCroppedTankTop.data__ClothModelParam.gyml
0x40b52df9	Work/Data/ClothModelParam/ClothShoesSandalSneaker.data__ClothModelParam.gyml
0x40b8ef53	MaracasSession
0x40ba6a2d	Player.GoodsInfo2.BookHorror
0x40bd1588	StretchTogetherDirection
0x40bd1eb8	Player.GoodsInfo2.CallBell.IsNewlyOwned
0x40bf354f	Picture
0x40c12eec	Player.InteriorRoomStyleInfo.Wrestling00.InformedNewRelease
0x40c39954	Spirit
0x40c96cae	Player.GoodsInfo2.Stopwatch
0x40c98079	Childcare.Pending.HabitOwnInfo.ChangeCloth.State
0x40d2c6fe	UGC.Goods.PetVoiceEffectType
0x40db18c1	Player.InteriorRoomStyleInfo.Minimul05.IsNewlyOwned
0x40e1968d	Work/Confluence/PageInfo/HairAllLegacy071.pp__Confluence__PageInfo.gyml
0x40ebf38c	Childcare.Pending.HabitOwnInfo.WalkToeIn.State
0x40ed04da	ClothHeadwearGlassShutter
0x40f14c25	Player.InteriorRoomStyleInfo.Wedding01.OwnNum
0x40f2ea31	Introduction.LectureInfo.PreparedTime
0x40f54dc1	NoGroup_Event0000CH
0x40f8f4ca	Work/Data/ClothParam/ClothHeadwearGlassFlower.data__ClothParam.gyml
0x40fe7e00	Player.GoodsInfo2.SwallowsNest.LastObtainedSec
0x410044fb	Work/Data/ClothModelParam/ClothTopslongAlongSleevelessTiedye.data__ClothModelParam.gyml
0x4101f356	Work/Confluence/PageInfo/HairAllLegacy060.pp__Confluence__PageInfo.gyml
0x4106070c	Smile
0x4107c5c9	Work/Confluence/PageInfo/HairFront000.pp__Confluence__PageInfo.gyml
0x410c5ae0	Showa02
0x410de7b5	Mii.Belongings.RoomStyleInfo.Flag.Bathroom03
0x410e415d	Player.InteriorRoomStyleInfo.Strata00.FirstObtainedSec
0x411738da	Player.InteriorRoomStyleInfo.Sakura00.State
0x411c5568	Coordinate0227
0x411dd393	EmotionTelopChatSecretNotePCSpeech
0x411df8df	Player.GoodsInfo2.Binoculars.IsNewlyOwned
0x41255f21	Player.GoodsInfo2.InsectSpecimen.State
0x41292648	Work/Confluence/PageInfo/HairAllLegacy114.pp__Confluence__PageInfo.gyml
0x4136bbf8	WinkRightOpenMouth
0x41390181	Work/Data/CoordinateAttribute/Coordinate0197.data__CoordinateAttribute.gyml
0x4139a1e5	ClothTopsYshirtLongCoachJacket
0x413b3c02	Player.GoodsInfo2.DuraluminCase.LastObtainedSec
0x413d26de	Player.InteriorRoomStyleInfo.Party00.State
0x41436cba	ObjFireworksErupting
0x4148cff4	Party03
0x41497270	Work/Data/ClothParam/ClothTopsTshirtHalfCar.data__ClothParam.gyml
0x414eb8c7	ClothAccessoryWaistDinosaur
0x41533259	InvitingGroupDemo_DemoDivorceBecomeLoversAgain
0x4155270f	LeadToFirstMeal
0x4157b3c7	CDAnimeSong
0x415d5d2f	Player.InteriorRoomStyleInfo.Nobility00
0x41611337	Work/Data/ClothModelParam/ClothAllBoxLongToyRobot.data__ClothModelParam.gyml
0x4163cddb	Childcare.Pending.HabitOwnInfo.FaceRaiseEyebrows.IsOwn
0x417445b4	Work/Data/CoordinateAttribute/Coordinate0320.data__CoordinateAttribute.gyml
0x41798dcb	Player.GoodsInfo2.BirdFeathers.State
0x4180007e	Mii.Belongings.RoomStyleInfo.Flag.Camouflage00
0x41820884	Stuff00
0x41824370	ClothTopsTshirtLongFrilled
0x418d691e	Work/Data/ClothParam/ClothShoesStandardSlipon.data__ClothParam.gyml
0x418e2e07	ClothAccessoryBackHeart
0x41953204	ObjFencePipe_01
0x419ae6e7	Work/Data/ClothParam/ClothTopslongAlongSleevelessMermaid.data__ClothParam.gyml
0x419dfd4d	Work/Data/ClothModelParam/ClothTopslongBoxDressSleevelessCaveman.data__ClothModelParam.gyml
0x41a05822	RoomDollHouseLDK_FreeSpace
0x41a45b3b	TreasurePetEmotionTelopChatNoFeaturesSitOnTheGroundCircle
0x41a6fbb1	Trouble_DepressDivorce_Failure
0x41a7678a	ClothAllCostumeLongCaterpillar
0x41ab408b	Work/Data/ClothParam/ClothHeadwearOrnamentSideMiniSilkHat.data__ClothParam.gyml
0x41b3d4ee	RoomWindowLdk
0x41b756b4	Pending
0x41bb1f1f	Player.GoodsInfo2.WindUpTeeth.LastObtainedSec
0x41bc61fb	Player.InteriorRoomStyleInfo.Jail00.OwnNum
0x41c05f58	House.RoomStyleInfo.Flag.Damask04
0x41c1dad0	Player.GoodsInfo2.Rabbit.OwnNum
0x41c3b9dc	Player.InteriorRoomStyleInfo.Garage02.KeyHash
0x41c71456	ObjVendingMachine_Front_02
0x41cd0b46	WinkLeft
0x41cf9e35	ClothHeadwearHatFelt
0x41d3a380	Player.GoodsInfo2.Horse.LastObtainedSec
0x41e1d5a4	House.RoomStyleInfo.Flag.LightStick01
0x41e2ae69	Trouble_IntroductionFirstHungry_Success
0x41e43c1e	Liberation.FountainEmotionBall
0x41e44be6	Player.InteriorRoomStyleInfo.Bathroom04.State
0x41e5e7ee	EyebrowHeavyHighAngle
0x41ee82b5	ItemPasta_03
0x41f48349	Player.InteriorRoomStyleInfo.LightStick00.InformedNewRelease
0x41f6dc87	Mii.Belongings.RoomStyleInfo.Flag.SmallFlower00
0x41f6e9ab	Work/Data/ClothModelParam/ClothHeadwearMaskMask.data__ClothModelParam.gyml
0x41f774e0	House.RoomStyleInfo.Flag.Book00
0x41f77fba	PostcardSet
0x41f8db9e	ObjCandy00_Table
0x41fa1139	ClothSocksRunning
0x41fdb201	House.RoomStyleInfo.Flag.StarPrint04
0x41ff2201	UGC.Interior.Price
0x4203bafc	Phase3
0x42055390	House.RoomStyleInfo.Flag.WesternStyle03
0x4209ab17	ObjAerogenerator_05
0x420a3d78	ClothTopsCoatLongBorder
0x420ae973	Coordinate0270
0x42118dd8	UniversalBillboardItemUI_Use_Right
0x4213b98b	Work/Data/ClothModelParam/ClothAccessoryBackSword.data__ClothModelParam.gyml
0x4214c9e7	House.RoomStyleInfo.Flag.Heaven00
0x421569e2	FacilityFamilyFerrisWheel_BreakupPlace3
0x421a2655	Player.HabitInfo2.ChangeCloth.IsNewlyOwned
0x4223b34b	Player.InteriorRoomStyleInfo.Minimul01.FirstObtainedSec
0x4225fd23	Rare
0x422d8320	Work/Data/CoordinateClothInfo/Coordinate0124.data__CoordinateClothInfo.gyml
0x42331569	TravelPlaceN005
0x42357b02	ClothTopsYshirtHalfPolo
0x424510b0	House.RoomStyleInfo.Flag.Wedding02
0x42497c77	Guitar_Use
0x424c7d4e	Work/Data/CoordinateClothInfo/Coordinate0062.data__CoordinateClothInfo.gyml
0x42542053	Work/Data/ClothParam/ClothBottomsPantsLongSlacksCheck.data__ClothParam.gyml
0x425564c5	Player.InteriorRoomStyleInfo.SmallFlower07.OwnNum
0x4257130a	Work/Data/ClothModelParam/ClothHeadwearHatCorduroy.data__ClothModelParam.gyml
0x42577667	ClothTopslongAlineSleevelessShirtDress
0x4259a4ef	Work/Data/ClothParam/ClothTopsCoatLongApronCheck.data__ClothParam.gyml
0x425aba8a	Mii.Belongings.HabitOwnInfo.FaceWink.State
0x425fbd77	NoGroup_Event0000FL
0x42618699	Player.InteriorRoomStyleInfo.MultiDot00.OwnNum
0x426f668d	EmotionTelopChatFervor
0x427043af	Work/Data/CoordinateClothInfo/Coordinate0071.data__CoordinateClothInfo.gyml
0x427fba88	Relation_Housemate
0x42805a08	TreasureAnythingEmotionTelopChatBlushAtRestaurant
0x42825346	Work/Data/ClothModelParam/ClothAllBoxLongCardboard.data__ClothModelParam.gyml
0x428a1930	Mii.Belongings.RoomStyleInfo.Flag.Japanese05
0x428c84d9	Mii.Belongings.HabitOwnInfo.GreetingHeadOnly
0x428decc7	WhiteRoom00
0x4293e949	Player.InteriorRoomStyleInfo.WesternStyle06.OwnNum
0x4296a6f2	StretchTogetherDirectionMyRoom
0x429916eb	PreparedTime
0x429c06bb	Japanese04
0x429f809f	ItemDog00_kennel_Demo
0x429fa035	ClothTopsTshirtLongSummerCardigan
0x42a6f661	Player.GoodsInfo2.Easel.State
0x42aa3494	TreasureRecordEmotionTelopChatNoveltySitOnTheGround
0x42aafe24	Player.InteriorRoomStyleInfo.Cemetery00.LastObtainedSec
0x42b0be1f	Player.InteriorRoomStyleInfo.Dog01
0x42b69c76	Work/Data/CoordinateAttribute/Coordinate0333.data__CoordinateAttribute.gyml
0x42b9f6d8	FacilityFamilyFerrisWheel_MeetingPlace0
0x42bc0130	Player.GoodsInfo2.BookSomeonesNote
0x42bd45b1	TreasurePetEmotionTelopChatDifficultAtRoomSpeech
0x42c2fc2f	Relation.Info.DirectionalInfo.Meter
0x42d51ad6	ClothSocksRetroCheck
0x42d76067	Player.InteriorRoomStyleInfo.Japanese03.InformedNewRelease
0x42da3012	House.RoomStyleInfo.Flag.Nobility01
0x42da5fdd	Player.GoodsInfo2.TreeBranch
0x42e57f4f	Work/Data/ClothParam/ClothShoesBootsLongEngineer.data__ClothParam.gyml
0x42e5e9fc	SingleMinigame
0x42e704c2	SaveEventFlag
0x42ebc0f6	Work/Data/CoordinateClothInfo/Coordinate0139.data__CoordinateClothInfo.gyml
0x42ecd9a5	Player.GoodsInfo2.Bouquet
0x42f31097	Player.InteriorRoomStyleInfo.Book02.State
0x42f5d397	Work/Data/ClothParam/ClothBottomsPantsLongCropped.data__ClothParam.gyml
0x42f6c544	ConfessionFailure
0x42facd47	Player.InteriorRoomStyleInfo.Baby01
0x430029a9	DemoPR000024
0x43009e8f	Player.GoodsInfo2.Lion.State
0x4301d7ff	UGC.Interior.RegionLanguageID
0x430a9186	Work/Data/ClothParam/ClothTopslongDressHalfMagical.data__ClothParam.gyml
0x430c3af5	Player.GoodsInfo2.JomonPottery
0x430ce4ac	DemoPR000104
0x430f25e7	Work/Data/ClothParam/ClothTopsYshirtSleevelessTurtleneckKnit.data__ClothParam.gyml
0x431043c9	ClothTopsOuterLongSki
0x431df3dd	MiiEvent_Event0043CH
0x4322cbdc	CenterPos
0x4328d64f	ObjStreetLamp_Center
0x43297137	ClothHeadwearHatKasa
0x432ca857	Work/Data/ClothModelParam/ClothAccessoryBackScythe.data__ClothModelParam.gyml
0x432d3508	Player.CoordinateInfo.OwnInfoArray
0x4331881b	UgcTrouble
0x43344422	Work/Data/ClothParam/ClothBottomsPantsWideDotHalf.data__ClothParam.gyml
0x433c27a2	Place_House_LDKCarpet_raw
0x433c558a	ObjShowa00_Clock
0x434533c8	ObjLanternSakura_01
0x4346de4d	Work/Component/DestinationInfo/RoomDoorToilet.actor__DestinationInfo.gyml
0x4347f931	TopsIn
0x434d0e8a	Tutorial2
0x434e579c	Work/Data/CoordinateAttribute/Coordinate0284.data__CoordinateAttribute.gyml
0x436455dc	StyleGroup_Wrestling00
0x4364b242	Player.InteriorRoomStyleInfo.Atelier00.OwnNum
0x43688041	Work/Data/ClothParam/ClothBottomsPantsWideElephant.data__ClothParam.gyml
0x436ef17f	ClothHeadwearMaskPierrot
0x4372787c	Player.InteriorRoomStyleInfo.Bathroom00.FirstObtainedSec
0x4372d5fe	ClothHeadwearFullfaceAstronaut
0x4376be8a	NoGroup_Event0041FL
0x43771995	Player.InteriorRoomStyleInfo.MultiDot03.OwnNum
0x4379f788	TreasureMovieEmotionTelopChatInterestingAtLivingFloor
0x437c726e	ItemBonfire_01_Demo
0x437cb3e9	RestaurantDrink
0x437eedb5	MiiEvent_Event0002CH
0x437fac16	Lamp
0x438157ae	JapaneseStyle
0x438cb8ae	Player.InteriorRoomStyleInfo.StainedGlass00.IsNewlyOwned
0x4392fb1a	ItemHospital00_Stool_Demo
0x43993bba	Mii.Belongings.HabitOwnInfo.GetAngryTypeHard
0x439cc54e	Price
0x43ac192f	Player.InteriorRoomStyleInfo.Abduction00.LastObtainedSec
0x43aeed5a	Player.InteriorRoomStyleInfo.Antarctic00.State
0x43b0a1f7	Work/Confluence/PageInfo/HairAllLegacy072.pp__Confluence__PageInfo.gyml
0x43b55f1f	Place_MapObj_Bench_WithLovers_raw
0x43b8b65b	TreasureAnythingEmotionTelopChatNoveltyAtRoom
0x43ba3319	Mii.Belongings.RoomStyleInfo.Flag.Bathroom02
0x43c0d8f0	House.RoomStyleInfo.Flag.Shogun00
0x43c41d5b	Mii.Belongings.HabitOwnInfo.BlinkLot.IsChecked
0x43c48373	SitUpExerciseLDK
0x43c8a678	EmotionTelopChatSadGuitarShow
0x43cbc447	Sushi
0x43cd364f	Mii.CharacterParam.Sociability
0x43d01844	Player.InteriorRoomStyleInfo.Stadium00.State
0x43d3b4a8	Work/Confluence/PageInfo/HairAll076.pp__Confluence__PageInfo.gyml
0x43d50bb0	ClothTopslongBoxDressLongBathrobe
0x43d8da42	ClothBottomsSkirtBoxStripe
0x43d8f3c7	Player.GoodsInfo2.Haniwa.State
0x43dc31fa	House.RoomStyleInfo.Flag.TropicalSea00
0x43def563	Player.InteriorRoomStyleInfo.Bathroom02.IsNewlyOwned
0x43e1d40a	Work/Mii/EyeAccessoryParam/Eye036.mii__EyeAccessoryParam.gyml
0x43e33b98	Mii.Belongings.RoomStyleInfo.Flag.Sauna00
0x43e640ca	Work/Data/ClothModelParam/ClothShoesStandardBotanicalSlipon.data__ClothModelParam.gyml
0x43e6ff76	DropFromTree_Mii
0x43e813fe	Cone
0x43eb59eb	Work/Data/CoordinateClothInfo/Coordinate0164.data__CoordinateClothInfo.gyml
0x43f28c7b	IslandEditSuccess
0x43f509ba	UGC.Exterior.UgcImpressionType
0x43f76680	ObjFenceGuardpipe_03
0x43ffae6f	Trouble_GoodsMatched_Success
0x4402060c	White
0x4402c37e	Player.GoodsInfo2.ChessPieces.IsNewlyOwned
0x440411c6	Work/Mii/EyeAccessoryParam/Eye049.mii__EyeAccessoryParam.gyml
0x44095de1	ClothTopsYshirtHalfPolice
0x4419450e	Work/Component/DestinationInfo/FacilitySupermarket.actor__DestinationInfo.gyml
0x4419c3d1	House.RoomStyleInfo.Flag.Fantasy02
0x441a5fd0	FacilityMarket_AllSpace
0x441a8911	Player.InteriorRoomStyleInfo.LightStick00.State
0x441e8786	Player.GoodsInfo2.ColorfulBasket.OwnNum
0x44210a38	DemoInviteInsuranceALLHouse
0x442ee0dc	Player.InteriorRoomStyleInfo.Gold00.KeyHash
0x44320de2	ObjCoolModern00_Ceiling
0x44331e5f	Knife_Use_Right
0x4433cba5	Player.InteriorRoomStyleInfo.Stadium00.OwnNum
0x443675fa	Childcare.Pending.HabitOwnInfo.SnoreLoudly.IsChecked
0x4437585f	Mii.Belongings.HabitOwnInfo.StandSweatLot.State
0x4437987f	UGC.FacePaint.NetworkDeliverCount
0x443bd132	TextureSourceType
0x444cdfd1	Mii.Belongings.HabitOwnInfo.WalkUnsteady.IsOwn
0x444fc29e	Work/Confluence/PageInfo/HairAllLegacy091.pp__Confluence__PageInfo.gyml
0x444fff10	MiddleBoth
0x4450dc2d	ClothHeadwearHatDress
0x4451ee88	Liberation.WishInfo
0x4454e059	ClothStyle
0x4456244b	Player.InteriorRoomStyleInfo.StainedGlass01
0x44645285	Player.InteriorRoomStyleInfo.GardenWedding00.FirstObtainedSec
0x4469e0c0	Childcare.Pending.HabitOwnInfo.WalkToeOut.State
0x446b84e9	House.RoomStyleInfo.Flag.LockerRoom00
0x447b02ff	Screw
0x4486d7a4	PriorityJ
0x448ae471	TreasureAnythingEmotionTelopChatScaryAtLivingFloorSpeech
0x448d6734	Work/Data/ClothParam/ClothSocksLeggingsBorder.data__ClothParam.gyml
0x4494c624	Place_MapObj_TerraceBench_raw
0x44967479	Player.GoodsInfo2.Loofah.LastObtainedSec
0x4497d2a8	Player.InteriorRoomStyleInfo.Triangle03.LastObtainedSec
0x44982e0b	Work/Confluence/PageInfo/HairAll054.pp__Confluence__PageInfo.gyml
0x4499cc8c	FacilityPhotoStudio
0x449d3fc8	Mii.Belongings.HabitOwnInfo.GetAngryTypeRegretfulTears.IsChecked
0x44a5156e	Work/Data/ClothModelParam/ClothTopsOuterLongAran.data__ClothModelParam.gyml
0x44ad3e49	Work/Confluence/PageInfo/HairFront076.pp__Confluence__PageInfo.gyml
0x44b228b5	FacilityMarketParts
0x44b4b966	ClothShoesSneakerSpike
0x44b5661d	Player.InteriorRoomStyleInfo.Beach00.IsNewlyOwned
0x44b5a140	Mii.Trouble.ChildBirthBlockTime
0x44b8f1b3	Player.InteriorRoomStyleInfo.InterviewBoard00.FirstObtainedSec
0x44c0ca5a	ObjRetropop00_Ceiling
0x44c75f20	ClothHeadwearOrnamentSidePinCross
0x44ca192e	Player.InteriorRoomStyleInfo.Snow00.FirstObtainedSec
0x44d17c6b	TreasureRecordEmotionTelopChatScaryAtRoom
0x44d19f44	Player.InteriorRoomStyleInfo.Dot03.InformedNewRelease
0x44d6fc24	TWzh
0x44d826f4	Work/Data/ClothModelParam/ClothAllMonsterLongFish.data__ClothModelParam.gyml
0x44e7490b	Player.GoodsInfo2.GoldBar.IsNewlyOwned
0x44ed60f0	ClothTopslongAlongLongNatural
0x44ee5c12	Work/Data/ClothModelParam/ClothSocksArgyle.data__ClothModelParam.gyml
0x44efed76	ClothTopsTshirtLongSimple
0x44f3a093	Player.InteriorRoomStyleInfo.Triangle00.OwnNum
0x44f509af	Work/Confluence/PageInfo/HairFront004.pp__Confluence__PageInfo.gyml
0x4502b87f	GiveUpOneSideLove
0x4505384d	FacilityFerrisWheel_LeftDoorKnob
0x45066980	ClothTopslongBoxDressLongDenim
0x450a0ba4	Player.InteriorRoomStyleInfo.SF00.KeyHash
0x450fa3d8	LvUPGoods_ReplicaSword_House_LDKCarpet_raw
0x4510c3d8	FacilityFamilyRestaurant_MeetingPlace
0x45182e9c	Player.GoodsInfo2.BubblesSet
0x451e6c3a	Work/Data/ClothParam/ClothHeadwearHatAcorn.data__ClothParam.gyml
0x4521145f	FLeadingToMii
0x4525f154	Childcare.Pending.HabitOwnInfo.EatWild
0x452b75a6	Work/Data/ClothParam/ClothTopslongSalopetteLongDisco.data__ClothParam.gyml
0x452e3867	Player.InteriorRoomStyleInfo.MusicRoom00.IsNewlyOwned
0x452f9c00	Work/Data/ClothParam/ClothTopsCoatLongPea.data__ClothParam.gyml
0x4531da21	TreasureGameEmotionTelopChatImpressedSitOnTheGround
0x453e306a	Work/Data/CoordinateAttribute/Coordinate0127.data__CoordinateAttribute.gyml
0x4540ba6c	Work/Data/CoordinateClothInfo/Coordinate0087.data__CoordinateClothInfo.gyml
0x45424149	EachOther
0x454a09e8	Work/Data/Destination/ActionPoint/RoomDoorRoom_RightDoorKnob.data__destination__ActionPoint.gyml
0x454ac41d	EmotionTelopChatRelaxSeesaw
0x455d2592	ObjParty00_TableMainLDK
0x455d3329	Player.GoodsInfo2.Bill.State
0x456117b6	Voice
0x4562f0e4	Voice_Gloomy_Flanger
0x4565a422	Work/Data/CoordinateClothInfo/Coordinate0219.data__CoordinateClothInfo.gyml
0x4565d2c7	Work/Data/CoordinateAttribute/Coordinate0345.data__CoordinateAttribute.gyml
0x456d217a	Work/Data/ClothModelParam/ClothBottomsSkirtBoxBotanical.data__ClothModelParam.gyml
0x456f4a79	TravelSpace
0x45709d00	Mii.Belongings.HabitOwnInfo.FaceLousy.State
0x4571eeeb	Work/Data/Destination/DemoArea/RoomDollHouseLDK_SofaCarpet.data__destination__DemoArea.gyml
0x45720afc	ObjFenceStake_01
0x4573d5ab	Work/Data/ClothParam/ClothShoesSandalSlipon.data__ClothParam.gyml
0x457511f6	Work/Confluence/PageInfo/HairBack048.pp__Confluence__PageInfo.gyml
0x45779554	DollHouseTable
0x45796467	IsLocalNetworkFirstReceivedItem
0x457ab3b7	Work/Data/CoordinateAttribute/Coordinate0246.data__CoordinateAttribute.gyml
0x4581ee39	Player.HabitInfo2.LifeTimeNightOwl.State
0x4589d038	Player.InteriorRoomStyleInfo.Minimul02.LastObtainedSec
0x458b10d1	Player.InteriorRoomStyleInfo.Dot04.LastObtainedSec
0x458ec2ae	TravelPlaceN009
0x458fa60b	EmotionTelopChatDateWalkingRelaxLamp
0x459307d5	Trouble_HungryDrink_Success
0x45934833	FerrisWheelSittingPosition
0x45934d5b	Work/Data/ClothModelParam/ClothAccessoryNeckStethoscope.data__ClothModelParam.gyml
0x45985ba4	Player.HabitInfo2.BreakGas.IsNewlyOwned
0x45989cc1	Work/Data/ClothParam/ClothAccessoryBagBusiness.data__ClothParam.gyml
0x459d269d	Work/Data/Destination/ActionPoint/RoomDollHouseLDK_FrontLeft.data__destination__ActionPoint.gyml
0x45a47441	Work/Data/ClothParam/ClothTopslongAlongLongJumperSkirt.data__ClothParam.gyml
0x45a9e017	Work/Data/ClothParam/ClothHeadwearHatHelmet.data__ClothParam.gyml
0x45ac1b7c	Demo.DemoEndTimeAry.DemoStringIdHash
0x45acd9ea	Work/Data/CoordinateAttribute/Coordinate0044.data__CoordinateAttribute.gyml
0x45adc7b0	Player.InteriorRoomStyleInfo.Wedding03
0x45ade8eb	Mii.Belongings.RoomStyleInfo.Flag.Wedding02
0x45b3fb7f	ClothBottomsSkirtBoxDenim
0x45b57a11	Work/Data/ClothParam/ClothTopsTshirtLongLayeredHeart.data__ClothParam.gyml
0x45b71c58	EmotionTelopChatDarkSitKnittingOnTheBench
0x45b7e745	PetVoiceType
0x45be25fb	Event0016CH
0x45bf846d	ClothHeadwearHatBaseball
0x45c23e3c	House.RoomStyleInfo.Flag.Dot07
0x45ce3339	DemoRestaurant2B
0x45cf5b2e	Misc_EmotionTelopChat_House_Deject
0x45d3f33e	GreetingTypeNoting
0x45d55c7d	ObjChinese00_Console
0x45d77f24	ConfessionFailureToDeject
0x45d8499b	Player.InteriorRoomStyleInfo.StainedGlass02.KeyHash
0x45d9e0e9	TravelPosEdgeLeft3
0x45de5a89	ClothTopsCoatLongApronCheck
0x45de85b6	Player.InteriorRoomStyleInfo.Halloween00.FirstObtainedSec
0x45e2a5b6	Player.GoodsInfo2.TrainModel.OwnNum
0x45e54b5d	MiiEvent_Event0007CH
0x45e7d94e	Player.InteriorRoomStyleInfo.Lace04.KeyHash
0x45ec3db4	HostIOUgc
0x45f68c01	ObjCamouflage00_Ceiling
0x45f76612	USes
0x45ff3714	Work/Data/ClothParam/ClothHeadwearHatKnitPompom.data__ClothParam.gyml
0x45ffb67d	Work/Data/ClothModelParam/ClothHeadwearHatTowel.data__ClothModelParam.gyml
0x4605c8d2	ObjSloppy00_LaundryLDK
0x4606ce80	ItemInsectNet
0x460b2cf6	EmotionTelopChatDateWalkingAtCape
0x460f33f1	Flowerpot
0x4613c6a7	Mii.MiiMisc.UgcInfo.IsNeedPutHouseLocalNetwork
0x46158121	Player.GoodsInfo2.CoinSilver.LastObtainedSec
0x4616c424	Rouble
0x46174393	Mii.Belongings.HabitOwnInfo.EatElegantly.IsChecked
0x461c88f4	MiiEvent_Event0004FL
0x4624c08f	MiiIndexArray
0x46280481	Player.InteriorRoomStyleInfo.Garage00.OwnNum
0x462cce4b	MiiEvent_Event0041FL
0x46365a5b	Work/Data/CoordinateClothInfo/Coordinate0247.data__CoordinateClothInfo.gyml
0x463a4e86	DeltaRoof
0x463c6d1d	Work/Confluence/PageInfo/HairAll015.pp__Confluence__PageInfo.gyml
0x463e1dd4	Work/Data/ClothParam/ClothTopsCoatHalfFire.data__ClothParam.gyml
0x463e8266	Player.InteriorRoomStyleInfo.Game00.OwnNum
0x464009d6	Failure
0x4640bd46	Work/Data/ClothParam/ClothTopsYshirtHalfSticker.data__ClothParam.gyml
0x464229d3	ClothAllCylinderLongPepper
0x464701da	Player.InteriorRoomStyleInfo.SFX00.State
0x464c3acc	Player.GoodsInfo2.AnimalFlowerpot.State
0x4653a074	ObjRetropop00_CeilingDecoration
0x46541b5e	RelationFightCancel
0x4658aaed	Mii.MiiMisc.PatInfo.LastPatGameTime
0x4659d014	FrontClothShop
0x465b6fae	Mii.Belongings.HabitOwnInfo.GreetingTypeCackle.IsOwn
0x4660e005	Childcare.Pending.HabitOwnInfo.GreetingAnnoying.IsChecked
0x4660e8ad	TreasureGameEmotionTelopChatNoveltySitOnSofaTVMode
0x46613570	ObjLocker00_BenchW2
0x46616b69	Facility_Supermarket
0x46653c63	Player.GoodsInfo2.Binoculars.LastObtainedSec
0x466acf50	Player.GoodsInfo2.HandMirror.OwnNum
0x467132bc	Player.GoodsInfo2.CoconutBowl.LastObtainedSec
0x4673829f	VeryGood01
0x467699fb	ClothHeadwearGlassHeart
0x4678f23e	Player.InteriorRoomStyleInfo.Dot04.IsNewlyOwned
0x467da090	FirstPersonPresetIndex
0x467dc366	Work/Data/CoordinateAttribute/Coordinate0010.data__CoordinateAttribute.gyml
0x468b2e71	SF
0x468d410c	BuyMarketNight
0x468decfb	SecondHungryTrouble
0x4690ab4a	ClothBottomsPantsLongChinoHalf
0x4691b9df	ObjFenceWood_03
0x469926dd	Player.HabitInfo2.GreetingAnnoying
0x469947b9	Player.GoodsInfo2.Parrot.OwnNum
0x469d9dea	Player.GoodsInfo2.DVDHorror
0x469e188e	EUit
0x46a58bf4	TreasureGoods_Anything_VacantLand_Outdoor
0x46a8e2a8	Work/Data/ClothModelParam/ClothTopslongSalopetteHalfSuspendersFormal.data__ClothModelParam.gyml
0x46a9fc10	Player.GoodsInfo2.PocketWatch
0x46aacf0b	Player.InteriorRoomStyleInfo.Game01.LastObtainedSec
0x46abd6c1	Childcare.Pending.HabitOwnInfo.StandShakeHip.State
0x46ae4099	Work/Data/ClothModelParam/ClothHeadwearOrnamentFrontDuck.data__ClothModelParam.gyml
0x46b1b2a3	Work/Data/ClothParam/ClothTopsYshirtLongGilet.data__ClothParam.gyml
0x46b27444	Work/Data/CoordinateClothInfo/Coordinate0260.data__CoordinateClothInfo.gyml
0x46bdec30	Work/Data/ClothParam/ClothHeadwearHatHologram.data__ClothParam.gyml
0x46bf8e1d	Facility_InObje
0x46c3e3c1	Work/Data/CoordinateClothInfo/Coordinate0181.data__CoordinateClothInfo.gyml
0x46c5b653	Player.InteriorRoomStyleInfo.Bathroom01.OwnNum
0x46c72520	DustBin
0x46ca73ff	Player.GoodsInfo2.FallenLeaves.LastObtainedSec
0x46cb9a78	TreasureGoods_Game_House_raw
0x46cf17a2	Player.InteriorRoomStyleInfo.Party05.FirstObtainedSec
0x46cfae95	Player.ItemShopDisplayItem.ItemShopDisplayUgcGoodsHash
0x46d17437	Work/Data/ClothModelParam/ClothBottomsPantsWideDenimPrinted.data__ClothModelParam.gyml
0x46d2f975	CNzh
0x46d52648	Mii.MiiMisc.BirthdayInfo.AgeType
0x46d62d93	Childcare.Pending.HabitOwnInfo.Chicken
0x46e602be	Work/Data/CoordinateClothInfo/Coordinate0027.data__CoordinateClothInfo.gyml
0x46e60f6f	Work/Data/CoordinateClothInfo/Coordinate0032.data__CoordinateClothInfo.gyml
0x46eb91aa	ClothSocksLeggings
0x46f03c9a	Work/Data/CoordinateAttribute/Coordinate0188.data__CoordinateAttribute.gyml
0x46f47d47	Work/Data/ClothModelParam/ClothAccessoryWaistMonkey.data__ClothModelParam.gyml
0x46f6c433	Player.InteriorRoomStyleInfo.Nobility00.KeyHash
0x46f83bcb	Coordinate0198
0x46f8ce45	ClothTopsMantleLongPhantomThief
0x46fc09f1	House_Interior
0x46fc185e	Work/Data/ClothModelParam/ClothTopslongBoxDressLongGown.data__ClothModelParam.gyml
0x46fea0b7	Work/Data/ClothModelParam/ClothTopsTshirtLongPatternedVest.data__ClothModelParam.gyml
0x4708e369	Work/Confluence/PageInfo/HairAll034.pp__Confluence__PageInfo.gyml
0x4709e8b0	InvitingBench
0x470a50f9	Amulet
0x470ea125	Player.InteriorRoomStyleInfo.Sloppy01.LastObtainedSec
0x47122bc4	Mii.Belongings.HabitOwnInfo.StandStraight.State
0x4715cdf5	UGC.MapFloor.EntryTime
0x471989eb	RoomDoorToilet_LeftDoorKnobSub
0x471fb573	Player.GoodsInfo2.GlitterBeads.IsNewlyOwned
0x472024aa	Mimic
0x4733cf7f	Final
0x4743f115	Trial.PresentCoordinateColor
0x4745d1d1	Player.HabitInfo2.GreetingLazy.IsNewlyOwned
0x4746de15	Player.InteriorRoomStyleInfo.Log00.InformedNewRelease
0x474f2696	Player.InteriorRoomStyleInfo.Triangle04.FirstObtainedSec
0x474f96fc	Club
0x4751230e	ClothShoesSandalSlipperBorder
0x475487f5	Player.GoodsInfo2.Turtle.State
0x47584346	Player.InteriorRoomStyleInfo.Candy01.InformedNewRelease
0x47649943	Player.InteriorRoomStyleInfo.Heart02.IsNewlyOwned
0x47688b38	Player.GoodsInfo2.Marionette.LastObtainedSec
0x4770513d	Work/Data/ClothParam/ClothAllCostumeLongPig.data__ClothParam.gyml
0x4775fea1	Trouble_FightJoint_Success
0x4776e995	Player.InteriorRoomStyleInfo.Camouflage02.FirstObtainedSec
0x477a25ea	CoolModern00
0x477ad99a	EmotionTelopChatLaughSitKnittingOnTheFerrisWheelEntrance
0x477c3806	PerGrid
0x477d0f3c	WalkScurry
0x4782c42d	FreeSpace
0x478a2dfc	Place_MapObj_ALL_WithLoversOnly_raw
0x478ec180	DemoInviteInsuranceALLOutdoor
0x4792f9ca	Mii.Belongings.RoomStyleInfo.Flag.Otaku02
0x4796fd37	Work/Data/CoordinateClothInfo/Coordinate0098.data__CoordinateClothInfo.gyml
0x4799add3	Coordinate0174
0x479c94ed	Work/Data/CoordinateClothInfo/Coordinate0046.data__CoordinateClothInfo.gyml
0x479f3484	TreasureBookEmotionTelopChatScaryAtLivingFloorSpeech
0x479f7a49	Player.InteriorRoomStyleInfo.Minimul01
0x47a50525	UGC.Exterior.WordAttrGrammaticality
0x47a8c230	Player.InteriorRoomStyleInfo.Botanical00.FirstObtainedSec
0x47b1a0d5	Work/Data/CoordinateClothInfo/Coordinate0019.data__CoordinateClothInfo.gyml
0x47b64ca3	Player.HabitInfo2.WalkUnsteady.IsNewlyOwned
0x47cc7271	Work/Data/ClothParam/ClothTopslongSalopetteLongJudo.data__ClothParam.gyml
0x47cdfa9e	TreasureBookEmotionTelopChatInterestingSitOnFountain
0x47cebf9c	Player.InteriorRoomStyleInfo.Triangle02.State
0x47cf57ed	EmotionTelopChatDarkAtRestaurant
0x47d51eb7	Work/Data/ClothParam/ClothBottomsPantsWideLeather.data__ClothParam.gyml
0x47d68504	Work/Data/ClothModelParam/ClothHeadwearCostumeCat.data__ClothModelParam.gyml
0x47d6aa6f	Player.GoodsInfo2.RubberString.LastObtainedSec
0x47d93ed3	Player.InteriorRoomStyleInfo.Minimul04
0x47e31c23	Player.InteriorRoomStyleInfo.Atelier01
0x47e4971d	NoGroup_Event0005FL
0x47e64386	Player.GoodsInfo2.SecurityCamera
0x47e7179b	House.HowToCallRoommateGroupName
0x47e9b4f8	TreasureBookEmotionTelopChatDifficultSitOnFountain
0x47f2d2df	Work/Data/ClothModelParam/ClothTopsYshirtLongSimpleVest.data__ClothModelParam.gyml
0x47f5c891	Player.InteriorRoomStyleInfo.StarPrint01.OwnNum
0x47f627bd	Snow
0x47f9e62a	Work/Data/ClothParam/ClothAccessoryChestRosette.data__ClothParam.gyml
0x47fa2eb8	Trouble_FriendCupid_Failure
0x47fa8697	ClothTopslongOverallLongMariachi
0x48035bf7	Event0036CH
0x4806ff90	News.ItemInfo.Type
0x4807dbfa	Voice_PetGloomy_Distortion_Flanger
0x4808fa45	Player.InteriorRoomStyleInfo.Party01.State
0x480a9ef1	DemoPR000064
0x480de7f8	Work/Data/ClothParam/ClothAllBodySuitLongOgre.data__ClothParam.gyml
0x4812603f	House.RoomSettings.OverrideWallStyleId
0x4814ab59	Place_Misc_ALL_WithLovers_raw
0x481cb9cf	NaturalFloor07
0x481cda90	House.RoomStyleInfo.Flag.Dog00
0x481d7f17	Player.InteriorRoomStyleInfo.Dot00.LastObtainedSec
0x481f7e77	Work/Data/ClothParam/ClothBottomsPantsWideSurf.data__ClothParam.gyml
0x48201477	Trouble_GoodsBook_Failure
0x4821d7dd	DatePlaceSuccess
0x48224dcd	MiiEventOnFollowingMiiCount
0x4822a3ab	Player.InteriorRoomStyleInfo.Wedding03.IsNewlyOwned
0x48234273	Work/Data/ClothParam/ClothTopsYshirtHalfPolo.data__ClothParam.gyml
0x482433e5	Work/Data/ClothParam/ClothAccessoryBagTravel.data__ClothParam.gyml
0x4825e3f6	Player.GoodsInfo2.DVDShopping.IsNewlyOwned
0x48295260	Parquet00
0x482d23e4	Mii.Belongings.RoomStyleInfo.Flag.MonitorRoom01
0x482e1e25	Player.InteriorRoomStyleInfo.StarPrint00.IsNewlyOwned
0x48321b01	Work/Data/ClothModelParam/ClothHeadwearHatRhinestone.data__ClothModelParam.gyml
0x4833c9a4	Trouble_HungrySour_Success
0x483f5677	LvUPGoods_Ballet_Outdoor_raw
0x4848a355	Work/Data/ClothModelParam/ClothHeadwearOrnamentTopInsect.data__ClothModelParam.gyml
0x484907d1	Mii.Belongings.RoomStyleInfo.Flag.SFX01
0x48499197	Player.GoodsInfo2.Octahydrone.LastObtainedSec
0x484e490d	SaveDataUniqueHash
0x484f3bb9	Player.InteriorRoomStyleInfo.Fantasy02.State
0x4851d352	ObjParty00_TableSubA
0x48544592	Player.InteriorRoomStyleInfo.Cage00.OwnNum
0x485b972d	Work/Data/CoordinateAttribute/Coordinate0173.data__CoordinateAttribute.gyml
0x4861efe2	MiiEvent_Event0019CH
0x486219de	ClothTopsYshirtSleevelessDenimShirt
0x48671238	Player.InteriorRoomStyleInfo.SF05.InformedNewRelease
0x4869c2b4	UGC.MapFloor.RegionLanguageID
0x48705ce2	Player.GoodsInfo2.Daphnia.IsNewlyOwned
0x4873500b	Player.GoodsInfo2.Superscope.IsNewlyOwned
0x48768c35	NoGoods
0x48778de6	UGC.MapObject.WordAttrCount
0x4880c9c5	Player.InteriorRoomStyleInfo.WesternStyle02.FirstObtainedSec
0x48837505	Communicate011
0x48863f52	ClothBottomsSkirtLongAccordion
0x48870a72	ObjSeesaw_02
0x488a5a10	Work/Data/CoordinateClothInfo/Coordinate0083.data__CoordinateClothInfo.gyml
0x488cebf7	RoomSettings
0x4890d06a	DiningTableDrink_Table
0x48949570	Work/Confluence/PageInfo/HairFront080.pp__Confluence__PageInfo.gyml
0x4897bcda	MyRoom
0x4897c86e	Mii.Belongings.RoomStyleInfo.Flag.Stadium00
0x489d439f	Player.HabitInfo2.WalkUnsteady
0x48acb899	SmallFlower06
0x48b1a3cc	Player.GoodsInfo2.Penguin
0x48b677e5	Player.InteriorRoomStyleInfo.Minimul01.State
0x48b98574	ClothTopslongKimonoLongKimono
0x48bb0b43	Meramera
0x48c3881a	Mii.Belongings.GoodsOwnInfoSlot.GetTime
0x48c4c893	Player.InteriorRoomStyleInfo.Japanese00
0x48c566a8	ClothHeadwearHatPirate
0x48d0a1e8	LvUPGoods_Maracas_House_raw
0x48d66f8a	Branch_Event0005
0x48d6b959	DemoDM104051
0x48d7a55f	Player.InteriorRoomStyleInfo.MultiDot01.State
0x48d84132	ClothHeadwearHatSimpleCap
0x48db39c7	TreasureGameEmotionTelopChatBlushSitOnSofa
0x48db8265	Default
0x48dd62e7	House.OuterHouse.OuterHouseDeco.DecoModelIdx
0x48ddc9f9	Player.InteriorRoomStyleInfo.Rain00
0x48e1e211	ObjHedge
0x48e457f8	Player.InteriorRoomStyleInfo.Heart01.IsNewlyOwned
0x48e7c07e	UGC.SuspendData.MaterialTexScale
0x48f247d4	Mii.Belongings.RoomStyleInfo.Flag.Dot00
0x48fc5f94	ObjStainedGlass00_StandLight
0x48fca3ef	Player.GoodsInfo2.RadenAccessoryCase
0x48fdaa81	MiiEvent_OnesideLoveChangeDuringChat
0x48ff0f06	Player.GoodsInfo2.Dog.State
0x49000c18	FriendCount
0x4900c959	Fantasy01
0x4905ac1d	Coordinate0304
0x490cfb38	Player.GoodsInfo2.GlitterBeads
0x49101430	UGC.MapFloor.OwnNum
0x491180b0	Person
0x4913ae1a	Mii.Voice.Formant
0x49149d51	Player.HabitInfo2.UntidySleeper
0x49156885	Mii.Belongings.RoomStyleInfo.Flag.Otaku04
0x491dabb8	Work/Data/ClothParam/ClothAllMantleLongHero.data__ClothParam.gyml
0x4924a83e	InvitingGroupDemo_DemoChatRobot
0x492a5c2a	UGC.Exterior.OwnNum
0x492b460c	Player.InteriorRoomStyleInfo.Chinese01.IsNewlyOwned
0x492d0adc	FacilityItemShopBookL
0x493213fe	DemoPR000110
0x49387c60	Trouble_Divorce_Success
0x49545cd0	ClothHeadwearCostumeHeart
0x4957a6df	Work/Data/CoordinateClothInfo/Coordinate0051.data__CoordinateClothInfo.gyml
0x4959a1b3	Work/Data/CoordinateClothInfo/Coordinate0020.data__CoordinateClothInfo.gyml
0x495b1bc9	Player.HabitInfo2.StandToeOut.LastObtainedSec
0x495badb6	Player.InteriorRoomStyleInfo.Fruit01.LastObtainedSec
0x495c70d7	Player.InteriorRoomStyleInfo.Midcentury01.State
0x495d4f20	Barbeque
0x495da77e	Work/Data/CoordinateAttribute/Coordinate0257.data__CoordinateAttribute.gyml
0x495db72d	ClothTopsCroppedTankTop
0x495f9379	TreasureAnythingEmotionTelopChatBlushSpeech
0x495ff388	CannotPassable
0x49604272	CoupleReconciliationFailure
0x4960a1f6	Player.GoodsInfo2.CDClassic.OwnNum
0x49611f46	Superscope
0x4962a222	ObjBook00_PileBooks
0x4962d6a2	Work/Data/ClothParam/ClothTopsMantleLongSteamPunk.data__ClothParam.gyml
0x49684a5b	NoDir1Grid_DrinkingFountain
0x496924e7	Player.GoodsInfo2.SeaUrchinBone
0x496ba413	AdditionalActionAfterPostDemoUGCObje
0x496d41ff	Player.GoodsInfo2.WoolFelt.IsNewlyOwned
0x49707cd1	ClothAccessoryMufflerFringeStole
0x497253c0	Player.InteriorRoomStyleInfo.StainedGlass00.State
0x4984e5ef	Player.GoodsInfo2.Flamingo
0x49884e1b	Mii.Belongings.RoomStyleInfo.Flag.Horror00
0x49893c7b	ObjArchAir_03
0x498a09c8	Player.HabitInfo2.EatCrisp.IsNewlyOwned
0x498a2bc3	Day3
0x498c49d8	Impression
0x498d4f18	Player.InteriorRoomStyleInfo.SmallFlower04.FirstObtainedSec
0x4992b3b7	Brooklyn00
0x499314f3	HoneycombTile04
0x4999d24f	ObjBell_07
0x49a49ada	Player.InteriorRoomStyleInfo.Christmas00.IsNewlyOwned
0x49a95f1c	TreasureAnythingEmotionTelopChatImpressedSitOnTableBench
0x49a9fe1a	Mii.Belongings.RoomStyleInfo.Flag.Minimul00
0x49adbbb5	Auto
0x49ae1a7c	Player.GoodsInfo2.HandMirror.State
0x49b0d245	ClothTopsCoatLongSanta
0x49b0f75d	Player.HabitInfo2.WalkUnsteady.LastObtainedSec
0x49b59f61	Player.GoodsInfo2.NatureDVD
0x49b5d3f0	FacilityFerrisWheelSittingPosition
0x49bd47e5	Overwrite
0x49c794c1	RoomDollHouseLDK_EdgeSpace
0x49cb9c76	Work/Confluence/PageInfo/HairFront026.pp__Confluence__PageInfo.gyml
0x49cc1f35	Player.InteriorRoomStyleInfo.Abduction00.OwnNum
0x49cd6bdd	ChangeHairReject
0x49ce62a1	EmotionTelopChatLoveGuitarShow
0x49d49843	Player.GoodsInfo2.LightBulb.IsNewlyOwned
0x49d83766	Player.InteriorRoomStyleInfo.Cage00.InformedNewRelease
0x49dd6d07	Player.IsCameraReverseRotateY
0x49de74a0	LeadingChat
0x49e0d578	Player.InteriorRoomStyleInfo.Dot02.InformedNewRelease
0x49e4d51f	Player.GoodsInfo2.FamousMountainCalendar.IsNewlyOwned
0x49e59f93	Player.InteriorRoomStyleInfo.Garden00.State
0x49eb3d7d	Player.InteriorRoomStyleInfo.Otaku04.LastObtainedSec
0x49ed14a5	Work/Data/ClothParam/ClothAccessoryChestPearl.data__ClothParam.gyml
0x49ee44d6	Misc_EmotionTelopChatTV
0x49f379cb	Time1
0x49f48758	Work/Data/ClothModelParam/ClothTopsOuterLongRaglanParka.data__ClothModelParam.gyml
0x49f71c02	ClothTopsOuterLongCollege
0x49f8bc37	Childcare.Pending.HabitOwnInfo.ExpressionLess.IsOwn
0x49f9af72	Mii.Belongings.HabitOwnInfo.ExpressionLess
0x49fa3488	Mii.Belongings.HabitOwnInfo.EatCute.IsChecked
0x4a036e03	Player.InteriorRoomStyleInfo.Train00.IsNewlyOwned
0x4a090fc5	Show
0x4a0b9964	Work/Data/ClothModelParam/ClothHeadwearHatKnitCat.data__ClothModelParam.gyml
0x4a0c1dd7	Work/Data/ClothModelParam/ClothHeadwearFullfaceAstronaut.data__ClothModelParam.gyml
0x4a0e1905	Player.InteriorRoomStyleInfo.StarPrint00.LastObtainedSec
0x4a0fa989	Player.HabitInfo2.TakeItOutOnObject.State
0x4a172a2a	ItemField00_Corn_Demo
0x4a1b40c3	Player.InteriorRoomStyleInfo.Stadium01.State
0x4a1e591b	ObjNatural00_Table
0x4a232709	ObjSloppy00_Laundry
0x4a2d1a25	Player.GoodsInfo2.WoodenCarvingBear
0x4a2f1547	Work/Data/ClothModelParam/ClothTopsCoatLongFairy.data__ClothModelParam.gyml
0x4a366fa5	First
0x4a3bf82b	Work/Data/CoordinateClothInfo/Coordinate0034.data__CoordinateClothInfo.gyml
0x4a3db173	ObjTrafficLight_Center
0x4a3f5574	Player.GoodsInfo2.Jellyfish
0x4a42b8e3	Work/Data/ClothParam/ClothHeadwearCostumeMonster.data__ClothParam.gyml
0x4a448c1e	FacilityFamilyRestaurantTableSet_EachTable
0x4a455c1e	Player.HabitInfo2.GetAngryTypeHard.IsNewlyOwned
0x4a49ba34	Alien2
0x4a49d232	Coordinate0291
0x4a4bd42b	Player.GoodsInfo2.BlackTipReefShark
0x4a50f70c	Work/Confluence/PageInfo/HairBack052.pp__Confluence__PageInfo.gyml
0x4a54d021	InvitingGroupDemo_DemoChatInnocent
0x4a6087bd	Stage00
0x4a62e107	Work/Data/ClothParam/ClothBottomsPantsWideSimple.data__ClothParam.gyml
0x4a715a7e	LvUPGoods_Karate_House_LDKCarpet_raw
0x4a73f758	UgcFoodAndGoods01
0x4a7861fe	Player.HabitInfo2.StandRestless.OwnNum
0x4a8264fe	Player.HabitInfo2.StandRestless
0x4a840a24	BigCharacter
0x4a848191	Work/Data/ClothParam/ClothHeadwearHatCA.data__ClothParam.gyml
0x4a84a28d	ItemPalette
0x4a8b7454	Trouble_Cloth2Clever_Success
0x4a9343c4	Mii.MiiMisc.EntryInfo.PlayerNickNameRegionLanguageID
0x4a99655f	FountainLevel
0x4a9a96bb	GroupArrangeHopscotchInMyHome
0x4a9b2931	Player.InteriorRoomStyleInfo.Street00.IsNewlyOwned
0x4a9ba8a1	Player.InteriorRoomStyleInfo.Horror00.KeyHash
0x4a9fe964	Msk
0x4aa15de9	Newlife07
0x4aa6dc63	House.RoomStyleInfo.Flag.Wedding00
0x4aa80840	Work/Mii/EyeAccessoryParam/Eye056.mii__EyeAccessoryParam.gyml
0x4aad3874	HouseMulti
0x4ab9312b	Player.InteriorRoomStyleInfo.WesternStyle04.KeyHash
0x4abaf87f	FacilityRestaurantParts
0x4abc85de	DemoDM104071
0x4ac2b298	Player.GoodsInfo2.IncenseBurner.OwnNum
0x4ac438c0	NightCity
0x4ac4c7c9	Work/Data/CoordinateAttribute/Coordinate0200.data__CoordinateAttribute.gyml
0x4ac590ce	LightStick00
0x4acb3df3	Event0039CH
0x4acdc183	StandShakeHip
0x4acf2d61	ClothTopslongKimonoLongMiko
0x4ad2ae70	TroubleConfessionGenerate
0x4ad32a41	TreasurePetEmotionTelopChatBlushAtRoom
0x4ad50099	ObjFlowerpot_05
0x4ad9d878	Player.InteriorRoomStyleInfo.Otaku02.OwnNum
0x4ada960a	Childcare.Pending.HabitOwnInfo.GreetingAnnoying.IsOwn
0x4adeef0d	TreasureGameEmotionTelopChatNoveltySitOnSofa
0x4ae0f505	Work/Data/ClothParam/ClothBottomsSkirtLongFlower.data__ClothParam.gyml
0x4ae0fea0	TravelNormal
0x4ae63d92	Player.GoodsInfo2.Butterfly.OwnNum
0x4ae82a03	Garage05
0x4aede4b1	Unlock.FriendSuccessCount
0x4afb22ef	Work/Data/Destination/ActionDirection/ObjSwingRider_Out.data__destination__ActionDirection.gyml
0x4afd9349	Player.InteriorRoomStyleInfo.Classroom00.FirstObtainedSec
0x4b00a91e	Childcare.Pending.HabitOwnInfo.EatMouthful.IsChecked
0x4b104e0d	TreasureRecordEmotionTelopChatBlushAtLivingFloor
0x4b175d5f	Coordinate0202
0x4b245f0d	Work/Data/ClothModelParam/ClothTopsTshirtHalfGoldfish.data__ClothModelParam.gyml
0x4b27d276	Player.InteriorRoomStyleInfo.Shogun00.FirstObtainedSec
0x4b30b30d	ItemSoup
0x4b342835	Work/Data/ClothParam/ClothBottomsPantsWideMultiStripe.data__ClothParam.gyml
0x4b354375	Player.GoodsInfo2.FlySwatter.IsNewlyOwned
0x4b39864e	UGC.SuspendData.UgcHeadwearType
0x4b3a577a	Work/Confluence/PageInfo/HairAllLegacy059.pp__Confluence__PageInfo.gyml
0x4b3d7e30	ClothAllUfoAlien
0x4b3e8d82	Mii.Belongings.RoomStyleInfo.Flag.Fruit02
0x4b476afa	TreasureGameEmotionTelopChatNoveltyAtRoom
0x4b476b55	Work/Data/ClothParam/ClothHeadwearHatSoftcream.data__ClothParam.gyml
0x4b4d3576	Player.InteriorRoomStyleInfo.Book02
0x4b4f8027	Player.InteriorRoomStyleInfo.Triangle01.FirstObtainedSec
0x4b573aa8	Work/Confluence/PageInfo/HairAll055.pp__Confluence__PageInfo.gyml
0x4b5c375d	EmotionTelopChatImpressedGuitarShowAtLivingFloor
0x4b5c3e49	Player.GoodsInfo2.KarateSet.IsNewlyOwned
0x4b64ca50	AttributeGame
0x4b6b0be4	IntroductionFirstDressUp
0x4b732dbf	Month
0x4b748a84	Childcare.Pending.HabitOwnInfo.GreetingOsu.IsChecked
0x4b75f49d	Player.InteriorRoomStyleInfo.Antarctic00.OwnNum
0x4b7abc07	Work/Data/CoordinateClothInfo/Coordinate0214.data__CoordinateClothInfo.gyml
0x4b7ba4b9	Work/Data/ClothModelParam/ClothTopslongOverallLongMariachi.data__ClothModelParam.gyml
0x4b7c74a9	ItemSnowman_Body_Demo
0x4b7d5b0c	Grassland00
0x4b82e39c	Mii.Belongings.RoomStyleInfo.Flag.Classroom00
0x4b83e02a	GreetingHot
0x4b859017	ObjBook00_Ceiling
0x4b89dc19	Player.HabitInfo2.StandHandsFront.IsNewlyOwned
0x4b9aebcb	Goods
0x4b9c9c67	Player.InteriorRoomStyleInfo.Western00.InformedNewRelease
0x4b9f4cc1	Work/Confluence/PageInfo/HairAllLegacy007.pp__Confluence__PageInfo.gyml
0x4bb320a6	ClothTopsYshirtLongDenim
0x4bb60036	UltraWorstId
0x4bb6a80a	Stadium00
0x4bbbd708	Work/Data/ClothModelParam/ClothBottomsPantsLongDown.data__ClothModelParam.gyml
0x4bbe6324	MovingBox00
0x4bbeddaf	Player.HabitInfo2.FaceBliss.LastObtainedSec
0x4bc41a72	Work/Data/ClothModelParam/ClothAllCostumeLongHotdog.data__ClothModelParam.gyml
0x4bc947aa	Work/Data/CoordinateAttribute/Coordinate0030.data__CoordinateAttribute.gyml
0x4bd1720e	AnyLoverOrCouple
0x4bd3051b	Star02
0x4bd5c27d	Coordinate0228
0x4bd7ea38	Player.GoodsInfo2.BrushGold.IsNewlyOwned
0x4bdf4cb6	Childcare.Pending.HabitOwnInfo.StandSweatLot.IsOwn
0x4be0ecde	Player.HabitInfo2.GreetingTypeBig.State
0x4be1e936	Work/Data/ClothParam/ClothShoesPumpsPearls.data__ClothParam.gyml
0x4be49b27	Player.GoodsInfo2.Superscope.OwnNum
0x4be89027	Work/Data/CoordinateAttribute/Coordinate0031.data__CoordinateAttribute.gyml
0x4be9f1c4	ObjAntique00_WallDecoS
0x4bed627a	Player.GoodsInfo2.AmethystDome.LastObtainedSec
0x4bed630b	ClothTopslongDressLongStrap
0x4bedc8ff	Player.InteriorRoomStyleInfo.WoodBoard06.IsNewlyOwned
0x4bee085f	Work/Data/ClothModelParam/ClothHeadwearOrnamentSideWakazari.data__ClothModelParam.gyml
0x4bf1b9a3	KoalaStuffedToy
0x4bf20e92	Player.InteriorRoomStyleInfo.MusicRoom00.OwnNum
0x4bf427fa	House.RoomStyleInfo.Flag.Minimul05
0x4bf9eb61	Event0008CH
0x4c0a63f4	Complete
0x4c105f6e	Work/Data/CoordinateAttribute/Coordinate0047.data__CoordinateAttribute.gyml
0x4c119c8d	WatchTVSofaGroup
0x4c1d32f3	Player.GoodsInfo2.Octopus.IsNewlyOwned
0x4c1f202f	Player.InteriorRoomStyleInfo.Office00.InformedNewRelease
0x4c27b02f	LocalUgcBc3_SRGB
0x4c2ac687	Player.GoodsInfo2.BalloonArt.LastObtainedSec
0x4c34eeb4	Player.FirstBootTime
0x4c353227	Player.InteriorRoomStyleInfo.Train00.State
0x4c384031	ClothTopsCoatLongAcademic
0x4c38a0cb	Work/Data/ClothParam/ClothHeadwearOrnamentFrontTiara.data__ClothParam.gyml
0x4c3c5fc7	FocusLeadingFirstSightLove
0x4c3ca381	EmotionTelopChatRelaxSitOnTheBench
0x4c4124aa	Player.InteriorRoomStyleInfo.Wedding02
0x4c421284	FacilityPhotoStudio_ViewPos
0x4c4424a2	HabitInfo2
0x4c4bfe68	LoverSeparateTimeover
0x4c50864b	MoodLight
0x4c61b138	Player.InteriorRoomStyleInfo.Snow00.LastObtainedSec
0x4c63b691	WordRegionLanguageID
0x4c6af15b	TrophyBronze
0x4c6b3919	NoGroup_Event0004CH
0x4c6c33ea	Work/Confluence/PageInfo/HairFront063.pp__Confluence__PageInfo.gyml
0x4c6d1475	Work/Data/CoordinateAttribute/Coordinate0129.data__CoordinateAttribute.gyml
0x4c6e87e4	ClothTopslongDressHalfMaid
0x4c753c2a	MiiEvent_Event0022FL2
0x4c7a56f6	Place_Facility_Restaurant_WithLoversOnly_raw
0x4c7f5bac	TreasureGameEmotionTelopChatNoFeaturesSitOnSofa
0x4c81e411	TreasureGoods_Pet_Outdoor_raw
0x4c834bd9	Work/Data/ClothModelParam/ClothBottomsUgcSkirtLong.data__ClothModelParam.gyml
0x4c846116	SitUpSchoolField
0x4c8995c2	Trouble_ClothLover_Failure
0x4c8b7af6	Time3
0x4c8dc054	Work/Data/ClothModelParam/ClothHeadwearCostumePenguin.data__ClothModelParam.gyml
0x4c910bc1	Player.InteriorRoomStyleInfo.LightStick07.LastObtainedSec
0x4c944dbe	Player.InteriorRoomStyleInfo.Party01.FirstObtainedSec
0x4c9819e4	UGC.FacePaint.Price
0x4c98cbd5	Player.InteriorRoomStyleInfo.WesternStyle03.KeyHash
0x4c9a2df7	CoupleDivorce
0x4c9e4832	Player.GoodsInfo2.GameDance.OwnNum
0x4c9e9577	Player.InteriorRoomStyleInfo.Office01.LastObtainedSec
0x4ca05680	Work/Data/ClothModelParam/ClothAccessoryBagBear.data__ClothModelParam.gyml
0x4ca56db6	Work/Data/ClothParam/ClothBottomsPantsWideBaggy.data__ClothParam.gyml
0x4ca942c1	IsRenovationLifted
0x4caa9be8	Eyebrow
0x4cb0c52f	Day1
0x4cb29dbd	Christmas
0x4cb917a0	Trouble_Hungry_Failure
0x4cbba7d6	Group_Event0019
0x4cbdd679	Work/Data/ClothModelParam/ClothBottomsPantsLongDenim.data__ClothModelParam.gyml
0x4cbde3be	Pet01
0x4cc1202f	Player.GoodsInfo2.TreasureMap.IsNewlyOwned
0x4cc233a5	DemoDM104050
0x4cc86307	FrontAllSpace
0x4cca73c9	DailyLog.BuyMarketSale
0x4ccaae37	Work/Data/ClothModelParam/ClothTopslongAlineSleevelessRetro.data__ClothModelParam.gyml
0x4cd79b51	Work/Data/ClothParam/ClothAllMascotLongMonkey.data__ClothParam.gyml
0x4cd80162	TreasurePetEmotionTelopChatDifficultSitOnTheGround
0x4cdf13e3	ObjTreeCactus
0x4ce0988a	VacantlandWithDemoPR000068
0x4ce229db	Work/Data/CoordinateClothInfo/Coordinate0243.data__CoordinateClothInfo.gyml
0x4ceaf6de	ClothShoesSandalRound
0x4cec323c	Player.InteriorRoomStyleInfo.LightStick02.LastObtainedSec
0x4ceef7b0	Work/Data/CoordinateClothInfo/Coordinate0116.data__CoordinateClothInfo.gyml
0x4cefa6ad	Work/Data/ClothModelParam/ClothTopslongAlineSleevelessMonogram.data__ClothModelParam.gyml
0x4cf6b634	Work/Data/ClothParam/ClothHeadwearCostumeBird.data__ClothParam.gyml
0x4cf80858	ClothTopsCoatLongFairy
0x4cfcf0b9	FriendOnesideLoveWithoutTwosideLove
0x4cff407f	ObjBaby00_Canopy
0x4d0f03bc	Work/Data/ClothModelParam/ClothHeadwearOrnamentFrontSamba.data__ClothModelParam.gyml
0x4d0f34ab	Work/Data/Destination/ActionPoint/ObjBeachBed_Center.data__destination__ActionPoint.gyml
0x4d17e4fe	Tatami
0x4d1943e1	Mii.Belongings.RoomStyleInfo.Flag.Bathroom01
0x4d1a088f	Player.InteriorRoomStyleInfo.WoodBoard07.KeyHash
0x4d1c5309	Player.HabitInfo2.StomachSmall.OwnNum
0x4d1cdc63	Work/Data/ClothModelParam/ClothBottomsPantsWideMultiStripe.data__ClothModelParam.gyml
0x4d244ff3	Work/Data/ClothParam/ClothBottomsPantsWideDogJersey.data__ClothParam.gyml
0x4d2673d3	EmotionTelopChatDateWalkingRelaxSitOnFountain
0x4d27e120	Mii.MiiMisc.FaceInfo.RejectHairChangeGameTime
0x4d35663c	TravelPlaceN012
0x4d366c3c	OnesideLoveEachOtherCount
0x4d3d8e3c	CoolDownFight
0x4d45188e	Work/Data/ClothParam/ClothHeadwearGlassHMD.data__ClothParam.gyml
0x4d479f84	Work/Data/ClothModelParam/ClothTopslongAlongHalfRumba.data__ClothModelParam.gyml
0x4d4b5f82	ItemCircus00_Cannon_Demo
0x4d4d4f8b	AttributeCD
0x4d562a33	Work/Data/CoordinateAttribute/Coordinate0074.data__CoordinateAttribute.gyml
0x4d56aa00	Autograph
0x4d5853dd	Player.GoodsInfo2.JomonPottery.OwnNum
0x4d590b0f	ObjGuardrail_06
0x4d5cf755	Player.InteriorRoomStyleInfo.Book00.KeyHash
0x4d5da7d1	EmotionTelopChatLoveLamp
0x4d5f1473	ObjGigantic00_BuildingW
0x4d663865	Room_LdkDeco
0x4d698787	Fantasy02
0x4d6d3d57	Mii.Belongings.HabitOwnInfo.WalkScurry.IsChecked
0x4d774886	Work/Mii/EyeAccessoryParam/Eye045.mii__EyeAccessoryParam.gyml
0x4d78e262	Mii.Voice.Tension
0x4d7a51bc	ClothHeadwearOrnamentSidePinFlower
0x4d7e6cf1	ObjBathroom00_Curtain
0x4d82446b	MiiEvent_Event0014CH
0x4d826048	Player.HabitInfo2.GreetingAnnoying.State
0x4d83fb1b	ObjSwingRider_Goal
0x4d857d1c	Childcare.Pending.HabitOwnInfo.GreetingCurtsy.IsChecked
0x4d942903	House.RoomStyleInfo.Flag.Garage06
0x4d98166a	Work/Data/ClothModelParam/ClothBottomsSkirtMiniFrill.data__ClothModelParam.gyml
0x4d9b90b2	Work/Data/CoordinateClothInfo/Coordinate0336.data__CoordinateClothInfo.gyml
0x4d9ce179	Player.InteriorRoomStyleInfo.Triangle01.KeyHash
0x4d9e59b0	Mii.Belongings.HabitOwnInfo.StandAffected.IsOwn
0x4da5a962	Player.GoodsInfo2.BookHorror.IsNewlyOwned
0x4dad4cf4	RestaurantDemoChat03
0x4db3416a	Work/Data/ClothParam/ClothBottomsSkirtLongPleats.data__ClothParam.gyml
0x4db46cd1	Player.InteriorRoomStyleInfo.Garage07.IsNewlyOwned
0x4dbbd52d	Trouble_IslandEditTutorial00_Success
0x4dbd0078	Work/Data/ClothModelParam/ClothTopsTshirtHalfKanji.data__ClothModelParam.gyml
0x4dc034fb	ClothTopsYshirtLongHalfCardigan
0x4dc4ef55	Player.InteriorRoomStyleInfo.Book00.FirstObtainedSec
0x4dc52183	GlitterBeads
0x4dc5872f	ItemMug_03
0x4dc7f468	Player.InteriorRoomStyleInfo.Beach00.FirstObtainedSec
0x4dc81570	Mii.Belongings.RoomStyleInfo.Flag.Stadium01
0x4dcbdb29	Work/Data/ClothModelParam/ClothBottomsPantsWidePainter.data__ClothModelParam.gyml
0x4dceec7a	Player.InteriorRoomStyleInfo.Dilapidated00.KeyHash
0x4dcf3669	Player.InteriorRoomStyleInfo.WoodBoard00.State
0x4dd0cd37	ClothShoesStandardDeck
0x4ddf3783	Obje_FrontEdge
0x4de55233	Work/Data/CoordinateClothInfo/Coordinate0314.data__CoordinateClothInfo.gyml
0x4de6d698	ClothShoesPumpsPearls
0x4df34e98	Work/Data/ClothParam/ClothTopsOuterLongFleecePattern.data__ClothParam.gyml
0x4df5baef	Childcare.Pending.HabitOwnInfo.SnoreLoudly.State
0x4dfc33c6	Player.InteriorRoomStyleInfo.Triangle04
0x4dfd9413	Player.GoodsInfo2.StreetDanceSet.State
0x4e069110	Player.GoodsInfo2.DVDLove.LastObtainedSec
0x4e0c0bba	Player.InteriorRoomStyleInfo.Chinese00.FirstObtainedSec
0x4e0f20d5	Penguin
0x4e15aa10	Work/Data/ClothModelParam/ClothHeadwearHatBowler.data__ClothModelParam.gyml
0x4e18aa4a	TreasureBookEmotionTelopChatNoFeaturesSitOnTheGround
0x4e18caae	ClothTopsTshirtHalfAnimal
0x4e192f65	Player.InteriorRoomStyleInfo.WoodBoard06.OwnNum
0x4e1c5d39	Player.GoodsInfo2.ClayFigure.LastObtainedSec
0x4e1dd1ae	Player.InteriorRoomStyleInfo.Field01.KeyHash
0x4e27a3c5	CheerUpFailureB
0x4e293673	Player.GoodsInfo2.CDGameMusic.LastObtainedSec
0x4e2deeca	Work/Data/CoordinateClothInfo/Coordinate0035.data__CoordinateClothInfo.gyml
0x4e2f4e7b	Coordinate0343
0x4e3c3f6e	Work/Data/ClothModelParam/ClothShoesStandardMarine.data__ClothModelParam.gyml
0x4e447bda	TreasureBookEmotionTelopChatImpressedSitOnTheGroundCircle
0x4e44f2c4	Event0034FL
0x4e49ae88	ClothAccessoryBagTravel
0x4e4af2f1	MiiEvent_Event0048CH
0x4e4eb34c	House.RoomStyleInfo.Flag.Dot04
0x4e501afe	Player.InteriorRoomStyleInfo.Japanese05.State
0x4e50d236	Work/Data/ClothParam/ClothBottomsSkirtMiniTennis.data__ClothParam.gyml
0x4e533047	Work/Data/ClothModelParam/ClothAccessoryNeckRing.data__ClothModelParam.gyml
0x4e53797a	ClothBottomsPantsWideCropped
0x4e53d816	Festival00
0x4e5f17df	ClothHeadwearCostumeHen
0x4e66acc9	ClothShoesStandardMarine
0x4e68cfc6	NoGroup_Event0051CH
0x4e6952eb	Work/Data/CoordinateAttribute/Coordinate0024.data__CoordinateAttribute.gyml
0x4e6b9635	Work/Data/ClothModelParam/ClothTopslongDressSleevelessSunflower.data__ClothModelParam.gyml
0x4e6d523b	ItemSandwich_02
0x4e771821	Work/Data/ClothModelParam/ClothHeadwearHatSteamPunk.data__ClothModelParam.gyml
0x4e7deda1	Event0044FL
0x4e802c75	Childcare.Pending.HabitOwnInfo.GetAngryTypeHard.IsOwn
0x4e809b12	DemoDefault
0x4e981801	Player.InteriorRoomStyleInfo.Desert00.State
0x4e985fe6	Player.InteriorRoomStyleInfo.Book00.State
0x4e992963	FacilityTower
0x4eb101e8	Facility
0x4eb29369	School
0x4eb5d9fc	Mii.Belongings.RoomStyleInfo.Flag.Gym02
0x4ebc8e8c	Work/Mii/EyeAccessoryParam/Eye032.mii__EyeAccessoryParam.gyml
0x4ebca090	Player.InteriorRoomStyleInfo.MultiDot00.LastObtainedSec
0x4ebe5dff	ObjBonfire_02
0x4ec04317	MessageBottle
0x4ece5ccf	Work/Confluence/PageInfo/HairAll024.pp__Confluence__PageInfo.gyml
0x4ed0cbc0	TreasureGoods_Pet_Outdoor_Deject
0x4ed985dd	Player.GoodsInfo2.Tile.IsNewlyOwned
0x4eda99b0	IslandDevelopmentNoReward
0x4ede84be	Work/Mii/EyeAccessoryParam/Eye020.mii__EyeAccessoryParam.gyml
0x4eeacbc8	Work/Mii/EyeAccessoryParam/Eye063.mii__EyeAccessoryParam.gyml
0x4eef217d	BookLove
0x4eeff371	Fruit
0x4ef568eb	TreasureAnythingEmotionTelopChatBlushSitOnTableBench
0x4ef7897e	MaracasSessionMyRoom
0x4f01da20	PrimitiveRenderer
0x4f027490	Player.InteriorRoomStyleInfo.Minimul03
0x4f0402e0	ClothTopsOuterLongParkaZip
0x4f05b04e	TreasureBookEmotionTelopChatNoveltySitOnFountain
0x4f08c453	Work/Data/ClothModelParam/ClothHeadwearProtectorPilot.data__ClothModelParam.gyml
0x4f09b609	Player.InteriorRoomStyleInfo.Minimul07.LastObtainedSec
0x4f0d0724	NotePC
0x4f162122	Player.GoodsInfo2.GameRacing
0x4f214c75	ObjFenceChain_05
0x4f231861	Player.GoodsInfo2.GameHorror
0x4f268006	Communicate008
0x4f2a4a2c	FacilityMarket
0x4f2c1bae	ObjCoolModern00_Sofa
0x4f2e3178	Work/Mii/EyeAccessoryParam/Eye010.mii__EyeAccessoryParam.gyml
0x4f31ecab	ObjFlowerNarcissus_01
0x4f3463e0	ClothHeadwearFullfaceTelevision
0x4f36a031	Player.InteriorRoomStyleInfo.Garage03.State
0x4f38a60f	Work/Mii/EyeAccessoryParam/Eye003.mii__EyeAccessoryParam.gyml
0x4f38b04b	Mii.Belongings
0x4f3bafaf	Player.GoodsInfo2.WickerBasket.LastObtainedSec
0x4f3c1ac9	RoomDoorToilet_LeftDoorKnob
0x4f43d1f4	Work/Data/ClothModelParam/ClothHeadwearCostumeBear.data__ClothModelParam.gyml
0x4f4e3035	Player.GoodsInfo2.DVDAnimation.OwnNum
0x4f53c457	EatCarefully
0x4f587bfc	Mii.Belongings.RoomStyleInfo.Flag.Chinese00
0x4f5a7777	PriorityF
0x4f5c7391	KeyHash
0x4f630692	Log00
0x4f67ec43	ShopPaidMoneyBuildingFacility
0x4f6a9454	Player.InteriorRoomStyleInfo.Flowergarden00.KeyHash
0x4f797bca	Player.InteriorRoomStyleInfo.SmallFlower07.LastObtainedSec
0x4f79e0ed	Player.GoodsInfo2.EmbroideryWallHanging.LastObtainedSec
0x4f7aff92	Must
0x4f7ff697	Work/Data/CoordinateAttribute/Coordinate0227.data__CoordinateAttribute.gyml
0x4f802d98	Player.GoodsInfo2.EmbroideryWallHanging.State
0x4f876c4b	Work/Data/ClothModelParam/ClothHeadwearCostumeDog.data__ClothModelParam.gyml
0x4f8d8297	Work/Data/CoordinateClothInfo/Coordinate0246.data__CoordinateClothInfo.gyml
0x4f8da25a	Player.InteriorRoomStyleInfo.Lace05.IsNewlyOwned
0x4f8f9bed	Mii.Belongings.RoomStyleInfo.Flag.Damask05
0x4f90bd07	Mii.Belongings.HabitOwnInfo.Chicken.IsOwn
0x4f9179c2	Player.InteriorRoomStyleInfo.WesternStyle01.InformedNewRelease
0x4f92f9ca	TreasureGameEmotionTelopChatDifficultSitOnFountain
0x4f9477dc	ClothHeadwearOrnamentFrontMaid
0x4f98f4b6	Work/Data/CoordinateClothInfo/Coordinate0306.data__CoordinateClothInfo.gyml
0x4f9d0d2f	Player.InteriorRoomStyleInfo.Lace01.LastObtainedSec
0x4fa2281c	EmotionTelopChatDarkGuitarShowAtRoom
0x4fadcd7d	OneRoom
0x4fadf04e	Coral
0x4fb25e69	House.RoomStyleInfo.Flag.SmallFlower05
0x4fb9da82	Work/Data/ClothModelParam/ClothTopslongDressLongMaid.data__ClothModelParam.gyml
0x4fbbe665	CameraMeetingItem
0x4fc2981b	Player.InteriorRoomStyleInfo.Bathroom00.KeyHash
0x4fc444cc	BookManga
0x4fc5b806	DemoDM104093
0x4fc817b6	Mii.Trouble.Info.TargetMapObject.GridPosX
0x4fc8c0cb	ClayFigure
0x4fd4ef21	Bathroom02
0x4fe35a37	Player.GoodsInfo2.OneEarphoneIsMisissing.State
0x4fe5439b	DemoDM104062
0x4fe8ef53	Work/Data/ClothModelParam/ClothTopsOuterLongDownJacket.data__ClothModelParam.gyml
0x4fea53ff	EmotionTelopChatLaughSitOnTheHouseDeck
0x4fec252d	Player.GoodsInfo2.Receipt.LastObtainedSec
0x4ff2da8f	Mii.Belongings.RoomStyleInfo.Flag.GardenWedding00
0x4ff555cb	Player.InteriorRoomStyleInfo.WesternStyle06
0x4ff83217	Work/Data/CoordinateAttribute/Coordinate0076.data__CoordinateAttribute.gyml
0x4ffa97d9	LvUPGoods_Training_PushUpSitUp_House
0x4ffb5d13	Hopscotch
0x50044263	OrderLayingLifted
0x5013a1ab	GroupAction_Lover_Partner
0x5013d40e	ClothTopslongDressHalfIdol
0x5013e470	Work/Data/Destination/ActionPoint/RoomDoorToilet_RightDoorKnob.data__destination__ActionPoint.gyml
0x5015cc0b	Player.InteriorRoomStyleInfo.Stuffed01
0x501a96ac	Work/Confluence/PageInfo/HairFront032.pp__Confluence__PageInfo.gyml
0x501e760f	MapleSyrupSamplingPort
0x50221fb0	Player.InteriorRoomStyleInfo.Party02.KeyHash
0x5022cba7	Work/Data/ClothModelParam/ClothTopsUgcTshirtHalf.data__ClothModelParam.gyml
0x50238ded	ObjCardboard00_CardboardB
0x50269fad	ClothBottomsPantsWideCheckHalf
0x502d902a	Player.InteriorRoomStyleInfo.Heaven00.State
0x503490e0	UGC.MapFloor.HowToCallName
0x5036b66b	Work/Confluence/PageInfo/HairAllLegacy042.pp__Confluence__PageInfo.gyml
0x50401659	Work/Confluence/PageInfo/HairAll102.pp__Confluence__PageInfo.gyml
0x504067a6	Player.InteriorRoomStyleInfo.LockerRoom02
0x5044b85a	Mii.Belongings.RoomStyleInfo.Flag.WoodBoard04
0x50487e14	Work/Data/ClothModelParam/ClothBottomsPantsLongStripe.data__ClothModelParam.gyml
0x50508630	Player.InteriorRoomStyleInfo.Fruit04.OwnNum
0x5050d6fb	Back
0x50560a16	FrontRight
0x5057d724	ClothHeadwearHatOutdoorBotanical
0x5060c753	ClothTopsOuterLongParka
0x5069c8dc	PostAddMii
0x5070737a	Player.InteriorRoomStyleInfo.Otaku02.KeyHash
0x507f0981	Trouble_HungrySweet_Failure
0x507f2e97	FacePaint
0x507fc5f1	DemoSB044037
0x5080d0df	ItemPasta_02
0x50842fc3	Childcare.Pending.HabitOwnInfo.StandHandsFront.IsChecked
0x5084b231	TreasureGoods_Book_Outdoor_Irritate
0x508c07f3	Work/Data/ClothParam/ClothAllMascotLongRabbit.data__ClothParam.gyml
0x508c3def	FacilityFamilyRestaurant_BreakupPlace0
0x50909e4c	Work/Data/ClothModelParam/ClothHeadwearCostumeTiger.data__ClothModelParam.gyml
0x5094a530	Player.GoodsInfo2.SolarPanel.State
0x5095166d	EmotionTelopChatFervorParasol
0x5098f955	Player.GoodsInfo2.Penguin.OwnNum
0x50996cfa	Work/Data/CoordinateAttribute/Coordinate0045.data__CoordinateAttribute.gyml
0x5099f3ad	Player.GoodsInfo2.DVDAction.OwnNum
0x509cdcf5	Player.InteriorRoomStyleInfo.Triangle03.InformedNewRelease
0x509d2368	Player.GoodsInfo2.Loofah.OwnNum
0x509f877c	Creepy
0x50a0f250	Work/Data/CoordinateClothInfo/Coordinate0200.data__CoordinateClothInfo.gyml
0x50a3b6f6	TreasureBookEmotionTelopChatDifficultAtRoomSpeech
0x50a7e717	Player.HabitInfo2.GreetingShy.IsNewlyOwned
0x50ab3d1d	StandCool
0x50b090e3	DailyLog.FountainWishComeTrueCount
0x50b44f33	Player.InteriorRoomStyleInfo.NightView00.FirstObtainedSec
0x50b98d9d	Work/Data/CoordinateClothInfo/Coordinate0108.data__CoordinateClothInfo.gyml
0x50bcc273	Trouble_DepressDivorce_Success
0x50bed990	Player.InteriorRoomStyleInfo.Dot00
0x50cbf2b4	AIDanceBallet
0x50ce01fd	Work/Mii/EyeAccessoryParam/Eye059.mii__EyeAccessoryParam.gyml
0x50d31105	ObjFigure00_ShelfL
0x50d44d5f	Mii.Belongings.HabitOwnInfo.LifeTimeNightOwl.IsChecked
0x50d5cd2a	Player.InteriorRoomStyleInfo.LightStick02.OwnNum
0x50dea2d4	Bonsai
0x50ee1cc9	Communicate019
0x50f02f26	Player.InteriorRoomStyleInfo.LightStick04
0x50f15867	StandRhythm
0x50f2d714	Sushi00
0x50f4e41d	Player.InteriorRoomStyleInfo.Factry00.KeyHash
0x50f5fb7f	DemoPR000013
0x50fbe95f	ItemWedding00_Cake
0x50fc778a	TreasureGoods_Movie_House_Irritate
0x50ff7780	MiiEvent_Event0010CH
0x5100bcc0	Mii.Belongings.HabitOwnInfo.EatCarefully.State
0x51058af8	Work/Confluence/PageInfo/HairAllLegacy077.pp__Confluence__PageInfo.gyml
0x5105fb38	ObjSeesaw_Out_0
0x5106972a	Work/Data/ClothModelParam/ClothShoesSandalSlipperBorder.data__ClothModelParam.gyml
0x5106befa	Work/Data/CoordinateAttribute/Coordinate0015.data__CoordinateAttribute.gyml
0x5106f450	Work/Data/ClothParam/ClothTopsOuterLongMountain.data__ClothParam.gyml
0x51071089	Work/Data/CoordinateAttribute/Coordinate0343.data__CoordinateAttribute.gyml
0x5107123d	Childcare.Pending.HabitOwnInfo.StandProudly.IsOwn
0x510a944f	Work/Data/ClothModelParam/ClothTopslongBoxDressHalfPharaoh.data__ClothModelParam.gyml
0x510ed1cf	Work/Data/ClothParam/ClothTopslongOverallLongCatcher.data__ClothParam.gyml
0x51231117	TravelPlaceN014S2
0x51276707	Work/Data/ClothModelParam/ClothHeadwearHatWitch.data__ClothModelParam.gyml
0x51276e3a	Work/Data/ClothModelParam/ClothHeadwearOrnamentSideIdol.data__ClothModelParam.gyml
0x512913ed	Work/Data/ClothParam/ClothBottomsSkirtBoxLace.data__ClothParam.gyml
0x51322bcb	Player.InteriorRoomStyleInfo.Camouflage01.State
0x5134367b	Karate
0x51372aab	Work/Confluence/PageInfo/HairFront013.pp__Confluence__PageInfo.gyml
0x513b60af	Work/Data/ClothParam/ClothTopsOuterLongWindbreaker.data__ClothParam.gyml
0x513cef30	Player.GoodsInfo2.SonohenNoIshikoro.IsNewlyOwned
0x5144d2ed	Mii.Belongings.RoomStyleInfo.Flag
0x51456fc7	ObjBenchTerrace_02
0x5147b62e	Work/Data/ClothModelParam/ClothTopslongSalopetteLongSplashed.data__ClothModelParam.gyml
0x514cfe14	ClothBottomsSkirtMiniStrap
0x514d6697	Player.InteriorRoomStyleInfo.Heart02.FirstObtainedSec
0x514fb0d2	Work/Data/CoordinateClothInfo/Coordinate0335.data__CoordinateClothInfo.gyml
0x515343a2	FacilityFountainParts
0x515b1eff	DollHousePostBox
0x515c4367	Work/Mii/EyeAccessoryParam/Eye022.mii__EyeAccessoryParam.gyml
0x51602ceb	Work/Data/ClothParam/ClothAccessoryWaistDinosaur.data__ClothParam.gyml
0x51606310	Hat
0x5160cfe5	ClothShoesPointedStuds
0x5161a3c0	SelfIntroduction
0x5162849d	ObjRetropop00_ShelfB
0x5163c2a3	MiiEvent_Event0003CH
0x516a34a3	Player.InteriorRoomStyleInfo.Dot04.OwnNum
0x516b724d	Work/Data/ClothParam/ClothHeadwearHatBadgesCap.data__ClothParam.gyml
0x516c0da4	Childcare.Pending.HabitOwnInfo.VoiceSmall
0x516e1ca2	Work/Data/ClothParam/ClothShoesAnimalAnimalSlipper.data__ClothParam.gyml
0x516f1de5	Work/Data/ClothParam/ClothHeadwearGlassBottomBottom.data__ClothParam.gyml
0x5171376f	ClothHeadwearHatPineapple
0x5172939d	Player.HabitInfo2.SnoreLoudly
0x51753cd1	Work/Data/ClothParam/ClothSocksTightsColor.data__ClothParam.gyml
0x517926db	Hemisphere
0x5179a96c	cn5
0x517af6b0	ClothBottomsPantsLongShort
0x517c125f	ClothBottomsSkirtBoxWrap
0x518630c9	Branch_Event0041FL_LoverCouple
0x518cb4fb	ClothHeadwearHatHelmet
0x518df1f6	ObjOffice00_DeskA
0x518fb5a9	China
0x519053a7	StandbyAndReuse
0x51915dc9	Misc_RunCircle
0x5191baf0	Work/Data/ClothParam/ClothTopslongAlineLongSanta.data__ClothParam.gyml
0x51994803	ObjCamouflage00_Table
0x519a10f3	MiiEvent_Event0039CH
0x519a1d11	Mii.Belongings.HabitOwnInfo.BlinkLot
0x519e96f4	Player.GoodsInfo2.Pinata.OwnNum
0x519fac9f	Player.InteriorRoomStyleInfo.Party06.InformedNewRelease
0x51a32bdb	Player.GoodsInfo2.TrophyBronze.IsNewlyOwned
0x51a62f29	NG
0x51a9bd4a	Player.GoodsInfo2.LuckyCat.LastObtainedSec
0x51ac48c2	Formant
0x51ae7b3b	Player.HabitInfo2.StandPutsGlasses.IsNewlyOwned
0x51aea8e7	RestaurantDemoFood02
0x51b09091	SuspendingAndFinishedDefinitely_Custom
0x51b2c1d4	Player.InteriorRoomStyleInfo.MovingBox01.InformedNewRelease
0x51b62032	Showa03
0x51bc2ba1	ItemParty00_Demo_BalloonA
0x51bede3c	Player.GoodsInfo2.Floppy
0x51bf66da	Trouble_HungryHot_Success
0x51c25e14	ClothTopsCompression
0x51caebf6	TreasurePetEmotionTelopChatBlushAtLivingFloorSpeech
0x51ea6980	Player.GoodsInfo2.WoolFelt.State
0x51ebab41	ClothTopslongMuscleLongTraining
0x51ec15cb	Work/Data/CoordinateClothInfo/Coordinate0299.data__CoordinateClothInfo.gyml
0x51f1619c	Misc_EmotionTelopChatRoom_Laught
0x51f5f49d	Work/Data/CoordinateAttribute/Coordinate0312.data__CoordinateAttribute.gyml
0x51f604f5	Player.GoodsInfo2.BrushGold.LastObtainedSec
0x51f9ebe6	ObjFencePipe_03
0x52005d59	Player.InteriorRoomStyleInfo.Triangle04.InformedNewRelease
0x52007b83	Work/Data/CoordinateAttribute/Coordinate0279.data__CoordinateAttribute.gyml
0x5201ccee	Player.InteriorRoomStyleInfo.LockerRoom00
0x5209198f	Player.GoodsInfo2.Marionette.OwnNum
0x520d113b	IceRink00
0x520df0ca	Work/Data/ClothParam/ClothTopslongBoxDressLongKandoora.data__ClothParam.gyml
0x5215808c	Work/Confluence/PageInfo/HairAllLegacy015.pp__Confluence__PageInfo.gyml
0x521605be	Work/Data/ClothParam/ClothTopslongDressHalfMaid.data__ClothParam.gyml
0x521a1673	Player.InteriorRoomStyleInfo.MusicRoom00
0x521df6d2	TutorialFlag
0x52239cac	TreasureBookEmotionTelopChatNoveltySitOnFerrisWheelEntrance
0x52249c2d	ObjSprinkler_04
0x5225873c	TreasureGameEmotionTelopChatDifficultSitOnSofa
0x522a2c6b	ClothTopslongOverallSleevelessAerobics
0x522bc602	Player.InteriorRoomStyleInfo.SmallFlower04.InformedNewRelease
0x522cc147	TreasureAnythingEmotionTelopChatNoveltySitOnTerraceBench
0x522d689b	Player.GoodsInfo2.DVDSF.LastObtainedSec
0x522d8ee1	ClothAccessoryChestRose
0x522e81ac	BecomeFriendsAgain
0x523402f6	Mii.Feeling.MiiHistoryId
0x523535a2	House.RoomStyleInfo.Flag.Garage05
0x52389132	Work/Data/CoordinateAttribute/Coordinate0040.data__CoordinateAttribute.gyml
0x523f6a6f	ObjBrooklyn00_WallDecoE
0x524545fd	Player.InteriorRoomStyleInfo.Candy01.State
0x524637b1	DemoSB302003
0x5246a8e6	Player.GoodsInfo2.CoinSilver.IsNewlyOwned
0x524707b9	ItemCurtain
0x5249b63e	Player.InteriorRoomStyleInfo.Fantasy01.State
0x524a8236	Player.GoodsInfo2.SpeechBubblePlatinum.OwnNum
0x524dcdd9	ClothHeadwearOrnamentTopColorLamp
0x524fa7c3	Unlock.InnerRoomChangeCount
0x5250c62e	Player.GoodsInfo2.BookRiddle.LastObtainedSec
0x5254b5e2	ItemKeyboard
0x5256f527	Player.HabitInfo2.WalkRhythm.IsNewlyOwned
0x525e6920	Work/Data/ClothModelParam/ClothAccessoryNeckTripleChain.data__ClothModelParam.gyml
0x5264a4a5	ObjGarage00_Shelf
0x5266832a	NoGroup_Event0019CH
0x5269721f	Work/Data/CoordinateAttribute/Coordinate0082.data__CoordinateAttribute.gyml
0x5269cb8e	Player.GoodsInfo2.Unicorn.OwnNum
0x52744f1b	DemoDM104068
0x527b4606	Player.InteriorRoomStyleInfo
0x527e6fff	Work/Data/ClothParam/ClothTopslongOverallLongBaseball.data__ClothParam.gyml
0x527ffb90	SubColor
0x5290bc22	Smooth
0x52959eac	Player.InteriorRoomStyleInfo.Japanese05.FirstObtainedSec
0x5297d6f1	Voice_Env_Reverb
0x5297e311	Player.InteriorRoomStyleInfo.Sloppy01
0x52987332	NotFight
0x529c42eb	Mii.Belongings.RoomStyleInfo.Flag.Field01
0x52a2b65b	CheerUpSuccessC
0x52a7d4f0	NoGroup_Event0025FL
0x52ad16fe	Mii.Belongings.HabitOwnInfo.FaceWink.IsChecked
0x52afb4cf	Player.InteriorRoomStyleInfo.Japanese04.InformedNewRelease
0x52b4ed02	UGC.Food.IslandNameRegionLanguageID
0x52b9e3a8	Stomach
0x52c09fa5	ClothAllCostumeLongDaruma
0x52cb0532	Work/Data/ClothModelParam/ClothHeadwearOrnamentSideStraw.data__ClothModelParam.gyml
0x52cdea08	Mii.Name.HowToCallFirstPerson
0x52cf6fb6	Player.GoodsInfo2.Chick
0x52cfcb2b	Player.HabitInfo2.WalkRhythm.State
0x52d998cf	PriorityV
0x52dbec62	Island-House
0x52dfc8a2	System
0x52f25373	Misc_Insurance_Chat
0x52f57eba	ClothBottomsSkirtLongLemon
0x52f72597	SaveDataUgcRgba
0x53003ec0	Work/Data/ClothModelParam/ClothTopsTshirtLongSmock.data__ClothModelParam.gyml
0x53033930	Player.InteriorRoomStyleInfo.Bathroom00.IsNewlyOwned
0x53050d23	Cannot
0x5308935f	Work/Data/ClothParam/ClothBottomsPantsWidePalmTree.data__ClothParam.gyml
0x530d713a	TravelPlaceN019S1
0x530ea2bd	Player.InteriorRoomStyleInfo.Fruit07.State
0x531a9eac	Player.HabitInfo2.VoiceSmall.State
0x5323c860	Player.HabitInfo2.FaceLousy.State
0x5324203d	Player.HabitInfo2.UntidySleeper.LastObtainedSec
0x532443e4	Coneroof
0x5326d0c8	en5
0x53270040	Player.GoodsInfo2.Unicorn
0x532abfd2	Player.GoodsInfo2.CircleOfWisdom.OwnNum
0x532f8df2	Player.InteriorRoomStyleInfo.Damask01.FirstObtainedSec
0x5332e2a1	Mii.Belongings.RoomStyleInfo.Flag.Otaku03
0x53332b1e	TreasureBookEmotionTelopChatNoFeaturesAtRoomSpeech
0x533a7ad1	Player.InteriorRoomStyleInfo.Damask07.OwnNum
0x533f695f	Work/Data/CoordinateClothInfo/Coordinate0061.data__CoordinateClothInfo.gyml
0x534a7e24	Player.InteriorRoomStyleInfo.Dog00.State
0x534dc8f5	Work/Data/ClothModelParam/ClothHeadwearOrnamentTopUfo.data__ClothModelParam.gyml
0x535ac4e9	Player.InteriorRoomStyleInfo.Garage02
0x535e93a8	ExFriend
0x53628d3e	Work/Data/ClothModelParam/ClothAccessoryBackTurtle.data__ClothModelParam.gyml
0x5368b280	Player.InteriorRoomStyleInfo.Wedding02.IsNewlyOwned
0x536c78db	Player.InteriorRoomStyleInfo.Minimul07.OwnNum
0x536c8eeb	ObjStreetLampRetro_01
0x536dbec2	Mii.MiiMisc.ClothInfo.BottomsB.ColorIndex
0x536e3a2d	Garage01
0x536e7ba7	Player.InteriorRoomStyleInfo.WoodBoard02.InformedNewRelease
0x537180ed	Player.InteriorRoomStyleInfo.LightStick00.FirstObtainedSec
0x5378c7c2	ObjKitchen00_Counter
0x537a1117	Work/Data/CoordinateAttribute/Coordinate0226.data__CoordinateAttribute.gyml
0x537ec124	Work/Data/CoordinateAttribute/Coordinate0328.data__CoordinateAttribute.gyml
0x538688fd	FacilityFountain_Area00
0x538981ad	Dir2Grid_Bench
0x538d1165	ObjGigantic00_Tower
0x538fd4c2	Work/Data/CoordinateAttribute/Coordinate0171.data__CoordinateAttribute.gyml
0x5392a2d7	EmotionTelopChatSecretLamp
0x5398b149	Player.InteriorRoomStyleInfo.Otaku00
0x53a0aacb	ClothTopsCoatLongSamuraiArmor
0x53a3b22a	Work/Mii/EyeAccessoryParam/Eye015.mii__EyeAccessoryParam.gyml
0x53a5b12c	ClothTopslongBoxDressLongRagged
0x53a5e5b4	ObjBeachBed_01
0x53ac9f2e	Work/Data/ClothModelParam/ClothBottomsSkirtLongFlower.data__ClothModelParam.gyml
0x53af23b6	EmotionTelopChatDateWalkingRelaxSitOnTheGround
0x53b62bde	EmotionTelopChatFervorGuitarShowAtRoom
0x53b99b64	Second
0x53bc2b3b	Event0042CH
0x53bf6f23	Work/Data/CoordinateClothInfo/Coordinate0180.data__CoordinateClothInfo.gyml
0x53c5be28	Player.GoodsInfo2.StreetDanceSet.OwnNum
0x53c61cf0	ClothAccessoryBagMini
0x53c69c0b	Work/Data/ClothParam/ClothTopslongAlineSleevelessCheer.data__ClothParam.gyml
0x53c762b0	UGC.Goods.PetDirection
0x53c7ba62	HairChangeGameTime
0x53cc135f	TreasureRecordEmotionTelopChatScaryAtRoomSpeech
0x53cc68f5	Work/Confluence/PageInfo/HairFront039.pp__Confluence__PageInfo.gyml
0x53cdc538	ObjTableBench_07
0x53d1985a	ObjCountry00_Chair
0x53d2dfa3	Work/Data/ClothModelParam/ClothHeadwearGlassLineStone.data__ClothModelParam.gyml
0x53ea6ae3	RemindAddFourthMii
0x53ebc878	FocusLeadingBecomeFriendNormalMin
0x53ed1037	Work/Data/ClothParam/ClothTopsTshirtHalfVneck.data__ClothParam.gyml
0x53f119f4	Player.InteriorRoomStyleInfo.Triangle02.OwnNum
0x53f58b77	ItemAntique00_Chair_Demo
0x53f65e9c	Mii.Belongings.HabitOwnInfo.StomachSmall
0x53fa156b	UGC.MapObject.LastObtainedSec
0x53fad4f6	ClothTopslongDressLongMaid
0x53fd5784	Player.InteriorRoomStyleInfo.Stuffed00.IsNewlyOwned
0x53fdfc9c	Player.GoodsInfo2.Bouquet.IsNewlyOwned
0x5402f5c0	Fence
0x540769c3	Work/Data/ClothModelParam/ClothTopsYshirtLongArgyleVest.data__ClothModelParam.gyml
0x540786ce	Work/Confluence/PageInfo/HairAll066.pp__Confluence__PageInfo.gyml
0x5409455d	Mii.MiiMisc.EatInfo.BestId
0x540b77fb	Work/Data/Destination/ActionPoint/RoomDoorEntrance_LeftDoorKnob.data__destination__ActionPoint.gyml
0x540c5327	Work/Data/ClothParam/ClothTopsYshirtLongQuilting.data__ClothParam.gyml
0x54108152	Intonation
0x5410e80d	Lovely02
0x541140ea	TreasureMovieEmotionTelopChatNoFeaturesSitOnSofa
0x54121592	HouseRoot
0x54222a4b	Player.HabitInfo2.FaceBliss.State
0x54294f71	Mii.Belongings.RoomStyleInfo.Flag.Game00
0x54344e5c	ObjParty00_WallDecoration
0x54346174	Mii.MiiMisc.SleepInfo.WakeUpTime
0x54364768	Player.InteriorRoomStyleInfo.Garage01.KeyHash
0x5436d635	Player.HabitInfo2.EatSmell.IsNewlyOwned
0x543b22bd	TreasureAnythingEmotionTelopChatInterestingSitOnTableBench
0x543f770b	Work/Data/Destination/ActionPoint/HouseDollHouseDoor_RightDoorKnob.data__destination__ActionPoint.gyml
0x5440e20f	Childcare.Pending.HabitOwnInfo.GreetingTypeBig.IsOwn
0x54434dfa	Player.GoodsInfo2.Stopwatch.IsNewlyOwned
0x54461316	Trouble_ClothPTops_Failure
0x544a14e5	DemoDM104090Thrown
0x544abd9e	Work/Data/ClothParam/ClothHeadwearGlassCyber.data__ClothParam.gyml
0x545415f9	TroubleLiveTogetherGenerate
0x54543b10	Player.InteriorRoomStyleInfo.Horror00.LastObtainedSec
0x54548458	Player.InteriorRoomStyleInfo.Wedding03.InformedNewRelease
0x545a1846	Work/Data/ClothParam/ClothTopsTshirtLongRaglan.data__ClothParam.gyml
0x5460dcc3	Player.InteriorRoomStyleInfo.WesternStyle07
0x54613b1d	Player.GoodsInfo2.Octopus.LastObtainedSec
0x5462e40d	ObjVendingMachine_01
0x54658b05	Dignified
0x5467ce08	Work/Data/ClothModelParam/ClothShoesStandardStripeSlipon.data__ClothModelParam.gyml
0x5468ea41	ObjBenchTerrace
0x546c5c31	Player.InteriorRoomStyleInfo.SmallFlower06
0x546dd114	SideR
0x546f4c99	Mii.MiiMisc.BirthdayInfo.SprayType
0x54767576	Player.InteriorRoomStyleInfo.Dog00.IsNewlyOwned
0x5487df30	Work/Confluence/PageInfo/HairAllLegacy113.pp__Confluence__PageInfo.gyml
0x5489043a	Player.HabitInfo2.WalkNoSwinging.LastObtainedSec
0x548e8d93	Player.GoodsInfo2.Penguin.LastObtainedSec
0x5490111e	DemoDM104047
0x5491a819	Player.InteriorRoomStyleInfo.IceRink00.IsNewlyOwned
0x5499a12e	Group_Event0025
0x549acbdc	LowerRight
0x549cd98b	TreasureGameEmotionTelopChatScarySitOnTheHouseDeck
0x54a04a2a	WoodBoard05
0x54a458e0	Bm
0x54a53b03	Mii.Belongings.HabitOwnInfo.WalkNoSwinging.IsChecked
0x54a60ae7	GoldCup
0x54a63bd4	Work/Component/DestinationInfo/FacilityFerrisWheelGondolaIndoor.actor__DestinationInfo.gyml
0x54aa05c6	ToAfSourcesPositionForHopscotch
0x54ae7e98	CherryBlossom
0x54b2e1af	Player.InteriorRoomStyleInfo.Brick01.State
0x54b486c1	ObjBenchHome_04
0x54b86c40	Work/Data/CoordinateClothInfo/Coordinate0288.data__CoordinateClothInfo.gyml
0x54ba6f47	Work/Data/ClothParam/ClothHeadwearMaskOgre.data__ClothParam.gyml
0x54c243b4	Player.GoodsInfo2.CicadaShell.LastObtainedSec
0x54c39b67	NaturalFloor01
0x54c3bb2c	Work/Data/ClothModelParam/ClothTopsYshirtLongBandCollar.data__ClothModelParam.gyml
0x54c403bd	Nobility00
0x54c8a951	Player.FoodShopDailyItem
0x54cffccd	UGC.SuspendData.UgcGoodsType
0x54da8e55	Vihta
0x54dcf7ce	A
0x54e036df	ObjParty00_Present
0x54e1c5f7	Player.GoodsInfo2.BookLove
0x54e57677	ClothTopsYshirtLongDownVest
0x54e70011	Player.InteriorRoomStyleInfo.Party06.FirstObtainedSec
0x54e71d75	PriorityN
0x54e7ba6c	Player.InteriorRoomStyleInfo.Candy02.OwnNum
0x54e8dd10	Player.InteriorRoomStyleInfo.Club00.KeyHash
0x54eb5a6b	MiiEvent_DropFromTree_OBJ
0x54ee350d	StandOnFerrisWheelMeetingPlace
0x54fa23ec	Player.InteriorRoomStyleInfo.Baby02.State
0x55043c14	Player.InteriorRoomStyleInfo.Lace05.State
0x5508ebfa	PlayerGotGoods
0x550aa0de	ObjColorBox00_ShelfS
0x550e46f4	RelaxAtRoom
0x5513db51	Player.HabitInfo2.EatElegantly.LastObtainedSec
0x551b4a5a	FacilityClothShop_Entrance
0x55201456	Mii.Belongings.RoomStyleInfo.Flag.Dilapidated00
0x55201982	Player.InteriorRoomStyleInfo.Party06
0x552268f2	ObjLocker00_Board
0x552a0b78	Player.GoodsInfo2.AromaCandle.LastObtainedSec
0x552a3ba5	Player.InteriorRoomStyleInfo.Bathroom01
0x552e3062	Trouble_GoodsBook_Success
0x5532dc76	Work/Data/CoordinateClothInfo/Coordinate0079.data__CoordinateClothInfo.gyml
0x55352b7a	Player.GoodsInfo2.TerrestrialGlobe.State
0x5536583b	House.RoomStyleInfo.Flag.Flowergarden00
0x55373b0b	Work/Data/ClothParam/ClothHeadwearCostumeFrog.data__ClothParam.gyml
0x5542f56a	Player.InteriorRoomStyleInfo.BigFlower01.State
0x55484097	TreasureBookEmotionTelopChatImpressedSitOnFountain
0x5549a1ff	Work/Data/CoordinateClothInfo/Coordinate0060.data__CoordinateClothInfo.gyml
0x555584e6	ZL
0x5556fbeb	Player.InteriorRoomStyleInfo.Damask06.IsNewlyOwned
0x5556fe66	Swimming
0x555e4971	ObjStreetLamp_07
0x55602380	Player.GoodsInfo2.EmbroideryWallHanging.OwnNum
0x5561d63b	ClothTopsOuterSleevelessKnit
0x5564825d	HelpAccidentNegativeRelation
0x5570a220	ClothShoesThickMouton
0x5577ce7d	cNone
0x557e42ca	Player.InteriorRoomStyleInfo.Classroom00.OwnNum
0x558038a2	Work/Data/ClothParam/ClothAllBodySuitLongHeavyMetal.data__ClothParam.gyml
0x558111ed	Work/Data/ClothModelParam/ClothSocksDamage.data__ClothModelParam.gyml
0x55828bbd	Childcare.Pending.HabitOwnInfo.WalkLikeRobot.IsChecked
0x55829f0a	Player.GoodsInfo2.BookPlant
0x558393a5	Event0022CH
0x55850cab	Childcare.Pending.HabitOwnInfo.GreetingShy.IsOwn
0x55854e4a	GroupAction_DivorceBecomeFriendsAgain
0x55910928	Work/Data/CoordinateClothInfo/Coordinate0230.data__CoordinateClothInfo.gyml
0x55975098	WatchedCount
0x559867d9	ObjTrashCan_Center
0x559b2778	MiiHistory.NextId
0x559dc61d	Work/Data/ClothModelParam/ClothAccessoryBackKatana.data__ClothModelParam.gyml
0x55a12322	Wrestling00
0x55a7f89c	ClothHeadwearHatUgcBoater
0x55a83db3	Player.InteriorRoomStyleInfo.Fantasy01
0x55c89c64	VacantLand
0x55c9f3f8	ClothAllCupLongDrink
0x55cac9da	IslandEditEmitter
0x55d01ad1	Food06
0x55d2274e	Player.ClothShopDailyItem
0x55d4c49b	LiberateRightStock
0x55d7c2ff	Work/Data/ClothModelParam/ClothBottomsSkirtBoxTweed.data__ClothModelParam.gyml
0x55de3b3b	Player.InteriorRoomStyleInfo.Bathroom02.OwnNum
0x55e22f41	Group_Event0030
0x55f0d767	MiiEvent_OnesideLoveDuringChat
0x55f4ee28	Work/Data/CoordinateClothInfo/Coordinate0340.data__CoordinateClothInfo.gyml
0x55fc2a2e	Childcare.Pending.HabitOwnInfo.FaceCloseEyes.IsChecked
0x55ffbb3b	Player.GoodsInfo2.StuffedToyBear.LastObtainedSec
0x5601aaa7	Work/Confluence/PageInfo/HairParts006.pp__Confluence__PageInfo.gyml
0x560b0133	Player.GoodsInfo2.Capybara.OwnNum
0x560c3dcb	Player.GoodsInfo2.BaseBall
0x560efdc3	Normal03
0x560f0529	ClothShoesMuleRibbon
0x56132a66	Men
0x56198083	Entrance
0x56202100	UGC.Goods.Hash
0x5620cd75	Event0041FL
0x56231dd4	Work/Data/ClothModelParam/ClothHeadwearHatJockey.data__ClothModelParam.gyml
0x5624ee66	Ugc_Obje
0x5626df7e	CanExecuteLoveryDemo
0x56271bd6	Work/Data/ClothModelParam/ClothBottomsUgcPantsWide.data__ClothModelParam.gyml
0x562a6b87	StyleGroup_Damask00
0x562a6cdc	EmotionTelopChatDateWalkingRelaxAtLivingFloor
0x5636f53e	Childcare.Pending.HabitOwnInfo.GreetingCurtsy
0x563907ae	DivorceBecomeLoversAgain
0x563930c9	House.RoomStyleInfo.Flag.Bathroom03
0x563c18b7	Work/Data/ClothParam/ClothTopsYshirtLongJockey.data__ClothParam.gyml
0x563cdd5e	Work/Mii/EyeAccessoryParam/Eye073.mii__EyeAccessoryParam.gyml
0x56430cd5	GreetingLazy
0x564ad7e7	Player.InteriorRoomStyleInfo.Dot05
0x565b3539	ClothAccessoryBackMagicCircle
0x5660e2ef	Player.InteriorRoomStyleInfo.Formula00.IsNewlyOwned
0x566ab359	ClothAllCostumeLongHotdog
0x566d5cea	Player.InteriorRoomStyleInfo.Fruit03.State
0x56738c33	Player.InteriorRoomStyleInfo.Lace02.FirstObtainedSec
0x5677305f	They
0x567c509a	ObjAntique00_Shelf
0x567d97f2	Player.InteriorRoomStyleInfo.Damask06
0x5682894c	NotLover_Partner_NotOnesideLove
0x5687f8f9	Work/Data/ClothParam/ClothHeadwearOrnamentTopPrince.data__ClothParam.gyml
0x56934941	SaveDataUgcBc1
0x569c1f07	ItemBirthdayCake
0x569cbe84	SaveDataPhotoHalf
0x569ef5ed	GoodsTextRegionLanguageID
0x56a21d8a	Liberation
0x56a61a68	Work/Confluence/PageInfo/HairParts002.pp__Confluence__PageInfo.gyml
0x56a6537a	StyleGroup_Candy00
0x56a9678d	StyleGroup_Pirate00
0x56ae7f87	GetAngryType
0x56aefd44	Work/Data/CoordinateAttribute/Coordinate0325.data__CoordinateAttribute.gyml
0x56b1e5da	Player.GoodsInfo2.DVDHorror.IsNewlyOwned
0x56b740ab	Player.InteriorRoomStyleInfo.SF04.State
0x56be46f5	FacilityAtelier_Front
0x56c25e6b	TreasureGoods_Movie_House_Room_raw
0x56c71627	ObjOffice00_Clock
0x56cb7a52	VacantLand_2x2
0x56cbaaa0	Player.InteriorRoomStyleInfo.Atelier01.InformedNewRelease
0x56d3054a	ClothBottomsPantsWideDenimHalf
0x56d34bab	Event0027CH
0x56d9de05	Childcare.Pending.HabitOwnInfo.WalkLikeModel.State
0x56dd0374	Work/Data/CoordinateClothInfo/Coordinate0004.data__CoordinateClothInfo.gyml
0x56de7d56	EatSecretly
0x56def490	Work/Data/ClothParam/ClothHeadwearHatHunting.data__ClothParam.gyml
0x56e2adc6	TreasureAnythingEmotionTelopChatBlushAtRoomSpeech
0x56e51ad3	Player.InteriorRoomStyleInfo.MultiDot01
0x56e5cc72	Pawn
0x56eeac17	Mii.Belongings.HabitOwnInfo.StandHandsFront
0x56f060f3	Player.GoodsInfo2.MagnifyingGlass.State
0x56f22d64	Concrete00
0x56f99338	UGC.MapObject.Name
0x56feaf2b	EmotionTelopChatFervorSitKnittingOnSofa
0x5703e748	Mii.Belongings.RoomStyleInfo.Flag.LightStick07
0x57041429	Player.HabitInfo2.GreetingVitality.State
0x570525c8	Mii.Belongings.RoomStyleInfo.Flag.Gold00
0x570f552e	Mii.MiiMisc.UgcInfo.PlayerName
0x570ffe79	UGC.SuspendMii.IsCopy
0x5717c790	Player.InteriorRoomStyleInfo.Garden00.KeyHash
0x571aef7d	Work/Data/ClothParam/ClothHeadwearCostumeKoala.data__ClothParam.gyml
0x571c5d18	Work/Data/Destination/ActionPoint/FacilityClothShop_ViewPos.data__destination__ActionPoint.gyml
0x571f0532	Work/Data/ClothParam/ClothAllCostumeLongCaterpillar.data__ClothParam.gyml
0x571fa214	Trouble_IntroductionUgcHungry_Success
0x57209778	Player.GoodsInfo2.BookManga.IsNewlyOwned
0x572175d4	TreasureGameEmotionTelopChatInterestingSitOnSofa
0x57224954	DemoDM104098
0x57241539	Work/Data/Destination/ActionPoint/RoomDoorToilet_LeftDoorKnobSub.data__destination__ActionPoint.gyml
0x5726d817	Player.HabitInfo2.GreetingTypeNoting
0x5736000d	Work/Data/ClothModelParam/ClothHeadwearHatKerchief.data__ClothModelParam.gyml
0x5736391c	Player.GoodsInfo2.CDGameMusic.OwnNum
0x5736e900	House.RoomStyleInfo.Flag.BigFlower00
0x5737fcaf	ClothTopslongUgcAlineLong
0x573a9eb6	Work/Confluence/PageInfo/HairBack019.pp__Confluence__PageInfo.gyml
0x57439fa0	Player.InteriorRoomStyleInfo.Lace04.InformedNewRelease
0x57463027	Csm
0x574c4a84	MaracasSchoolLDK
0x574c7f45	Player.GoodsInfo2.LightBulb.LastObtainedSec
0x574cc97c	DemoPR000100
0x574e83d8	InvitingGroupDemo_DemoDM104076
0x574f146a	Player.HabitInfo2.WalkLikeModel.IsNewlyOwned
0x5757f176	Unlock.MiiEventOnFocusLeadingMiiCount
0x575b440c	News.BGSetId
0x57600e39	Facility_Contents
0x576035ba	Jellyfish
0x5761ec20	Work/Data/ClothParam/ClothTopsTubetop.data__ClothParam.gyml
0x576619a1	FeelingEndGameTime
0x5768a465	Work/Data/ClothParam/ClothSocksEmbroidery.data__ClothParam.gyml
0x578018d1	Player.InteriorRoomStyleInfo.SmallFlower06.OwnNum
0x57839e3d	EmotionTelopChatDateWalkingAtSeaside
0x57892dc8	GreetingTypeCackle
0x578ac109	CheerUpFailureC
0x578f2bb7	Player.GoodsInfo2.Parakeet.LastObtainedSec
0x5793e610	MinigameGroupMyRoom2
0x57a00dec	Player.InteriorRoomStyleInfo.HoneycombTile00.OwnNum
0x57a3d9e4	Player.InteriorRoomStyleInfo.NeonSign00.IsNewlyOwned
0x57a764ae	Work/Data/ClothModelParam/ClothTopsTshirtHalfSkipper.data__ClothModelParam.gyml
0x57ba0bb2	Player.GoodsInfo2.DirtySocks.State
0x57bb8663	ObjKitchen00_Refrigerator
0x57c1d109	TreasureRecordEmotionTelopChatBlushAtRoom
0x57d9e3b6	Know_Friend
0x57dc04e7	Player.GoodsInfo2.SwallowsNest.IsNewlyOwned
0x57dcc3eb	StreetDance
0x57de12e1	ClothHeadwearFullfaceCardboard
0x57dee909	Place_Here_Play
0x57e21499	Mii.Belongings.RoomStyleInfo.Flag.Wedding00
0x57e7c743	AITypeList
0x57e8d8fe	DemoPR000086
0x57ea6e89	BodyOnly
0x57f11ef8	CharacterParam
0x57f40e11	Player.InteriorRoomStyleInfo.HoneycombTile00.State
0x57f69cee	Player.GoodsInfo2.Shell.State
0x57f6e06c	UgcFloorCostType
0x5800e819	Player.InteriorRoomStyleInfo.Office01
0x58051497	ItemLaptop_Demo
0x580a1d9a	Work/Data/ClothModelParam/ClothBottomsBase.data__ClothModelParam.gyml
0x580fc8b1	IntroductionSecondHungry
0x5810ce15	Player.ClothShopDailyItem.DailyClothInfo.ClothType
0x58132200	ClothTopsTshirtLongWrinkles
0x581597b5	Trouble_HungryUgc_Success
0x58173df8	Player.InteriorRoomStyleInfo.Minimul06
0x581b3eff	ClothHeadwearFullmaskHero
0x58241ac7	VacantLandForDummyPark
0x5826b570	NoGroup_Event0044CH
0x582cffcc	Work/Data/ClothModelParam/ClothHeadwearCostumeFurHood.data__ClothModelParam.gyml
0x582da972	Player.GoodsInfo2.Vihta.IsNewlyOwned
0x582e5428	ClothTopsYshirtHalfCuba
0x582f79a6	ObjAntique00_Light
0x5832969f	Event0051CH
0x583b6209	DecoYachtAroundSlow
0x583c145d	AtoC
0x5846f04b	Player.GoodsInfo2.EngagementRing.OwnNum
0x584c2ffb	Work/Data/ClothModelParam/ClothHeadwearOrnamentFrontLolita.data__ClothModelParam.gyml
0x584c44af	House.RoomStyleInfo.Flag.NightView00
0x584cee66	NoGroup_Event0022FL2
0x584cf713	Player.InteriorRoomStyleInfo.Stuffed02.LastObtainedSec
0x5852a4ff	Work/Data/ClothParam/ClothShoesFinDivingFins.data__ClothParam.gyml
0x5855304e	Work/Data/CoordinateClothInfo/Coordinate0210.data__CoordinateClothInfo.gyml
0x585b16b2	Wedding03
0x585de189	Mii.Belongings.HabitOwnInfo.WalkLikeModel
0x58712043	Player.MiiBirthdayNews.WatchedCount
0x58713573	Player.GoodsInfo2.Crover.LastObtainedSec
0x58733ffd	Player.GoodsInfo2.WoolFelt
0x587477af	Work/Data/ClothModelParam/ClothShoesSneakerRubberToe.data__ClothModelParam.gyml
0x588387a6	Player.InteriorRoomStyleInfo.MonitorRoom02
0x5883c71a	EUen
0x588bbf5b	Player.InteriorRoomStyleInfo.Lace04.IsNewlyOwned
0x588d8e23	Work/Data/ClothModelParam/ClothShoesSneakerKids.data__ClothModelParam.gyml
0x5891f788	Kicchiri
0x589402ed	ObjParty00_Ceiling
0x58957cf3	GlassColor
0x589806bb	DailyLog.EnterFacilityMarketMorning
0x58984f4c	Work/Data/ClothModelParam/ClothAllMascotLongDivinng.data__ClothModelParam.gyml
0x5898d583	TreasureGoods_Pet_House_raw
0x58994304	UGC.Goods.IslandName
0x5899a045	LvUPGoods_Guitar_House_Room_raw
0x589e70a4	Work/Confluence/PageInfo/HairFront046.pp__Confluence__PageInfo.gyml
0x58ac7aac	MaterialTexScale
0x58b05692	Work/Data/ClothParam/ClothHeadwearHatBowler.data__ClothParam.gyml
0x58b2037c	Player.GoodsInfo2.BrushBronze.IsNewlyOwned
0x58b6ced7	Player.GoodsInfo2.Ufo.OwnNum
0x58ba917e	Player.GoodsInfo2.ColorfulBasket.IsNewlyOwned
0x58ba96b0	EmotionTelopChatLoveGuitarShowAtLivingFloor
0x58bb5b05	ClothAllCostumeLongCow
0x58bf4700	Opened
0x58c49c00	Player.InteriorRoomStyleInfo.Brick01.InformedNewRelease
0x58d00359	NoGroup_Event0044FL
0x58d25172	KRko
0x58d4e004	Work/Data/ClothModelParam/ClothHeadwearGlassPhantomThief.data__ClothModelParam.gyml
0x58d7ac7f	Work/Data/ClothParam/ClothBottomsBloomersPumpkin.data__ClothParam.gyml
0x58d83ed4	CanResume
0x58da9986	Work/Confluence/PageInfo/HairAllLegacy099.pp__Confluence__PageInfo.gyml
0x58df3fb0	House.RoomStyleInfo.Flag.BlueSheet00
0x58df501f	BoneMeat
0x58e0d049	Player.HabitInfo2.OftenCrossArms.State
0x58e33e93	Work/Confluence/PageInfo/HairBack008.pp__Confluence__PageInfo.gyml
0x58e6aad3	UGC.Food.Price
0x58eae37a	CoconutBowl
0x58ecb4bc	Player.HabitInfo2.FaceSmug
0x58ee8c78	Work/Data/CoordinateAttribute/Coordinate0309.data__CoordinateAttribute.gyml
0x58f588c9	ObjLovely00_Light
0x58f827fb	Work/Data/ClothParam/ClothAccessoryBackBigSword.data__ClothParam.gyml
0x58f871f9	TreasureBookEmotionTelopChatInterestingAtRoom
0x58fba42c	Childcare.Pending.HabitOwnInfo.OftenCrossArms
0x58fe317f	Work/Data/ClothModelParam/ClothAccessoryBagSatchel.data__ClothModelParam.gyml
0x5903908a	Gigantic01
0x59052b69	Work/Data/ClothModelParam/ClothHeadwearCostumeMonkey.data__ClothModelParam.gyml
0x59070026	News.Time
0x590bc426	RoomDoorEntrance_RightDoorKnob
0x590d7272	European02
0x590f4fd1	Work/Data/ClothModelParam/ClothHeadwearCostumeTurkey.data__ClothModelParam.gyml
0x59156bed	UGC.Exterior.IslandNameRegionLanguageID
0x5916d1a9	Fix
0x591768f5	ClothTopslongAlineSleevelessMonogram
0x5917a80c	Mii
0x591eab45	Player.InteriorRoomStyleInfo.Fruit07.LastObtainedSec
0x592702bd	EmotionTelopChatSadBonfire
0x5929cfb2	FightFailureCouple
0x592dcf96	Desert
0x592f50ce	Halloween00
0x59319315	IslandStep
0x5933a6ee	Player.InteriorRoomStyleInfo.Fruit07
0x59343a22	Work/Data/Destination/ActionPoint/FacilityPawnShop_ViewPos.data__destination__ActionPoint.gyml
0x5934a85a	Player.InteriorRoomStyleInfo.Christmas00.InformedNewRelease
0x5935ca57	Trouble_IslandEditObjectStreetscape_Failure
0x5944d28f	Work/Confluence/PageInfo/HairParts022.pp__Confluence__PageInfo.gyml
0x5946d5f1	Work/Data/ClothParam/ClothTopsTshirtSleevelessBasketball.data__ClothParam.gyml
0x5949fed1	Player.InteriorRoomStyleInfo.Halloween00.OwnNum
0x594c48b7	ObjStuffed00_ShelfW
0x5951050b	UGC.MapObject.State
0x59519560	Tutorial1
0x59630baf	Player.GoodsInfo2.Beetle.State
0x5965f2d2	Mii.Belongings.HabitOwnInfo.WalkLikeRobot.IsChecked
0x59687bdb	TreasureRecordEmotionTelopChatInterestingSitOnTheGroundCircle
0x596a46cb	StyleGroup_Stadium00
0x596b59d4	Work/Data/ClothModelParam/ClothHeadwearOrnamentSideBijou.data__ClothModelParam.gyml
0x596d422c	ClothAccessoryChestAntique
0x596ffae0	TravelPlaceN009S3
0x597515bc	Trouble_Cloth2Matched_Failure
0x59791518	Player.InteriorRoomStyleInfo.Candy02.KeyHash
0x59798fbe	Player.HabitInfo2.StandPutsGlasses.OwnNum
0x59812d02	Wing
0x59827e93	Bath
0x59860149	SatueOfLiberty
0x59881025	BuildItemShop
0x598b389e	Player.InteriorRoomStyleInfo.BigFlower03.LastObtainedSec
0x59915ee0	Work/Data/ClothParam/ClothAccessoryBackFairy.data__ClothParam.gyml
0x5996017f	Mii.Belongings.HabitOwnInfo.EatElegantly.State
0x5999ba09	Work/Data/Destination/ActionPoint/FacilityFerrisWheel_RightDoorKnob.data__destination__ActionPoint.gyml
0x599b2c0c	BitFlag
0x599bcd2c	EmotionTelopChatDateRelaxSitOnTheFerrisWheelEntrance
0x599ff959	Player.GoodsInfo2.RestaurantMenu.State
0x59a149cc	Work/Data/ClothParam/ClothBottomsSkirtMiniFrill.data__ClothParam.gyml
0x59ad1681	Player.GoodsInfo2.DVDLive
0x59b0e544	Player.GoodsInfo2.Clownfish.LastObtainedSec
0x59bdb623	ToAfSourcesActionPoint
0x59bddf81	Dirty
0x59bfa9d3	UGC.Cloth.TextureSourceType
0x59c1b3be	Work/Component/DestinationInfo/RoomSofa.actor__DestinationInfo.gyml
0x59c75c35	Childcare.Pending.HabitOwnInfo.VoiceShiny.IsChecked
0x59cc7a99	Mii.Belongings.HabitOwnInfo.FaceBliss.IsChecked
0x59cd8324	ClothBottomsPantsLongSimpleColor
0x59ce07d4	EmotionTelopChatSadAtRestaurant
0x59d4a2fb	Work/Data/ClothParam/ClothHeadwearHatApple.data__ClothParam.gyml
0x59d7b58a	Player.HabitInfo2.Chicken.OwnNum
0x59e24bf5	House.RoomStyleInfo.Flag.Chinese00
0x59e3b4ce	HairFront_M
0x59ec4606	Kitchen01
0x59f0bec9	Kitchen00
0x59f1e853	Player.GoodsInfo2.KokeshiDoll.OwnNum
0x59f51f9a	Work/Data/CoordinateAttribute/Coordinate0252.data__CoordinateAttribute.gyml
0x59f7998a	Player.GoodsInfo2.BentSpoon.LastObtainedSec
0x59fae2cc	Work/Data/ClothModelParam/ClothHeadwearHatMagician.data__ClothModelParam.gyml
0x59fddbba	Mii.Belongings.RoomStyleInfo.Flag.Train01
0x5a020d44	Player.InteriorRoomStyleInfo.Desert00.LastObtainedSec
0x5a04a719	Carpet00
0x5a11b4cd	Work/Data/ClothParam/ClothTopsTshirtHalfSkipper.data__ClothParam.gyml
0x5a11f08c	EyelashUpper
0x5a16d2d4	Childcare.Pending.HabitOwnInfo.WalkLikeModel.IsOwn
0x5a1ba985	TreasureBookEmotionTelopChatNoveltySitOnTheHouseDeck
0x5a1ffead	Bathroom00
0x5a208f25	Work/Data/ClothModelParam/ClothHeadwearCoverPharaoh.data__ClothModelParam.gyml
0x5a2096d3	Unlock.ProposalFailureCount
0x5a2753a2	Childcare.Pending.HabitOwnInfo.FaceOpenEyes.State
0x5a29e048	Work/Confluence/PageInfo/HairFront036.pp__Confluence__PageInfo.gyml
0x5a32bd99	Banana
0x5a34de8c	Player.GoodsInfo2.BrushBronze.LastObtainedSec
0x5a36a3cb	Octopus
0x5a38a647	Work/Data/ClothModelParam/ClothAllBodySuitLongBaby.data__ClothModelParam.gyml
0x5a3c2517	Misc_RelaxFloor_House
0x5a3de87a	Player.InteriorRoomStyleInfo.Nobility01.InformedNewRelease
0x5a41f1c2	Player.GoodsInfo2.PlasticModelParts.OwnNum
0x5a42574a	Work/Data/CoordinateAttribute/Coordinate0335.data__CoordinateAttribute.gyml
0x5a42b874	Childcare.Pending.HabitOwnInfo.StomachSmall
0x5a42eab4	Player.InteriorRoomStyleInfo.SF01
0x5a433ed9	Work/Data/CoordinateClothInfo/Coordinate0090.data__CoordinateClothInfo.gyml
0x5a461da7	ClothTopsTshirtLongPatternedVest
0x5a49fa1e	ObjBathroom00_Basket
0x5a4b4c4e	Player.InteriorRoomStyleInfo.Candy02.FirstObtainedSec
0x5a4e2024	ObjShowa00_WallDecoration
0x5a4e2d26	Work/Data/ClothModelParam/ClothAllCylinderLongCorn.data__ClothModelParam.gyml
0x5a4f133a	Mii.MiiMisc.FaceInfo.IsDoneHairChangeTalk
0x5a508a4d	Cap
0x5a5120fe	Work/Data/CoordinateAttribute/Coordinate0025.data__CoordinateAttribute.gyml
0x5a57e55b	TreasureGoods_Anything_Speech_Outdoor
0x5a58a4f8	Work/Data/ClothModelParam/ClothSocksRibbon.data__ClothModelParam.gyml
0x5a604fc9	ClothAccessoryMufflerHero
0x5a60af6d	Work/Confluence/PageInfo/HairAllLegacy106.pp__Confluence__PageInfo.gyml
0x5a630df4	Player.GoodsInfo2.GamePuzzle.State
0x5a66d2f2	House.RoomStyleInfo.Flag.SmallFlower01
0x5a6b04a6	ClothBottomsPantsWideLeopard
0x5a6b8042	Work/Data/CoordinateAttribute/Coordinate0106.data__CoordinateAttribute.gyml
0x5a6e7fbe	Ticket
0x5a74abdb	ClothHeadwearHatStraw
0x5a78f5bc	All
0x5a7914d0	TakeItOutOnObject
0x5a80ded2	Mii.Belongings.HabitOwnInfo.VoiceShiny
0x5a81507c	Player.GoodsInfo2.KoalaStuffedToy.IsNewlyOwned
0x5a835887	Player.InteriorRoomStyleInfo.Triangle04.LastObtainedSec
0x5a86a4b4	Damask06
0x5a90dd87	Player.GoodsInfo2.JewelleryBox.State
0x5a91e32d	Player.InteriorRoomStyleInfo.Botanical00.State
0x5a93f3c0	UgcGoods02
0x5a9c092b	NoGroup_FollowingOnesideTriangleDeject
0x5a9c62df	LastPenaltyTime
0x5aa0ffae	Player.InteriorRoomStyleInfo.Horror01.LastObtainedSec
0x5ab425d4	Living
0x5ab6b817	Mii.Belongings.HabitOwnInfo.GreetingMacho.IsChecked
0x5ab8e822	ReplicaSwordFightLDK
0x5ab96be0	Work/Data/ClothModelParam/ClothShoesSandalZori.data__ClothModelParam.gyml
0x5abc2dce	Player.GoodsInfo2.TrophyPlatinum.IsNewlyOwned
0x5abe7e04	TreasureGameEmotionTelopChatImpressedAtRoom
0x5ac10493	ItemDrinkCan_05
0x5ac359ef	BecomeFriendNoAdviceNormal
0x5ac72c48	Work/Confluence/PageInfo/HairBack042.pp__Confluence__PageInfo.gyml
0x5ad3e3e6	Work/Confluence/PageInfo/HairAll022.pp__Confluence__PageInfo.gyml
0x5ad751a9	PaintedWood03
0x5ad99f10	Mii.Belongings.HabitOwnInfo.SnoreLoudly.State
0x5adb60ed	Player.InteriorRoomStyleInfo.Strata00
0x5adfeb03	MultiStripe02
0x5ae43bcd	LvUPGoods_Karate_Outdoor_raw
0x5aea0fa6	Mii.Belongings.HabitOwnInfo.LifeTimeNightOwl.State
0x5aeccdca	Work/Data/ClothParam/ClothTopslongDressHalfGingham.data__ClothParam.gyml
0x5aef9949	EmotionTelopChatLoveSitOnTheFerrisWheelEntrance
0x5af04beb	UGC.Food.EmissionIntensity
0x5af14196	InsideHeadSuccess
0x5af4a09f	UGC.Interior.WordAttrGrammaticality
0x5afcf92a	ItemWedding00_Flower
0x5afe99d4	House.RoomStyleInfo.Flag.Cage00
0x5aff1bfa	Player.GoodsInfo2.Receipt.State
0x5b0a7213	Player.GoodsInfo2.GameEducation.IsNewlyOwned
0x5b0ae5e4	Player.InteriorRoomStyleInfo.Gym01.IsNewlyOwned
0x5b0f64a0	LastRegionLanguageID
0x5b17741a	FacilityFamilyRestaurant_Center
0x5b17a646	Player.InteriorRoomStyleInfo.MovingBox01.KeyHash
0x5b17ce6e	Mii.Belongings.RoomStyleInfo.Flag.Hospital00
0x5b1d9151	Work/Data/CoordinateAttribute/Coordinate0135.data__CoordinateAttribute.gyml
0x5b21d9c3	EmotionTelopChatFervorGuitarShowAtLivingFloor
0x5b236647	NoGroup_Event0028FL
0x5b264dde	LvUPGoods_Camera_Outdoor_raw
0x5b3e75b5	Work/Data/ClothParam/ClothHeadwearCostumeDragon.data__ClothParam.gyml
0x5b436385	BookPlant
0x5b4472d4	Player.GoodsInfo2.FlySwatter
0x5b471581	PriorityY
0x5b489685	Mojimoji
0x5b4a0bb5	Work/Data/ClothModelParam/ClothTopslongSalopetteLongDisco.data__ClothModelParam.gyml
0x5b4a3404	Player.InteriorRoomStyleInfo.Garage07
0x5b4bc2a8	Group_Event0036
0x5b4dcefe	Work/Data/ClothModelParam/ClothTopsCoatLongDotera.data__ClothModelParam.gyml
0x5b4e1c21	UGC.FacePaint.PlayerName
0x5b525cc6	TreasureRecordEmotionTelopChatNoFeaturesSitOnTheGroundCircle
0x5b5a79d2	ClothBottomsPantsLongDinosaur
0x5b5b63c1	Coordinate0111
0x5b5c746b	Player.InteriorRoomStyleInfo.Atelier01.IsNewlyOwned
0x5b5c7e1b	MiiEvent_Event0047FL
0x5b5d1b50	Work/Confluence/PageInfo/HairAllLegacy025.pp__Confluence__PageInfo.gyml
0x5b60fe5f	JoiningNegotiation
0x5b67987f	Antarctic
0x5b69e341	EmotionTelopChatLaughSitKnittingOnTheBench
0x5b6c7184	ClothTopslongOverallLongOverall
0x5b77acbb	Communicate002
0x5b7ae617	Place_MapObj_TableBench_WithLovers_raw
0x5b845234	Player.InteriorRoomStyleInfo.Stadium01.KeyHash
0x5b864fe0	DemoDM104013
0x5b8c0f7f	Work/Data/ClothParam/ClothTopslongBoxDressSleevelessAncient.data__ClothParam.gyml
0x5b9181eb	Relation.Info.DirectionalInfo.UpdateTimeRanking
0x5b91fdba	UGC.SuspendData.ClothSeasonType
0x5b928c47	RestaurantDemoChat00
0x5b93f717	EmotionTelopChatLoveSitKnittingOnSofa
0x5b9ccd0a	YMZL
0x5ba0e527	TreasurePetEmotionTelopChatInterestingAtLivingFloorSpeech
0x5ba4eb34	Goods_ExcludePet
0x5ba6eb0a	WinkRight
0x5ba8753f	MapObject
0x5baadc0a	FacilitySupermarket_Front
0x5babd65e	Childcare.Pending.HabitOwnInfo.WalkUneasily.State
0x5bb30bb4	ClothHeadwearHatKnit
0x5bb53f4e	Work/Data/ClothModelParam/ClothShoesBootsLongWrestling.data__ClothModelParam.gyml
0x5bb62679	Player.InteriorRoomStyleInfo.LightStick03.FirstObtainedSec
0x5bb87a76	Player.HabitInfo2.EatMouthful.OwnNum
0x5bc17e5a	ObjHedge_06
0x5bc44981	Coordinate0260
0x5bc467ef	Work/Data/ClothModelParam/ClothHeadwearOrnamentFrontHorn.data__ClothModelParam.gyml
0x5bc5357f	Work/Data/ClothModelParam/ClothShoesPointedWitch.data__ClothModelParam.gyml
0x5bc8f724	Work/Confluence/PageInfo/HairParts021.pp__Confluence__PageInfo.gyml
0x5bc9941e	Player.InteriorRoomStyleInfo.WoodBoard07.InformedNewRelease
0x5bc99ff7	Childcare.Pending.HabitOwnInfo.VoiceSmall.IsOwn
0x5bcb78f7	AromaCandle
0x5bcc823a	Friend_Lover_Family_CanExecuteLoveryDemoBoth
0x5bcff327	Player.InteriorRoomStyleInfo.Japanese05.IsNewlyOwned
0x5bd4a18b	Work/Data/ClothModelParam/ClothTopsOuterLongYumekawaSukajan.data__ClothModelParam.gyml
0x5bda39ff	ObjStuffed00_Ceiling
0x5bdb1df3	Player.InteriorRoomStyleInfo.Field01.State
0x5bdbb8c8	Branch_EnterPhotoStudioCount9999OrMore
0x5bdf5608	SystemCape_Center
0x5bdf7e15	TravelPlaceN015S0
0x5bdfe88a	AddUgcItemCount
0x5be6ef00	Player.InteriorRoomStyleInfo.Wedding03.LastObtainedSec
0x5bebf895	ObjWedding00_Pole
0x5bfbe782	Work/Data/CoordinateClothInfo/Coordinate0110.data__CoordinateClothInfo.gyml
0x5bfdff37	Work/Data/CoordinateAttribute/Coordinate0316.data__CoordinateAttribute.gyml
0x5c00a594	Player.GoodsInfo2.PaperCrane.State
0x5c076309	Player.GoodsInfo2.DVDLive.State
0x5c0801db	Work/Data/ClothParam/ClothShoesBootsLongWestern.data__ClothParam.gyml
0x5c0bf470	ObjAsianResort00_CurtainE
0x5c12427d	ClothHeadwearOrnamentFrontLolita
0x5c148c46	Work/Data/ClothParam/ClothTopsYshirtLongDogJersey.data__ClothParam.gyml
0x5c14b578	ObjBlock2
0x5c15e339	UGC.MapObject.EmissionIntensity
0x5c162831	ProposalFailureCount
0x5c16f34e	Coordinate0116
0x5c19a2ff	TreasureBookEmotionTelopChatScarySitOnTheGroundCircle
0x5c263159	Trouble_Cloth2Mature_Failure
0x5c2ba98d	Mii.Belongings.HabitOwnInfo.WalkToeIn.State
0x5c3af19f	Player.InteriorRoomStyleInfo.Cute01.InformedNewRelease
0x5c3c8077	DailyLog.BuyMarketNoon
0x5c3ee52c	Work/Data/ClothModelParam/ClothTopslongBoxDressLongKnit.data__ClothModelParam.gyml
0x5c40894f	ClothTopsYshirtHalfSimple
0x5c424438	House.RoomStyleInfo.Flag.Wedding03
0x5c440510	PetDirection
0x5c44a120	OtherEffect
0x5c44bb14	ObjTrashCan_05
0x5c483e56	Work/Data/ClothModelParam/ClothAccessoryWaistBear.data__ClothModelParam.gyml
0x5c4a54e1	Work/Data/ClothParam/ClothHeadwearCostumeSnowman.data__ClothParam.gyml
0x5c4d44cd	Player.InteriorRoomStyleInfo.MonitorRoom02.OwnNum
0x5c4f3c1c	Player.GoodsInfo2.Faucet.OwnNum
0x5c502029	Work/Confluence/PageInfo/HairFront021.pp__Confluence__PageInfo.gyml
0x5c53d156	Event0052CH
0x5c54d8a7	Player.InteriorRoomStyleInfo.Triangle03.OwnNum
0x5c54ff9b	Player.HabitInfo2.GetAngryTypeRegretfulTears
0x5c57bce2	Player.GoodsInfo2.HandMirror
0x5c5ac284	Work/Data/Destination/ActionArea/SystemPrivateRoom_FreeSpace.data__destination__ActionArea.gyml
0x5c5bfb23	Player.GoodsInfo2.Unicorn.IsNewlyOwned
0x5c5e636f	DomeRoof
0x5c641861	UgcMapFloor
0x5c68294b	Player.GoodsInfo2.Pearl.State
0x5c6b8d0a	ClothHeadwearHatCA
0x5c6bf5c0	Work/Data/ClothParam/ClothShoesSneakerSpike.data__ClothParam.gyml
0x5c71dabe	Work/Data/ClothModelParam/ClothAccessoryBackRose.data__ClothModelParam.gyml
0x5c79a676	SunglassesColor
0x5c7cd87a	Mii.MiiMisc.EatInfo.UltraWorstId
0x5c7def0c	Player.InteriorRoomStyleInfo.MultiDot02.KeyHash
0x5c7ec260	WordAttrGrammaticality
0x5c80d8f9	ObjJackOLantern_04
0x5c820856	Work/Data/ClothParam/ClothTopslongBoxDressSleevelessCaveman.data__ClothParam.gyml
0x5c83455f	ToSea
0x5c847aae	Work/Data/CoordinateAttribute/Coordinate0012.data__CoordinateAttribute.gyml
0x5c876bfc	Player.InteriorRoomStyleInfo.Japanese03.LastObtainedSec
0x5c89d8be	Mii.Belongings.HabitOwnInfo.Chicken.IsChecked
0x5c8b0b53	ClothAccessoryBackAxe
0x5c8b6cb0	Actor_Name
0x5c8b8b4f	Player.InteriorRoomStyleInfo.Nobility00.State
0x5c913950	Player.InteriorRoomStyleInfo.Midcentury01.InformedNewRelease
0x5c92bab1	Work/Data/ClothParam/ClothBottomsSkirtLongLemon.data__ClothParam.gyml
0x5c96c992	ClothTopsCoatLongPirate
0x5c9b91dc	Noodle
0x5c9d9163	Work/Data/CoordinateAttribute/Coordinate0153.data__CoordinateAttribute.gyml
0x5ca4f5d2	Mii.Belongings.InteriorNextEmotionBallTime
0x5ca791a0	Player.GoodsInfo2.GearParts.IsNewlyOwned
0x5ca89e9b	Player.GoodsInfo2.Ammonite
0x5ca9336e	UGC.Food.Temperature
0x5cb665cc	Branch_EnterAtelierCount9998OrLess
0x5cb849c9	Work/Data/CoordinateAttribute/Coordinate0109.data__CoordinateAttribute.gyml
0x5cb89754	Player.InteriorRoomStyleInfo.WesternStyle06.State
0x5cb9d7d5	Setting
0x5cbc1ab0	Work/Data/ClothModelParam/ClothTopsCoatLongDoctor.data__ClothModelParam.gyml
0x5cbf7d6c	OriginalMap
0x5cc2e013	Newlife06
0x5cc6fe7a	Work/Data/ClothParam/ClothTopslongUgcAlineSleeveless.data__ClothParam.gyml
0x5cc9d979	Work/Data/ClothModelParam/ClothBottomsPantsLongSimpleColor.data__ClothModelParam.gyml
0x5ccc9c6d	HairFront_L
0x5cd15d51	Player.GoodsInfo2.Tissue.OwnNum
0x5cd5f034	FirstInteriorTrouble
0x5cd624b1	ItemParty00_Demo_ItemRight
0x5cdc6b95	Topslong
0x5ce15229	MiiEvent_Event0030CH2
0x5ce333da	Player.HabitInfo2.ExpressionLess.State
0x5ced8ed9	Player.InteriorRoomStyleInfo.Dinosaur00.KeyHash
0x5cee8538	EmotionTelopChatSurpriseSitOnTheGround
0x5cf0b4df	Player.InteriorRoomStyleInfo.Candy00.OwnNum
0x5cf368ce	TreasureAnythingEmotionTelopChatScarySitOnTableBench
0x5cfc32b9	DreamNoLand
0x5cfd7621	Player.InteriorRoomStyleInfo.Baby00
0x5d02744f	ObjGarage00_Chair
0x5d0f57d1	Player.InteriorRoomStyleInfo.Party07.FirstObtainedSec
0x5d0fc17e	Work/Confluence/PageInfo/HairBack005.pp__Confluence__PageInfo.gyml
0x5d119303	TreasureAnythingEmotionTelopChatScaryAtRestaurant
0x5d1a4f61	Work/Data/CoordinateAttribute/Coordinate0064.data__CoordinateAttribute.gyml
0x5d1c4fe9	Work/Data/ClothModelParam/ClothTopsYshirtLongNecktie.data__ClothModelParam.gyml
0x5d1e6acd	Work/Data/ClothParam/ClothTopsOuterLongRaglanParka.data__ClothParam.gyml
0x5d204bec	Player.InteriorRoomStyleInfo.SmallFlower03.KeyHash
0x5d259134	Work/Data/ClothParam/ClothTopsOuterLongCyber.data__ClothParam.gyml
0x5d260252	Work/Data/ClothParam/ClothTopslongOverallSleevelessSwimwear.data__ClothParam.gyml
0x5d3bfb78	EmotionTelopChatLaughNotePCSpeech
0x5d3c7d2a	House.RoomStyleInfo.Flag.Baby02
0x5d3d2b1d	FaceBliss
0x5d480dc7	ClothShoesMuleStrap
0x5d4ba19c	Trouble_ChangeHair_Failure
0x5d4bf326	Player.HabitInfo2.GreetingLazy.LastObtainedSec
0x5d5011e0	Work/Data/ClothParam/ClothTopslongBoxDressSleevelessFlapper.data__ClothParam.gyml
0x5d50ba1b	Player.InteriorRoomStyleInfo.WesternStyle02.KeyHash
0x5d50f7dd	Player.GoodsInfo2.RestaurantMenu.LastObtainedSec
0x5d59434e	Work/Confluence/PageInfo/HairParts011.pp__Confluence__PageInfo.gyml
0x5d66ea08	ItemFulcrum
0x5d718d06	Player.InteriorRoomStyleInfo.Bathroom00.InformedNewRelease
0x5d7a12ba	HouseDollHouseToiletWindow
0x5d7d31d8	Work/Data/ClothParam/ClothHeadwearCostumeHorse.data__ClothParam.gyml
0x5d7d3f45	Mii.MiiMisc.BirthdayInfo.Year
0x5d7f6b01	Player.InteriorRoomStyleInfo.HoneycombTile00.FirstObtainedSec
0x5d85889f	PresentCoordinateColor
0x5d859e3a	Mii.MiiMisc.ClothInfo.Accessory
0x5d874d17	Work/Data/Destination/ActionPoint/RoomDoorToilet_FrontLeftDoor.data__destination__ActionPoint.gyml
0x5d8b9aae	Trouble_HungryCool_Success
0x5d8dec35	Work/Data/ClothParam/ClothBottomsPantsWideCargo.data__ClothParam.gyml
0x5d8e8ed1	Work/Data/ClothParam/ClothTopslongAlongLongNatural.data__ClothParam.gyml
0x5d8feae0	Childcare.Pending.HabitOwnInfo.TakeItOutOnObject.IsChecked
0x5d928c3a	Player.InteriorRoomStyleInfo.Sakura00.InformedNewRelease
0x5d965762	UGC.Goods.GameSound
0x5da07f60	ClothHeadwearOrnamentFrontSamba
0x5da1e5a5	Player.InteriorRoomStyleInfo.Sloppy01.State
0x5da23813	Player.HabitInfo2.StandRhythm.IsNewlyOwned
0x5da505a8	Player.InteriorRoomStyleInfo.Asianresort00.KeyHash
0x5db18e49	Work/Data/ClothParam/ClothTopsYshirtHalfOpenCollar.data__ClothParam.gyml
0x5db25727	Player.GoodsInfo2.DVDAnimation.LastObtainedSec
0x5db7092f	Player.HabitInfo2.LifeTimeNightOwl.IsNewlyOwned
0x5db941cd	Work/Confluence/PageInfo/HairAll080.pp__Confluence__PageInfo.gyml
0x5dbe9a8b	Work/Data/ClothParam/ClothHeadwearCostumeTriceratops.data__ClothParam.gyml
0x5dc04c8e	Player.InteriorRoomStyleInfo.SmallFlower07.State
0x5dc10735	Player.InteriorRoomStyleInfo.Triangle00.State
0x5dc6a578	Work/Data/Destination/DemoArea/FacilityItemShop_Entrance.data__destination__DemoArea.gyml
0x5dcae2a1	HairTailPosSingle
0x5dd77512	Building
0x5ddc98f3	Mii.Belongings.HabitOwnInfo.StandStraight.IsChecked
0x5ddf2b07	Work/Data/ClothModelParam/ClothTopsCoatHalfHeartApron.data__ClothModelParam.gyml
0x5de237d3	SaveDataPhotoQuarter
0x5de2d9f8	Player.GoodsInfo2.Pinecone.OwnNum
0x5de5d7f4	NoGroup_Event0046CH
0x5de6f6b1	Other_UgcExcludeFloorBoard
0x5de811dd	Facility_BuildingShop
0x5dec1a13	DemoDM104081
0x5df55a65	Work/Data/ClothModelParam/ClothShoesPointedStuds.data__ClothModelParam.gyml
0x5df667b3	TreasureGameEmotionTelopChatInterestingSitOnSofaTVMode
0x5dfa4a7d	Work/Data/ClothParam/ClothHeadwearBase.data__ClothParam.gyml
0x5dfbdba3	StyleGroup_Heaven00
0x5dfd6487	Player.HabitInfo2.FaceSmug.State
0x5e051d73	Player.GoodsInfo2.Ticket.OwnNum
0x5e0e1dad	FacilityFountain_DonationBoxRight
0x5e19ae35	IslandBack
0x5e1ca02a	Friend_Onesidelove
0x5e22f5f4	Work/Confluence/PageInfo/HairAll081.pp__Confluence__PageInfo.gyml
0x5e24cc78	Shoji02
0x5e318a29	Player.InteriorRoomStyleInfo.Heart04.OwnNum
0x5e32adf4	Mii.MiiMisc.FaceInfo.FacePaintIndex
0x5e32fd3f	UGC.Cloth.EmissionIntensity
0x5e35b65f	Wood_Road
0x5e3c37ae	Work/Data/ClothModelParam/ClothAccessoryBackZipper.data__ClothModelParam.gyml
0x5e3d90b7	SeasonInfo
0x5e4138c7	ObjDog00_Toy
0x5e430ebe	Work/Data/ClothModelParam/ClothTopsOuterLongWindbreaker.data__ClothModelParam.gyml
0x5e453266	ClothTopsYshirtLongQuilting
0x5e490a74	ObjOffice00_DeskC
0x5e49b352	Trouble_HungryVegetable_Success
0x5e52f4de	Archstone
0x5e545d46	ObjLighthouse_06
0x5e566b77	Player.InteriorRoomStyleInfo.Party05.OwnNum
0x5e5d73c8	HongKongTaiwanKorea
0x5e61185d	Player.GoodsInfo2.Daruma.OwnNum
0x5e63e060	ReplicaSword
0x5e672e86	ItemFlatPlate
0x5e6abb67	Player.InteriorRoomStyleInfo.WoodBoard02.IsNewlyOwned
0x5e6e9f8c	UGC.Exterior.EmissionIntensity
0x5e733b83	ClothBottomsPantsWideBaggy
0x5e73fb3d	ObjFigure00_WallDecoS
0x5e74bc75	Work/Data/ClothModelParam/ClothHeadwearGlassSnorkel.data__ClothModelParam.gyml
0x5e7cccd1	Player.ClothShopDailyItem.DailyClothInfo
0x5e7d78bf	Trouble_IslandEditTutorial01_Failure
0x5e80a8eb	Player.GoodsInfo2.PocketWatch.OwnNum
0x5e89d26e	Childcare.Pending.HabitOwnInfo.FaceWink.IsChecked
0x5e8bbc7f	EmotionTelopChatLaughGuitarShowAtRoom
0x5e8fc05f	ObjTrashCan
0x5e9002d7	Player.GoodsInfo2.VirtualBoy.IsNewlyOwned
0x5e9da695	ClothAllTrainLongTrain
0x5e9f3578	Player.GoodsInfo2.Alien.LastObtainedSec
0x5ea082c6	ObjHedge_04
0x5ea50a5c	ClothBottomsPantsWideSurf
0x5ea68384	Work/Confluence/PageInfo/HairAll014.pp__Confluence__PageInfo.gyml
0x5ea7779a	House.RoomStyleInfo.Flag.Rain00
0x5ea99888	State
0x5eaad9d4	ClothAccessoryBagButterfly
0x5eadf2df	Communicate014
0x5eaef3d8	Good01
0x5eb48bb9	Work/Data/ClothModelParam/ClothTopsCoatHalfFire.data__ClothModelParam.gyml
0x5eb7574b	Player.InteriorRoomStyleInfo.Wedding02.State
0x5eb78a3d	ClothAllMascotLongDivinng
0x5eb80c96	UpperLeft
0x5eb9c32f	ClothTopsTshirtLongPinBorder
0x5ebed1b3	Player.InteriorRoomStyleInfo.Flowergarden00.IsNewlyOwned
0x5ebf212c	Work/Data/CoordinateAttribute/Coordinate0085.data__CoordinateAttribute.gyml
0x5ec44479	Player.InteriorRoomStyleInfo.Fantasy01.KeyHash
0x5ec85faa	Mii.Belongings.HabitOwnInfo.EatWild.State
0x5ecacec5	MiiEvent_Event0031CH
0x5ecc58bf	ObjChinese00_Ceiling
0x5ecd1c25	Player.GoodsInfo2.Stopwatch.OwnNum
0x5ed0c8e6	Place_MapObj_Lamp_raw
0x5ed696bb	Player.GoodsInfo2.Axolotl.IsNewlyOwned
0x5ed98b14	Work/Data/ClothModelParam/ClothHeadwearHatDetectives.data__ClothModelParam.gyml
0x5edb70cc	Work/Data/ClothModelParam/ClothBottomsPantsWideChain.data__ClothModelParam.gyml
0x5edd7299	UseFacePaint
0x5edf141e	Player.GoodsInfo2.Kangaroo.LastObtainedSec
0x5edfd5ab	Player.GoodsInfo2.BentSpoon.OwnNum
0x5ee48d0d	Childcare.Pending.HabitOwnInfo.StandCute.IsChecked
0x5ee57819	Player.InteriorRoomStyleInfo.Candy00.InformedNewRelease
0x5ee888a9	ClothTopsTshirtLongFigure
0x5ee8cde8	ObjBell_Center
0x5ef099e8	Work/Data/ClothModelParam/ClothSocksBackRibbon.data__ClothModelParam.gyml
0x5ef36a92	ItemBubblesStraw
0x5ef4c87d	Player.GoodsInfo2.Shell.LastObtainedSec
0x5ef9cc2e	Work/Confluence/PageInfo/HairBack017.pp__Confluence__PageInfo.gyml
0x5efaf7b8	Event0002CH
0x5eff5e0e	UGC.MapObject.EmissionPattern
0x5f03af34	Player.InteriorRoomStyleInfo.MovingBox00.State
0x5f03fa5f	Player.InteriorRoomStyleInfo.WesternStyle00.KeyHash
0x5f08864d	ClothBottomsSkirtMiniSunflower
0x5f1b003f	ClothShoesHighcutSneaker
0x5f1d358e	ClothTopsYshirtLongBowtieBlouse
0x5f1d46f6	Work/Data/ClothParam/ClothAllMascotLongDivinng.data__ClothParam.gyml
0x5f1eba8f	StartLiveTogetherTime
0x5f248e29	Work/Data/CoordinateClothInfo/Coordinate0066.data__CoordinateClothInfo.gyml
0x5f25e0f2	Player.InteriorRoomStyleInfo.Otaku04.OwnNum
0x5f293ff6	Work/Data/ClothParam/ClothSocksSeethroughDot.data__ClothParam.gyml
0x5f2fb745	Mii.Belongings.HabitOwnInfo.WalkSwagger.IsOwn
0x5f310d27	StyleGroup_Horror00
0x5f336716	Work/Data/ClothModelParam/ClothTopsYshirtLongDownVest.data__ClothModelParam.gyml
0x5f35a9a8	Player.InteriorRoomStyleInfo.Camouflage00.KeyHash
0x5f37648a	Work/Data/ClothParam/ClothHeadwearOrnamentTopUfo.data__ClothParam.gyml
0x5f407726	ItemCracker
0x5f41ff15	Work/Mii/EyeAccessoryParam/Eye039.mii__EyeAccessoryParam.gyml
0x5f43256e	Pet03
0x5f4bca66	MiiEvent_Event0033CH
0x5f50da23	TreasureGoods_Record_Chat_Outdoor
0x5f525299	NoGroup_Event0043CH
0x5f53c01e	InvitingGroupDemo_DemoRestaurantRecommend
0x5f5ae1d4	TreasureAnythingEmotionTelopChatDifficultSitOnTableBench
0x5f5ce49c	Mii.Belongings.RoomStyleInfo.Flag.Labo00
0x5f5d82ba	TravelPlaceN001S4
0x5f5df8eb	InvitingGroupDemo_DemoPR000027
0x5f61fbea	Childcare.Pending.HabitOwnInfo.GreetingHeadOnly.IsChecked
0x5f63e831	Player.HabitInfo2.Chicken.State
0x5f69a8c7	EmotionTelopChatRelaxLieDownAtRoomNight
0x5f701249	Work/Data/CoordinateClothInfo/Coordinate0229.data__CoordinateClothInfo.gyml
0x5f73b25c	ClothAccessoryBackBigSword
0x5f766959	Work/Data/ClothParam/ClothHeadwearHatWitch.data__ClothParam.gyml
0x5f7834dd	NoGravity
0x5f7bfcc8	Mii.MiiMisc.WordInfo.WordArray.WordKind
0x5f7c9110	Work/Confluence/PageInfo/HairAll045.pp__Confluence__PageInfo.gyml
0x5f7cada7	Player.GoodsInfo2.Guitar.IsNewlyOwned
0x5f81e435	Lace02
0x5f82de0d	House.RoomStyleInfo.Flag.Factry00
0x5f84a87c	Locker01
0x5f932761	Work/Confluence/PageInfo/HairFront037.pp__Confluence__PageInfo.gyml
0x5f934e31	Work/Data/ClothParam/ClothHeadwearHatSquare.data__ClothParam.gyml
0x5f96e820	Gangan
0x5fb2148f	Faucet
0x5fb24324	Player.LastIslandEditTime
0x5fb28509	EmotionTelopChatLaughSitOnDiningTable
0x5fb7849c	ItemPotaufeu
0x5fb7c0c6	Work/Data/ClothParam/ClothHeadwearHatTrilby.data__ClothParam.gyml
0x5fb846e6	ClothTopslongDressSleevelessFigure
0x5fb9e8c9	ObjCamouflage00_Tent
0x5fbea94a	Childcare.Pending.WordInfo.WordArray
0x5fc256ed	Work/Data/ClothModelParam/ClothAllCostumeLongTamago.data__ClothModelParam.gyml
0x5fc4c6f1	Player.GoodsInfo2.NotePc.OwnNum
0x5fc6bc75	RandomInWalking
0x5fc7087b	Player.GoodsInfo2.CDNurseryRhyme.State
0x5fcb3f7d	MiiEvent.GroupInfo.GroupHash
0x5fcf2809	Work/Mii/EyeAccessoryParam/Eye057.mii__EyeAccessoryParam.gyml
0x5fd07273	Work/Data/ClothParam/ClothHeadwearHatSombrero.data__ClothParam.gyml
0x5fd51925	ObjTreeBroadleaf_02
0x5fd84905	ClothAllBodySuitLongOgre
0x5fd8cef9	TreasureBookEmotionTelopChatDifficultSitOnTheGroundCircle
0x5fd8edd5	Work/Data/ClothParam/ClothHeadwearHatTulip.data__ClothParam.gyml
0x5fdb70c9	Work/Data/ClothParam/ClothHeadwearHatAcademic.data__ClothParam.gyml
0x5fe2dc6f	Coordinate0119
0x5fe6a695	Work/Data/ClothModelParam/ClothTopsOuterLongDamaged.data__ClothModelParam.gyml
0x5fee494a	Group_Event0029
0x5ff2f0fb	Player.GoodsInfo2.Hedgehog.State
0x5ff983fa	Unlock.FriendFailureCount
0x5ffb5cc1	StandCute
0x5ffc97a4	Childcare.Pending.HabitOwnInfo.WalkScurry
0x6005f5c6	SetupAndCore
0x6007632a	Work/Data/ClothParam/ClothHeadwearHatStudsCasquette.data__ClothParam.gyml
0x60091445	Work/Data/ClothParam/ClothShoesSkateFigure.data__ClothParam.gyml
0x600c819b	Work/Data/CoordinateClothInfo/Coordinate0094.data__CoordinateClothInfo.gyml
0x600dae6b	Childcare.Reserve
0x6016bddb	Place_Here_Play_NotGoods
0x601a45d5	Work/Confluence/PageInfo/HairAll029.pp__Confluence__PageInfo.gyml
0x601ea53d	Work/Data/ClothParam/ClothHeadwearProtectorIceHockey.data__ClothParam.gyml
0x6027a44f	NameSetBin
0x60299d3b	Mii.Belongings.HabitOwnInfo.GreetingTypeNoting.IsOwn
0x602eca65	Work/Data/ClothModelParam/ClothTopsYshirtLongTurtleneckKnit.data__ClothModelParam.gyml
0x602ee35d	DailyLog.EmotionBallGet
0x602feafc	Work/Data/ClothModelParam/ClothTopslongBoxDressLongParka.data__ClothModelParam.gyml
0x6032cad2	Player.HabitInfo2.EatCarefully.State
0x6034bf04	Lace03
0x603dc266	OtherCool
0x60472a54	DemoPR000020
0x60495bb7	ObjSF00_Stand
0x604bb03a	ClothTopsYshirtLongRunning
0x604d4d84	StreetDanceCycleField
0x604f18e3	Puddles
0x6058bf5a	ClothAllMonsterLongMonster
0x605a4199	Player.InteriorRoomStyleInfo.Party02
0x605a6141	Player.InteriorRoomStyleInfo.Fruit07.FirstObtainedSec
0x60601be9	Player.InteriorRoomStyleInfo.Sakura00.IsNewlyOwned
0x60659b58	GoodsInfo2BrushPlatinumOwnJuice
0x6070f538	Player.GoodsInfo2.CDIdol
0x607a7ab4	StyleGroup_Formula00
0x607ba160	Mii.CharacterParam.Commonsense
0x608ec118	Player.InteriorRoomStyleInfo.WoodBoard00.IsNewlyOwned
0x6091493f	Player.GoodsInfo2.Camera.IsNewlyOwned
0x609483c1	HairType_A
0x6097248e	Relation_Lovers_House
0x60974f1d	ObjBenchPark_03
0x6098eea1	Work/Data/ClothParam/ClothHeadwearGlassSnorkel.data__ClothParam.gyml
0x609b139e	ClothTopsYshirtLongNecktie
0x609eca96	ObjHedge_center
0x609f197d	UGC.Exterior.WordAttrCount
0x609f2221	Player.InteriorRoomStyleInfo.Midcentury01.IsNewlyOwned
0x60aab932	Work/Confluence/PageInfo/HairAll107.pp__Confluence__PageInfo.gyml
0x60ae33d3	ClothAccessoryBagStuds
0x60ba2a56	ObjColorBox00_Balanceball
0x60c572ab	Player.GoodsInfo2.StreetDanceSet
0x60c6131e	JapaneseTea
0x60caa34e	Player.InteriorRoomStyleInfo.MultiDot02.FirstObtainedSec
0x60dd9959	Work/Data/ClothModelParam/ClothAllCostumeLongKoala.data__ClothModelParam.gyml
0x60e10697	AgeType
0x60e280fb	UGC.MapFloor.IsEmissionNightOnly
0x60e54219	Player.InteriorRoomStyleInfo.Garage06.FirstObtainedSec
0x60e61f6a	NoGroup_TeadOnUGC
0x60e8645d	KokeshiDoll
0x60e8e707	Player.InteriorRoomStyleInfo.Christmas00
0x60e94346	ObjFigure00_WallDecoE
0x60f149f1	Work/Data/CoordinateClothInfo/Coordinate0048.data__CoordinateClothInfo.gyml
0x60fb6101	Work/Data/CoordinateClothInfo/Coordinate0113.data__CoordinateClothInfo.gyml
0x60fe4ea3	Player.InteriorRoomStyleInfo.Wedding02.OwnNum
0x60ff7240	Work/Data/ClothModelParam/ClothTopsBandana.data__ClothModelParam.gyml
0x610647f3	BloodType
0x6106d6ff	Work/Data/ClothModelParam/ClothTopslongBoxDressLongDenim.data__ClothModelParam.gyml
0x61078936	ObjLanternSakura_Center
0x6109b852	Player.GoodsInfo2.Bill.LastObtainedSec
0x610c03c7	Work/Data/CoordinateClothInfo/Coordinate0044.data__CoordinateClothInfo.gyml
0x61165750	House.RoomStyleInfo.Flag.MovingBox01
0x6117b08f	Player.GoodsInfo2.CDClassic.State
0x61223fb9	GoodsInfo2
0x612e2e61	Work/Data/ClothModelParam/ClothTopsYshirtLongShirtKnit.data__ClothModelParam.gyml
0x612e5976	ClothTopsMantleLongViking
0x612e77b5	MapObjectRoom
0x6137d595	Work/Confluence/PageInfo/HairFront049.pp__Confluence__PageInfo.gyml
0x613e1748	ObjFlowerTulip_01
0x613f58e4	Place_Here_Play_Goods
0x6143ec86	Work/Confluence/PageInfo/HairAll032.pp__Confluence__PageInfo.gyml
0x61455a68	DemoSB044060
0x61469e43	PriorityRankTMinus
0x614c8882	DemoPR000108
0x614d9416	Player.GoodsInfo2.SpeechBubbleGold
0x614f54b8	Mii.Trouble.Info.EndGameTime
0x6152323d	FacilityItemShopTV
0x615380bb	Player.GoodsInfo2.WoodenCarvingBear.IsNewlyOwned
0x61544404	Work/Data/ClothParam/ClothHeadwearFullfaceRobot.data__ClothParam.gyml
0x615aaaf3	TroubleFriendGenerate
0x615d750c	Dice
0x615f324d	Player.InteriorRoomStyleInfo.Fruit04.IsNewlyOwned
0x615f5464	Player.GoodsInfo2.SonohenNoIshikoro
0x61605dd5	Work/Data/ClothModelParam/ClothHeadwearHatEarflaps.data__ClothModelParam.gyml
0x6172874b	Work/Confluence/PageInfo/HairFront053.pp__Confluence__PageInfo.gyml
0x61746cd1	Player.GoodsShopItem
0x6177b50f	Childcare.Pending.HabitOwnInfo.GreetingTypeNoting
0x6179950d	ChatHouseTableWithDemo
0x617ae04c	Work/Data/CoordinateAttribute/Coordinate0235.data__CoordinateAttribute.gyml
0x617d5e03	ClothAccessoryNeckBijou
0x617e59cc	Work/Data/Destination/ActionArea/FacilityPhotoStudio_Front.data__destination__ActionArea.gyml
0x617f5bff	FoodShop
0x6180cdec	Player.GoodsInfo2.DVDSports.OwnNum
0x6181441b	Player.InteriorRoomStyleInfo.Lace03.KeyHash
0x6186f1b0	AdditionalActionAfterPostDemoBreakDown
0x6190479b	Player.GoodsInfo2.WorkoutSet
0x61905a41	Work/Data/ClothParam/ClothAllBodySuitLongSeaweed.data__ClothParam.gyml
0x6193c3f6	DemoDM104053
0x6194fdec	Work/Data/CoordinateClothInfo/Coordinate0211.data__CoordinateClothInfo.gyml
0x6195e3d4	NaturalFloor06
0x619cce90	Player.InteriorRoomStyleInfo.Lace00.KeyHash
0x619d5c38	Player.InteriorRoomStyleInfo.Party03.State
0x619ec353	Orange
0x619fcf66	Work/Data/CoordinateClothInfo/Coordinate0279.data__CoordinateClothInfo.gyml
0x61a435b7	Mii.Belongings.HabitOwnInfo.GetAngryTypeBrightly
0x61a437d0	PlayerThree
0x61a4de03	Trouble_Cloth2Pretty_Failure
0x61a677fe	Work/Data/ClothParam/ClothShoesSneakerHighTec.data__ClothParam.gyml
0x61a9e5cb	Work/Data/ClothModelParam/ClothTopsYshirtLongBowtieBlouse.data__ClothModelParam.gyml
0x61ab172c	Mii.Belongings.HabitOwnInfo.StandAffected.IsChecked
0x61b0a2e7	Player.InteriorRoomStyleInfo.LightStick06.IsNewlyOwned
0x61b5e2b2	Work/Confluence/PageInfo/HairAllLegacy103.pp__Confluence__PageInfo.gyml
0x61b859b5	Mii.Belongings.HabitOwnInfo.WalkRhythm
0x61b9a484	Childcare.Pending.HabitOwnInfo.FaceSmile.IsChecked
0x61bdd48f	Mii.Belongings.HabitOwnInfo.EatCute.State
0x61bf9d45	Player.GoodsInfo2.Cat.OwnNum
0x61bfab92	Player.HabitInfo2.StandToeOut.State
0x61c13f60	Player.HabitInfo2.GreetingHeadOnly.LastObtainedSec
0x61c27fcb	Player.InteriorRoomStyleInfo.Damask07.IsNewlyOwned
0x61c2f07a	FightLight
0x61c46e3a	Work/Mii/EyeAccessoryParam/Eye002.mii__EyeAccessoryParam.gyml
0x61c78e1d	Player.InteriorRoomStyleInfo.Brick00.KeyHash
0x61c9c680	ToAfSourcesActionDirection
0x61ca7f8b	ObjStuffed00_Desk
0x61cf1e1f	DailyLastNoInputPlayTime
0x61cf4fc3	Player.InteriorRoomStyleInfo.Wedding01.FirstObtainedSec
0x61cf66fa	ClothTopslongBoxDressHalfCamisole
0x61d37839	Player.InteriorRoomStyleInfo.SF03.FirstObtainedSec
0x61d8de8b	Work/Data/ClothParam/ClothHeadwearCostumeDog.data__ClothParam.gyml
0x61e15610	MiiEvent_DropFromTree_OBJ_CH
0x61e2380e	EmotionTelopChatDateWalkingRelaxSitOnTerraceBench
0x61efde8b	EmotionTelopChatLoveNotePCSpeechAtLivingFloor
0x61f159f6	Mii.Belongings.RoomStyleInfo.Flag.Fruit06
0x61f2073f	Work/Data/CoordinateAttribute/Coordinate0144.data__CoordinateAttribute.gyml
0x61f29900	Other_Know_Friend_BestFriend_RelativeEnableLove_NotFight_NotOnesideLove
0x61f89459	Work/Confluence/PageInfo/HairBack022.pp__Confluence__PageInfo.gyml
0x61fcc524	Work/Data/CoordinateAttribute/Coordinate0326.data__CoordinateAttribute.gyml
0x6207d9b3	Work/Mii/EyeAccessoryParam/Eye000.mii__EyeAccessoryParam.gyml
0x6207e8a9	ItemSumoRing
0x620a3524	Soccer
0x620bb910	UGC.FacePaint.HowToCallName
0x620da90b	DoNothing
0x620ebdd4	Work/Confluence/PageInfo/HairAllLegacy045.pp__Confluence__PageInfo.gyml
0x62118b53	House.RoomStyleInfo.Flag.BigFlower02
0x62125298	Work/Component/DestinationInfo/ObjThrone.actor__DestinationInfo.gyml
0x621287ee	SwallowsNest
0x62189afb	Good
0x621d64e6	Player.InteriorRoomStyleInfo.Sushi00.State
0x621e87af	Player.GoodsInfo2.Slime.State
0x621ed943	Work/Data/ClothModelParam/ClothShoesSandalBallet.data__ClothModelParam.gyml
0x62205fe2	ClothTopslongAlineLongPompon
0x62260c02	InvitingDemo_Demo000
0x6227638c	Work/Confluence/PageInfo/HairAll087.pp__Confluence__PageInfo.gyml
0x62320f5f	DemoSB044071
0x623263e2	MiiEvent_DashClashFallInLoveFirstSight3Change
0x6232e90a	RoomStyleVariationGroupStringId
0x6232f24d	ObjAntique00_WallDecoE
0x62380284	Place_MapObj_GroundLight_withLovers_raw
0x623ccf16	Player.InteriorRoomStyleInfo.Factry00
0x623f9384	ObjSignboardTutorial
0x6244f6d7	Mii.Belongings.HabitOwnInfo.VoiceLoud.IsChecked
0x6246b325	Work/Data/ClothModelParam/ClothShoesSneakerMetalic.data__ClothModelParam.gyml
0x624927d9	UGC.Food.NetworkDeliverCount
0x624c8798	Place_Facility_Restaurant_raw
0x624d3813	Player.GoodsInfo2.PaperCrane
0x624df401	Player.GoodsInfo2.Amber
0x624f5c48	TreasureBookEmotionTelopChatNoveltySitOnTheGround
0x6252acbd	Event0049CH
0x62565a1b	Player.GoodsInfo2.RandomKey.OwnNum
0x625a2781	ClothShoesGetaGeta
0x625a682c	Player.GoodsInfo2.EmbroideredHandkerchief.OwnNum
0x625bd880	Work/Data/Destination/ActionArea/FacilityMarket_Front.data__destination__ActionArea.gyml
0x625e3b13	Yoga
0x625e98c3	ClothSocksKneeSocksBorder
0x625f4b07	Player.GoodsInfo2.Superscope
0x626c8a02	EmotionTelopChatDateWalkingRelaxBonfire
0x627fd941	Work/Data/ClothParam/ClothTopsTshirtLongPeasant.data__ClothParam.gyml
0x628291b6	Work/Data/ClothParam/ClothSocksSushi.data__ClothParam.gyml
0x628c213b	ClothAccessoryWaistMonster
0x628c76b7	StyleGroup_Circus00
0x628f34c7	Mii.Belongings.HabitOwnInfo.FaceSmile.State
0x6296fc85	Player.GoodsInfo2.Document.LastObtainedSec
0x6298a782	Work/Data/ClothParam/ClothHeadwearCostumeHood.data__ClothParam.gyml
0x629b3c7a	MapId
0x629bbfec	ObjWedding00_Candle
0x62a35019	IsFinishedContentsAccident
0x62aaaa12	Mii.MiiMisc.UgcInfo.NetworkDeliverCount
0x62ad5137	UGC.MapObject.WordAttrGrammaticality
0x62b08d6a	Player.GoodsInfo2.Slime.LastObtainedSec
0x62b30acc	Work/Data/ClothModelParam/ClothTopsTshirtLongWrinkles.data__ClothModelParam.gyml
0x62b3ea14	ShoesLong
0x62bd39e5	DemoPR000109
0x62c3f1f4	Trial.IsViewedSequenceImportTrialSaveData
0x62c513cf	Player.InteriorRoomStyleInfo.Stadium02.OwnNum
0x62c68026	FocusLeadingDownLarge
0x62caaca0	BaseColor
0x62ce33cb	Player.GoodsInfo2.MysteriousLiquid.State
0x62cf4c5c	Player.InteriorRoomStyleInfo.Nobility00.InformedNewRelease
0x62d28bad	Player.GoodsInfo2.MahjongTile
0x62d315d2	ObjStandingTorch_Center
0x62d46f3f	Player.GoodsInfo2.MiniTerrarium.State
0x62d6ab57	Work/Data/ClothModelParam/ClothShoesSneakerMoccasin.data__ClothModelParam.gyml
0x62d6df01	Player.GoodsInfo2.Cashbox
0x62d8711c	ClothShoesSneakerSimple
0x62db55f7	Custom
0x62dbaa48	Player.InteriorRoomStyleInfo.Atelier01.LastObtainedSec
0x62de4328	RotY
0x62e320bb	Communicate009
0x62e33710	Communicate016
0x62e65bd1	SeasonalLiberationMulti
0x62e752cd	HouseDollHouseDoor
0x62f179cd	Player.InteriorRoomStyleInfo.HoneycombTile04.FirstObtainedSec
0x62f3bfdc	Gloss
0x62f697d5	Player.InteriorRoomStyleInfo.SFX00
0x62f6f382	TreasureGoods_Record_Outdoor_raw
0x62f90493	Soil_Road
0x630024d7	Herringbone04
0x63008440	Work/Data/CoordinateClothInfo/Coordinate0154.data__CoordinateClothInfo.gyml
0x63014af4	Work/Data/CoordinateAttribute/Coordinate0288.data__CoordinateAttribute.gyml
0x63029291	Player.GoodsInfo2.CoconutBowl
0x63052247	Player.InteriorRoomStyleInfo.Heart00.State
0x6306a432	Player.InteriorRoomStyleInfo.Gold00.InformedNewRelease
0x630776a3	Player.InteriorRoomStyleInfo.WesternStyle07.IsNewlyOwned
0x6308e8fe	House.RoomStyleInfo.Flag.Bathroom02
0x630991a3	ClothAllBoxLongToyRobot
0x630b130e	LastSavePhotoTime
0x630d73b8	Player.InteriorRoomStyleInfo.BigFlower03.IsNewlyOwned
0x6313ff38	Player.HabitInfo2.VoiceShiny.IsNewlyOwned
0x631a5edd	ObjBeachBed_07
0x63229dbd	DepressCancel
0x6323866b	Work/Data/Destination/ActionPoint/FacilitySupermarket_ViewPos.data__destination__ActionPoint.gyml
0x6328bc91	Place_House_LDKCarpet_NotGoods
0x632cc9f8	Work/Data/ClothModelParam/ClothHeadwearFullmaskPumpkin.data__ClothModelParam.gyml
0x632f8b26	Mii.Belongings.HabitOwnInfo.WalkScurry.IsOwn
0x6332ae30	Work/Data/ClothModelParam/ClothBottomsPantsWideCargo.data__ClothModelParam.gyml
0x6338c795	UGC.Food.IsEdit
0x633d2b37	FacilityFamilyFerrisWheel_BreakupPlace1
0x633fa2d5	Work/Data/ClothModelParam/ClothShoesLoaferLoafer.data__ClothModelParam.gyml
0x634378cf	TargetClothId
0x6344922e	Dir1Grid_RoadSign
0x63463fa0	NextInteriorWantGameTime
0x634800ae	UGC.Food.IsEmissionNightOnly
0x6348b47f	NoGroup_Event0038FL
0x63503a55	Event0034CH
0x6352f286	Player.HabitInfo2.StandPutsGlasses.State
0x63563817	Player.GoodsInfo2.Bouquet.LastObtainedSec
0x63585a01	Work/Confluence/PageInfo/HairBack015.pp__Confluence__PageInfo.gyml
0x635e8acd	Work/Confluence/PageInfo/HairFront060.pp__Confluence__PageInfo.gyml
0x635f583b	TreasurePetEmotionTelopChatScaryAtRoom
0x6362048b	GeneralUse
0x6363b8cd	Work/Data/ClothModelParam/ClothHeadwearOrnamentSidePearl.data__ClothModelParam.gyml
0x63661938	NoGroup_Event0050CH
0x636ecc37	ObjAbduction00_Cattle
0x6378902f	ClothSocksEmbroidery
0x6379979d	Work/Data/ClothModelParam/ClothBottomsPantsWideBoxing.data__ClothModelParam.gyml
0x637a493c	ClothSocksTwoLineShort
0x637cb25b	ClothBottomsSkirtLongFlower
0x637ce68c	Alb
0x637d975d	ObjVendingMachine_02
0x637f5a8a	MiiEvent_Event0044FL
0x637fe077	Trouble_DepressGiveUpOneSideLove_Success
0x63866bc4	Player.HabitInfo2.GreetingCurtsy.OwnNum
0x6388dc1e	Work/Data/ClothParam/ClothBottomsSkirtMiniSunflower.data__ClothParam.gyml
0x639739e4	FacilitySupermarket
0x63978ae2	House.RoomStyleInfo.Flag.WoodBoard05
0x63a5d310	Left
0x63a5ec56	MiiEvent.MiiEventInfo
0x63a7102f	FoodAndGoods01
0x63af3cc9	ObjBathroom00_Stool
0x63bd4388	Facility_Market
0x63bdf335	ClothHeadwearHatTrilby
0x63bf31ef	Mii.Belongings.RoomStyleInfo.Flag.Candy00
0x63c05906	D
0x63c0cf14	ObjMonitor00_WideMonitor
0x63c1ce10	Work/Data/CoordinateClothInfo/Coordinate0182.data__CoordinateClothInfo.gyml
0x63c78f93	Work/Data/ClothModelParam/ClothTopsOuterLongGradation.data__ClothModelParam.gyml
0x63c82d18	EdgeSpace
0x63cd3fbe	AsianResort01
0x63da4848	DemoDM104060
0x63ddecec	Work/Data/ClothParam/ClothAllBoxLongTrump.data__ClothParam.gyml
0x63e32925	Player.HabitInfo2.StandShakeHip
0x63f36ed6	Player.InteriorRoomStyleInfo.Garage05.IsNewlyOwned
0x63f4f187	ChatDrama
0x63f538b7	Surprise
0x63f813d5	Work/Data/ClothModelParam/ClothTopslongBoxDressHalfTshirt.data__ClothModelParam.gyml
0x63f950d3	Work/Data/ClothParam/ClothShoesBase.data__ClothParam.gyml
0x63fedeeb	Work/Data/ClothModelParam/ClothTopslongUgcAlineSleeveless.data__ClothModelParam.gyml
0x6400ef93	FacilityInteriorShop
0x64016762	BaseStyleId
0x640709f9	TextData
0x64070b09	Work/Mii/EyeAccessoryParam/Eye055.mii__EyeAccessoryParam.gyml
0x64071c1d	Player.InteriorRoomStyleInfo.Chinese00.State
0x640b5595	Place_House_DiningTable_raw
0x640b9585	Player.InteriorRoomStyleInfo.Damask01.InformedNewRelease
0x640bee9a	ObjStepIron_02
0x640e7706	DailyLog.MoneySpent
0x64137b4f	ClothHeadwearOrnamentFrontDuck
0x64152c1a	Work/Confluence/PageInfo/HairAll050.pp__Confluence__PageInfo.gyml
0x6418d60a	Work/Data/Destination/DemoArea/FacilityFountain_AllSpace.data__destination__DemoArea.gyml
0x641f87ed	Work/Data/ClothParam/ClothAccessoryBackAngel.data__ClothParam.gyml
0x642813fa	Unlock.ResolvedAccidentCount
0x642892fb	MiiEvent_Event0027CH
0x642ce757	House.RoomStyleInfo.Flag.Minimul06
0x64392738	Unlock.PresentInteriorCount
0x644216d3	Player.InteriorRoomStyleInfo.Camouflage02.OwnNum
0x64454314	Player.InteriorRoomStyleInfo.Temple00.FirstObtainedSec
0x64457c14	Player.HabitInfo2.VoiceSmall.LastObtainedSec
0x644a0fd9	Player.InteriorRoomStyleInfo.Garage07.FirstObtainedSec
0x644e265d	Player.InteriorRoomStyleInfo.Camouflage01.IsNewlyOwned
0x644e5834	ObjTrafficLight
0x644fa347	EmotionTelopChatDateWalkingSitOnTheBench
0x6450a5b6	ObjStreetLamp_06
0x64517230	Abduction00
0x64544440	EmissionIntensity
0x645c6269	FirstIslandEditTrouble
0x645cb861	MiiEvent_OnesideLove_From
0x645f3e3a	CircleOfWisdom
0x64644c7e	Player.GoodsInfo2.NotePc
0x646e94f3	Mii.Belongings.HabitOwnInfo.UntidySleeper.IsOwn
0x64724861	Player.InteriorRoomStyleInfo.Desert00.InformedNewRelease
0x6479b0bd	Work/Data/Destination/ActionPoint/FacilityItemShop_ViewPos.data__destination__ActionPoint.gyml
0x647fa054	Player.InteriorRoomStyleInfo.SFX01
0x64804767	Player.InteriorRoomStyleInfo.Lace02.LastObtainedSec
0x6485a66d	Player.InteriorRoomStyleInfo.Baby00.LastObtainedSec
0x6489bb63	ClothTopsYshirtHalfOpenCollar
0x648d1ec8	ChallengeConfession
0x648e42f2	Mii.Belongings.RoomStyleInfo.Flag.Dot02
0x6490f22b	House.RoomStyleInfo.Flag.Otaku03
0x6498572d	ItemEasel_DemoPainting
0x64989e0e	Player.InteriorRoomStyleInfo.Fruit04.FirstObtainedSec
0x6498fe26	Work/Data/ClothModelParam/ClothShoesBootsLongPunk.data__ClothModelParam.gyml
0x649b581d	CoupleReconciliationFailureDivorced
0x649c86de	EnterFacilityMarketSale
0x64a93a5c	Work/Data/ClothParam/ClothHeadwearHatSilk.data__ClothParam.gyml
0x64a9c5a1	Lovely04
0x64ae7184	Work/Data/ClothModelParam/ClothBottomsSkirtBoxStripe.data__ClothModelParam.gyml
0x64af701a	Mii.MiiMisc.ClothInfo.Accessory.ColorIndex
0x64b24cfc	Work/Data/Destination/ActionArea/FacilityFamilyRestaurant_Back.data__destination__ActionArea.gyml
0x64b7286f	AttractWink3
0x64b9c48b	Childcare.Pending.HabitOwnInfo.GreetingOsu
0x64ba14a4	Player.HabitInfo2.GreetingNoble.IsNewlyOwned
0x64c701e2	UGC.Exterior.PlayerNameRegionLanguageID
0x64c95543	VoiceType
0x64d93b21	CobbleStone00
0x64dc7cec	Player.GoodsInfo2.NotePc.LastObtainedSec
0x64e277fe	IsFinishedPR
0x64e4da87	Player.GoodsInfo2.BrushSilver.LastObtainedSec
0x64e88f8d	Player.GoodsInfo2.BrushGold.OwnNum
0x64ea5c57	Trouble_IslandEditRoadToMany_Failure
0x64ec86d6	Work/Data/ClothParam/ClothTopsTshirtHalfStripe.data__ClothParam.gyml
0x64ed3206	TravelPlaceN006S2
0x64eed8fd	GroupInfo
0x64f38a91	Player.InteriorRoomStyleInfo.SF02.FirstObtainedSec
0x64f7aedf	Player.GoodsInfo2.Lure.State
0x64fd480e	Work/Data/ClothModelParam/ClothAccessoryNeckBijou.data__ClothModelParam.gyml
0x65061968	Player.HabitInfo2.EatCrisp.State
0x65121d77	CDSound
0x6519980a	Work/Data/CoordinateAttribute/Coordinate0038.data__CoordinateAttribute.gyml
0x651a8304	Work/Data/ClothModelParam/ClothTopsTshirtHalfSailor.data__ClothModelParam.gyml
0x651aa47a	Work/Data/Destination/ActionPoint/ObjBeachParasol_West.data__destination__ActionPoint.gyml
0x651b7edd	Worry
0x651e85ac	Trouble_ClothPBottomsA_Failure
0x65219ca3	Work/Data/ClothModelParam/ClothAccessoryBackBigSword.data__ClothModelParam.gyml
0x653164f6	Work/Data/ClothModelParam/ClothHeadwearHatOutdoor.data__ClothModelParam.gyml
0x653a5dad	ItemJuice_03
0x653af576	Work/Data/ClothModelParam/ClothShoesPumpsKkotshin.data__ClothModelParam.gyml
0x653d9b4a	DumbbellExerciseMyRoom
0x6540a519	SeemsFun
0x6541d416	Work/Data/ClothModelParam/ClothSocksMultiBorder.data__ClothModelParam.gyml
0x6548be5f	EmotionTelopChatDarkSitOnSofa
0x654c2de0	Mii.Belongings.HabitOwnInfo.StandLeanForward.IsChecked
0x654d9e93	Player.GoodsInfo2.EmbroideryWallHanging
0x654dbe49	Player.InteriorRoomStyleInfo.Minimul01.IsNewlyOwned
0x654e587a	Normal01
0x6552d910	Work/Data/ClothModelParam/ClothTopsYshirtHalfMultiBorderPolo.data__ClothModelParam.gyml
0x65565d9f	UseItem
0x65568318	DemoPR000030
0x655c784d	Work/Data/ClothParam/ClothHeadwearCostumeLion.data__ClothParam.gyml
0x655d2cf0	ObjStreetLamp_03
0x655f6676	LvUPGoods_Knitting_House_Sofa_raw
0x65608f68	Player.GoodsInfo2.DVDSports.IsNewlyOwned
0x65662f56	DemoPR000120
0x6569b41e	DemoPR000022
0x657d7a02	AdditionalActionAfterPostDemoRunToHomeSurprisedlyShort
0x657e425a	ClothTopsCroppedTee
0x657f8da7	Work/Data/ClothModelParam/ClothAllMascotLongCyber.data__ClothModelParam.gyml
0x657f9add	Player.InteriorRoomStyleInfo.Camouflage02.LastObtainedSec
0x657fcae7	Work/Data/ClothModelParam/ClothHeadwearHatMushroom.data__ClothModelParam.gyml
0x6581865e	Player.GoodsInfo2.Marble.OwnNum
0x65845a74	TravelPlaceN010S1
0x658fbc28	Player.GoodsInfo2.DVDHorror.LastObtainedSec
0x659400b5	Day
0x65974d97	Place_MapObj_EruptingFireworks_WithLoversOnly_raw
0x659ce483	Mii.Belongings.RoomStyleInfo.Flag.Brick01
0x659e69fc	Work/Data/ClothModelParam/ClothHeadwearCoverBodySuit.data__ClothModelParam.gyml
0x659e7704	Work/Data/ClothModelParam/ClothHeadwearMaskFox.data__ClothModelParam.gyml
0x65a28b3a	DemoPR000009
0x65a437cd	Work/Data/CoordinateAttribute/Coordinate0089.data__CoordinateAttribute.gyml
0x65a5d0dd	Childcare.Pending.HabitOwnInfo.WalkToeOut
0x65b1f017	ObjBrooklyn00_Plant
0x65b488aa	ClothTopsYshirtHalfSticker
0x65b743fe	Temperature
0x65b81599	Player.GoodsInfo2.Haniwa.OwnNum
0x65bc865e	Work/Data/ClothModelParam/ClothBottomsSkirtLongFlare.data__ClothModelParam.gyml
0x65cdfe21	InvitingGroupDemo_DemoChatHouseTable00
0x65d13535	Work/Data/ClothParam/ClothAccessoryBackClockwork.data__ClothParam.gyml
0x65d32ad4	Place_MapObj_Bench_Chat_raw
0x65d5a2e9	Work/Data/ClothModelParam/ClothBottomsPantsLongAbc.data__ClothModelParam.gyml
0x65dd1f39	Not-Angry-Worry
0x65de6920	Work/Data/ClothModelParam/ClothTopsYshirtLongBlazerTie.data__ClothModelParam.gyml
0x65e3c4b3	Player.GoodsInfo2.Tyrannosaurus.OwnNum
0x65e4c2b4	Event0019FL
0x65e4e2de	Work/Data/ClothModelParam/ClothAccessoryBackEmergencyButton.data__ClothModelParam.gyml
0x65f04eb2	GroupAction_SocialEtiquette
0x65f2fe15	Dog
0x65f482a4	Player.EmotionBall
0x65f5574b	Work/Data/ClothModelParam/ClothBottomsSkirtMiniSchool.data__ClothModelParam.gyml
0x65fc28dd	EmotionTelopChatSurpriseSitOnDiningTable
0x65ffa610	Work/Mii/EyeAccessoryParam/Eye067.mii__EyeAccessoryParam.gyml
0x6600f5a4	TinToy
0x66062e98	Player.InteriorRoomStyleInfo.Field00.IsNewlyOwned
0x660c5247	Mii.MiiMisc.ClothInfo.ClothStyle
0x66127f69	Work/Data/ClothModelParam/ClothSocksLeggings.data__ClothModelParam.gyml
0x6613a246	Mii.Belongings.RoomStyleInfo.Flag.Asianresort01
0x6613f26f	Work/Data/ClothModelParam/ClothTopslongKimonoLongKinagashi.data__ClothModelParam.gyml
0x66182eef	Player.InteriorRoomStyleInfo.Damask01
0x661a328d	Player.GoodsInfo2.AmethystDome.IsNewlyOwned
0x6622fd0a	Work/Data/ClothParam/ClothTopsYshirtLongJersey.data__ClothParam.gyml
0x6623a860	Player.GoodsInfo2.Pig.OwnNum
0x6628c8b5	Unisex
0x662cd807	UGC.Interior.IsEmissionNightOnly
0x662d97b6	Player.InteriorRoomStyleInfo.Dot07.LastObtainedSec
0x662edd60	Player.HabitInfo2.StandCute.State
0x66309466	Work/Mii/EyeAccessoryParam/Eye013.mii__EyeAccessoryParam.gyml
0x663252a5	ClothShoesBootsLongSanta
0x6637f717	Player.InteriorRoomStyleInfo.Japanese05.InformedNewRelease
0x664bff9e	Place_MapObj_Seesaw_Chat_raw
0x664de39c	EmotionTelopChatSurpriseParasol
0x664e4939	Japan
0x664f5b88	ChangeOneSideLove
0x6659316c	Work/Data/CoordinateClothInfo/Coordinate0067.data__CoordinateClothInfo.gyml
0x665c14be	Work/Data/ClothParam/ClothAllPlumpLongPenguin.data__ClothParam.gyml
0x665f0bbb	House.RoomStyleInfo.Flag.Simple00
0x66602548	IntroductionFirstInterior
0x6660da08	ClothAccessoryNeckSkull
0x6660e14e	LvUPGoods_StreetDance_House_LDKCarpet_raw
0x6661509e	ClothTopslongDressSleevelessBallet
0x66637961	Communicate012
0x66653887	Dream
0x666ad659	EmotionTelopChatDateWalkingRelaxSitOnDiningTable
0x66716627	Player.GoodsInfo2.OneEarphoneIsMisissing.LastObtainedSec
0x66738032	Work/Data/CoordinateAttribute/Coordinate0125.data__CoordinateAttribute.gyml
0x66739147	Player.InteriorRoomStyleInfo.Success00.LastObtainedSec
0x66750c29	Work/Data/ClothParam/ClothHeadwearProtectorBatter.data__ClothParam.gyml
0x6676d65b	House.RoomStyleInfo.Flag.Christmas00
0x667e21c0	Phrase
0x668296b8	Work/Data/CoordinateAttribute/Coordinate0336.data__CoordinateAttribute.gyml
0x6683cd7a	Work/Data/ClothModelParam/ClothShoesHighcutSpace.data__ClothModelParam.gyml
0x66848c7c	Player.GoodsInfo2.SuspiciousSwitch
0x6692ec96	Editor
0x6693f96e	Work/Data/ClothParam/ClothBottomsPantsLongDinosaur.data__ClothParam.gyml
0x6694ced4	UgcInteriorOwnInfo
0x6699e8de	EmotionTelopChatSadGuitarShowAtLivingFloor
0x66a17698	Player.InteriorRoomStyleInfo.Atelier01.OwnNum
0x66a5bfc5	ItemMaracas
0x66a71faf	Work/Confluence/PageInfo/HairAllLegacy021.pp__Confluence__PageInfo.gyml
0x66a7531d	Player.GoodsInfo2.Knob
0x66a76df5	MiiEvent_Event0038CH
0x66b1376c	Player.GoodsInfo2.CDClassic
0x66b1512d	TreasurePetEmotionTelopChatNoFeaturesSitOnTheGround
0x66b1bcf8	Player.InteriorRoomStyleInfo.Asianresort01.State
0x66bb7d66	Player.GoodsInfo2.GrandsonsHand.IsNewlyOwned
0x66bb86df	TravelPlaceN007
0x66c5b224	ObjBook00_ArmLight
0x66c79a50	Group_Knit
0x66c921a5	UGC.Goods.NetworkUuid
0x66cdd92d	MiiHistoryId
0x66dd1e03	ItemCutCake_04
0x66e19b26	EyebrowAngle
0x66e29006	Mii.Belongings.HabitOwnInfo.ChangeCloth.IsOwn
0x66e2a149	ClothHeadwearHatSailor
0x66ecc85e	ObjSF00_Tube
0x66ed4a80	Player.GoodsInfo2.FallenLeaves.IsNewlyOwned
0x66f1016a	Work/Data/Destination/ActionPoint/RoomKitchen_KitchenSink.data__destination__ActionPoint.gyml
0x66f427c8	Pet05
0x66f4bae5	ObjFenceChain_03
0x66f581a7	Work/Data/CoordinateClothInfo/Coordinate0005.data__CoordinateClothInfo.gyml
0x66f831b7	RegionLanguageID
0x66fb8bc1	GameAction
0x66fc5097	Work/Confluence/PageInfo/HairAll079.pp__Confluence__PageInfo.gyml
0x6700088f	LvUPGoods_NotePC_Outdoor_Irritate
0x670096ed	Work/Data/ClothParam/ClothHeadwearCostumeCat.data__ClothParam.gyml
0x670e86ca	Mii.Belongings.RoomStyleInfo.Flag.NeonSign00
0x670e96b9	Work/Data/ClothParam/ClothTopsTshirtLongTailoredJacket.data__ClothParam.gyml
0x671087d4	Player.HabitInfo2.VoiceLoud.OwnNum
0x672980d3	Player.InteriorRoomStyleInfo.Minimul05.FirstObtainedSec
0x67305ba5	Work/Data/Destination/DemoArea/FacilityBuildingShop_FrontAllSpace.data__destination__DemoArea.gyml
0x673a0aa8	Childcare.Pending.HabitOwnInfo.GreetingTypeCackle.IsChecked
0x6747bf1d	FocusLeadingDownSmall
0x674c898b	Player.InteriorRoomStyleInfo.SF05.OwnNum
0x674eab19	ClothTopslongUgcKimonoLong
0x674f48d9	Top
0x675163d2	Work/Data/Destination/ActionDirection/ObjBeachBed_Entrance.data__destination__ActionDirection.gyml
0x67523088	Mii.Belongings.RoomStyleInfo.Flag.WoodBoard00
0x67580d5e	ClothAllCostumeLongBee
0x675c4591	Player.HabitInfo2.WalkToeIn.LastObtainedSec
0x675f1e88	Player.GoodsInfo2.TrophyGold.State
0x675fec63	Unlock.LoverCount
0x67611050	ExpressionType
0x67627197	Player.InteriorRoomStyleInfo.Fantasy00.LastObtainedSec
0x67633186	Work/Data/ClothModelParam/ClothTopsTshirtLongPeasant.data__ClothModelParam.gyml
0x67633dc3	EmotionTelopChatSecretSitOnTerraceBench
0x6765deb2	GameSound
0x6765eda3	Sandglass
0x676f333d	Player.InteriorRoomStyleInfo.Dot07.OwnNum
0x676fcd2e	TreasureGoods_Pet_House_Deject
0x677cc99d	Work/Data/ClothModelParam/ClothHeadwearCostumeFrog.data__ClothModelParam.gyml
0x677f878b	Rich
0x67801fb0	Player.GoodsInfo2.Maracas
0x678075da	UGC.FacePaint
0x6784d3a0	Childcare.Pending.HabitOwnInfo.BreakGas.IsOwn
0x678944a0	Childcare.Pending.HabitOwnInfo.VoiceGloomy.State
0x678f94f4	BuildingShop
0x6791c006	EmotionTelopChatSecretSitOnSofa
0x6795fbaa	Player.CoordinateInfo.OwnInfoArray.IsNewlyOwned
0x679d5832	Work/Data/CoordinateAttribute/Coordinate0250.data__CoordinateAttribute.gyml
0x67a3f9ea	F32
0x67ae4cbd	Childcare.Pending.HabitOwnInfo.BlinkLot.IsOwn
0x67af0bb4	Player.GoodsInfo2.Daruma.LastObtainedSec
0x67b529b8	Player.InteriorRoomStyleInfo.Chinese01.InformedNewRelease
0x67b54869	ObjStreetLampRetro_04
0x67b5b23c	UGC.MapObject.NetworkDeliverCount
0x67b8d9c1	TravelPlaceN012S1
0x67bac0c3	Work/Data/ClothParam/ClothHeadwearGlassStar.data__ClothParam.gyml
0x67c00320	Player.InteriorRoomStyleInfo.Dog01.KeyHash
0x67c961a4	GroupKarateClassHere
0x67d66f5f	Childcare.Pending.HabitOwnInfo.EatCrisp.IsChecked
0x67d89c70	Player.BuildingShopItem
0x67dabc6a	Player.InteriorRoomStyleInfo.Galaxy00.FirstObtainedSec
0x67db64f7	Player.InteriorRoomStyleInfo.Bathroom04.InformedNewRelease
0x67db9323	ObjChristmas00_Fireplace
0x67ddf3cc	ObjFireworksErupting_01
0x67e1505e	FacilityFerrisWheelParts
0x67e1cd9f	Work/Data/CoordinateAttribute/Coordinate0271.data__CoordinateAttribute.gyml
0x67e694b0	ObjSafetyCone_Center
0x67ec5254	MiiEvent_Event0039FL
0x67efdeef	Mushroom
0x67f04aac	Player.InteriorRoomStyleInfo.Marble00.KeyHash
0x67f1d432	Work/Data/CoordinateClothInfo/Coordinate0042.data__CoordinateClothInfo.gyml
0x67f368eb	Player.InteriorRoomStyleInfo.Dog01.LastObtainedSec
0x67f8d9e0	Work/Confluence/PageInfo/HairAllLegacy000.pp__Confluence__PageInfo.gyml
0x6800b263	Work/Data/ClothModelParam/ClothTopslongDressHalfIdol.data__ClothModelParam.gyml
0x680dd9a7	ClothTopsYshirtHalfPatterned
0x680e323f	Work/Data/CoordinateAttribute/Coordinate0206.data__CoordinateAttribute.gyml
0x6811eb8c	Sound_03
0x6817a420	Work/Data/ClothParam/ClothSocksBorder.data__ClothParam.gyml
0x681a61c0	Work/Data/CoordinateClothInfo/Coordinate0324.data__CoordinateClothInfo.gyml
0x681ae117	Large
0x681fc68c	MiiEvent_Event0011CH
0x68206144	Player.InteriorRoomStyleInfo.Lace00.InformedNewRelease
0x68272692	Work/Data/CoordinateAttribute/Coordinate0315.data__CoordinateAttribute.gyml
0x6833d2be	EmotionTelopChatRelaxOnTheGroundSeaSide
0x68343b2c	ItemShopDisplayUgcGoodsHash
0x6835476c	ObjStar00_WallDecoS
0x683565ec	TreasureBookEmotionTelopChatBlushSpeech
0x68432ccc	TextOnlyMii
0x6843a638	Trouble_HungryBread_Success
0x68463368	Work/Data/ClothParam/ClothHeadwearHatSanta.data__ClothParam.gyml
0x684a0b67	ClothHeadwearFullfaceDivingHelmet
0x68511d10	ClothAllMonsterLongFish
0x6854e98d	Work/Confluence/PageInfo/HairBack039.pp__Confluence__PageInfo.gyml
0x6858e7e6	Lovely03
0x6859da1b	ClothAccessoryChestCorsage
0x685a43d8	EyebrowNormalLowAngle
0x6860ecd2	PresentFinish
0x686a3fba	FacilitySupermarket_ViewPos
0x686b4585	en4
0x686c3fe6	Player.HabitInfo2.EatMouthful.LastObtainedSec
0x686f8703	Player.InteriorRoomStyleInfo.Chinese01.LastObtainedSec
0x6873fbe3	Trouble_IslandEditTutorial01_Success
0x68746e02	ClothTopslongAlongSleevelessMultiStripe
0x68753577	Player.InteriorRoomStyleInfo.Stadium02.KeyHash
0x68806a63	NoGroup_Event0039FL
0x68856f93	Mii.Belongings.UgcClothOwnInfo
0x6888685c	Clownfish
0x688c7952	Trouble_HungryVegetable_Failure
0x688d803a	Player.GoodsInfo2.CircleOfWisdom.State
0x6891ba0e	Player.InteriorRoomStyleInfo.Party02.InformedNewRelease
0x6894b262	ObjHeart00_Shelf
0x689e0dd8	RobotS
0x689f9997	TreasureGameEmotionTelopChatDifficultSitOnTheGround
0x68a04bf7	Childcare.Pending.HabitOwnInfo.OftenCrossArms.IsOwn
0x68a126be	Work/Data/ClothModelParam/ClothTopslongUgcAlineHalf.data__ClothModelParam.gyml
0x68a644cb	Image
0x68a7041e	Work/Data/ClothModelParam/ClothBottomsPantsWideBasketball.data__ClothModelParam.gyml
0x68a76778	TreasureMovieEmotionTelopChatScarySitOnSofa
0x68a7995a	Player.InteriorRoomStyleInfo.Party04.IsNewlyOwned
0x68a9ff41	Plant
0x68af134a	Player.SaveDataUniqueHash
0x68b0500a	ObjPinwheel_05
0x68b73a3b	TreasureBookEmotionTelopChatBlushSpeechCircle
0x68bd29f2	VacantLand_5x5_High
0x68c02e3c	MonitorRoom00
0x68c274a1	Work/Confluence/PageInfo/HairAllLegacy020.pp__Confluence__PageInfo.gyml
0x68c86ffd	TreasureGoods_Anything_House_DiningTable_raw
0x68ca0a11	Work/Data/ClothModelParam/ClothAllCostumeLongBird.data__ClothModelParam.gyml
0x68ca24f9	ClothTopsYshirtLongWestern
0x68d9ae98	Childcare.Pending.HabitOwnInfo.GreetingVitality.State
0x68d9eca6	Childcare.Pending.HabitOwnInfo.VoiceGloomy.IsOwn
0x68dd87ff	BlushFeelsGood
0x68e1134e	Mii.CharacterParam.Gaiety
0x68eafb8f	Work/Data/CoordinateClothInfo/Coordinate0141.data__CoordinateClothInfo.gyml
0x68ec9aea	Player.InteriorRoomStyleInfo.MultiDot01.LastObtainedSec
0x68ede498	Colorful
0x68ee7032	TroubleAskPlayerFellowship02
0x68ef8aab	KnowOnesideLoveOrOverFriend
0x68f2f69d	Player.GoodsInfo2.Ghost.LastObtainedSec
0x68f5e1bd	ContentUgcBc3_SRGB
0x68fb962a	DemoDM104074
0x68fdbe46	Player.InteriorRoomStyleInfo.Party06.LastObtainedSec
0x68fe40a1	Player.InteriorRoomStyleInfo.Field00.OwnNum
0x6901ba36	UGC.MapObject.IsNewlyOwned
0x6907d877	ClothTopsTshirtLongPeasant
0x690b6849	MiiEvent_Event0004CH
0x690b833c	Player.InteriorRoomStyleInfo.SmallFlower00.KeyHash
0x69114a2f	Player.GoodsInfo2.GlassZaiku.IsNewlyOwned
0x6911c3ed	Player.InteriorRoomStyleInfo.HoneycombTile02.FirstObtainedSec
0x69171542	Misc_EmotionTelopChatStand
0x691a0e60	MiiWatch
0x691a55cf	RoomKitchen
0x69278fd9	Player.GoodsInfo2.PlasticModelParts.State
0x69333bdc	Player.GoodsInfo2.BookSelfDevelopment.LastObtainedSec
0x69343f50	Player.InteriorRoomStyleInfo.Wedding00.State
0x693812b0	Player.GoodsInfo2.DVDSports.State
0x693ca7c6	TreasureBookEmotionTelopChatDifficultSitOnTheGround
0x6941305c	ClothAccessoryBackGuitarCase
0x694b4484	Work/Mii/EyeAccessoryParam/Eye062.mii__EyeAccessoryParam.gyml
0x694c738b	ClothSocksTights
0x694ef5bd	ChangeCloth
0x6955c173	Player.InteriorRoomStyleInfo.Garage06.State
0x6956181f	Player.GoodsInfo2.TinToy.OwnNum
0x6958c448	Work/Data/ClothParam/ClothHeadwearOrnamentSideFlower.data__ClothParam.gyml
0x6959a2a2	GetAngryTypeHard
0x69610b11	ObjSeesaw_Goal_0
0x69648029	Player.InteriorRoomStyleInfo.WesternStyle01.OwnNum
0x6966926f	Childcare.Pending.HabitOwnInfo.WalkToeIn.IsChecked
0x696d2cae	Player.InteriorRoomStyleInfo.Damask04
0x696e1b38	House.RoomStyleInfo.Flag.WhiteRoom00
0x69719b68	Player.InteriorRoomStyleInfo.Fruit04.InformedNewRelease
0x69728058	EmotionTelopChatSadSitOnTheBench
0x6978c764	Player.InteriorRoomStyleInfo.Horror01.State
0x697be92c	Player.InteriorRoomStyleInfo.Party04.State
0x697cfdc6	Player.GoodsInfo2.MiniTerrarium
0x697dfc6f	EmotionTelopChatRelaxAtRoom
0x698d41c6	ObjSeesaw_Out_1
0x6993769e	NoGroup_Event0027FL
0x699f39aa	Otaku00
0x69a84fa2	Trouble_DepressGiveUpOneSideLove_Failure
0x69b0e410	Work/Data/ClothParam/ClothAllCostumeLongEgg.data__ClothParam.gyml
0x69b380ef	Rotate
0x69b763e2	ClothTopsTshirtLongSkull
0x69ba6018	Work/Data/ClothParam/ClothAccessoryNeckSunglasses.data__ClothParam.gyml
0x69bb3e2e	SetUpLimit
0x69be1bcc	House.RoomStyleInfo.Flag.Market00
0x69c36cef	Street01
0x69c5089e	EmotionTelopChatFervorSitOnTheFerrisWheelEntrance
0x69c96e86	ObjSprinkler_02
0x69cbb9f4	Work/Data/CoordinateClothInfo/Coordinate0114.data__CoordinateClothInfo.gyml
0x69cbef62	TroubleAskPlayerFSGood
0x69cc0f12	Player.InteriorRoomStyleInfo.Abduction00.FirstObtainedSec
0x69cf93f8	EmotionTelopChatLoveNotePCSpeechAtRoom
0x69d426cc	Mii.Belongings.RoomStyleInfo.Flag.Garage02
0x69dcbe40	Work/Data/ClothModelParam/ClothHeadwearOrnamentTopAntenna.data__ClothModelParam.gyml
0x69ddce37	Trouble_ChildBirth_Success
0x69dff89b	MiiNews056
0x69e2f1ef	BeforeEat
0x69eae749	Speed
0x69ebd519	Work/Data/ClothModelParam/ClothHeadwearHatHeart.data__ClothModelParam.gyml
0x69ef6199	Player.InteriorRoomStyleInfo.Stuffed02.OwnNum
0x69f07ec5	ObjRock
0x69f79576	Work/Data/ClothParam/ClothBottomsPantsWideBotanical.data__ClothParam.gyml
0x69fcb7d6	Work/Data/ClothParam/ClothAccessoryWaistCow.data__ClothParam.gyml
0x69fe129d	ClothAllBodySuitLongMummy
0x69ff55b1	Work/Data/ClothModelParam/ClothHeadwearCostumeSheep.data__ClothModelParam.gyml
0x69fff2f1	UGC
0x6a03d83a	Work/Data/CoordinateClothInfo/Coordinate0307.data__CoordinateClothInfo.gyml
0x6a0d6fb2	Work/Data/ClothParam/ClothTopsCoatLongLayered.data__ClothParam.gyml
0x6a139cfa	Place_Facility_Restaurant
0x6a170b26	Front
0x6a179bce	House.RoomStyleInfo.Flag.Marble00
0x6a188833	Work/Data/Destination/ActionPoint/FacilityBuildingShop_ViewPos.data__destination__ActionPoint.gyml
0x6a18af4b	BondInfo
0x6a1dba5b	Dot06
0x6a22a313	Work/Data/ClothModelParam/ClothTopsTshirtSleevelessSimpleCamisole.data__ClothModelParam.gyml
0x6a24d913	Laboratory00
0x6a286790	ClothAllMascotLongArmor
0x6a2fb16e	Floor
0x6a321918	ObjBrooklyn00_WallDecoW
0x6a34fff2	Player.InteriorRoomStyleInfo.Damask06.LastObtainedSec
0x6a36a32d	Player.InteriorRoomStyleInfo.Minimul06.State
0x6a3707d6	Work/Data/ClothModelParam/ClothAccessoryBase.data__ClothModelParam.gyml
0x6a3b2c58	TreasureBookEmotionTelopChatDifficultSitOnTheBench
0x6a3f8319	Mii.Belongings.RoomStyleInfo.Flag.Heart00
0x6a40c5b8	Trouble_DepressRevengeConfessionAfter_Success
0x6a432020	Work/Data/CoordinateAttribute/Coordinate0327.data__CoordinateAttribute.gyml
0x6a464142	Player.GoodsInfo2.YogaSet.IsNewlyOwned
0x6a47283b	LiveTogetherSuccess
0x6a47cf79	Work/Data/ClothParam/ClothHeadwearHatBee.data__ClothParam.gyml
0x6a4d38c5	Player.GoodsInfo2.Bill.OwnNum
0x6a55b7d5	DemoDM104078
0x6a5b5dea	ItemSloppy00_Paper
0x6a5cf885	Player.GoodsInfo2.DVDAnimation.State
0x6a63f93d	DailyLastPlayTime
0x6a669a8f	Work/Data/ClothParam/ClothHeadwearHatBicycle.data__ClothParam.gyml
0x6a66af82	Trouble_ChangeOneSideLove_Failure
0x6a6cf2b2	Work/Data/ClothParam/ClothTopsYshirtHalfPatterned.data__ClothParam.gyml
0x6a6df25c	Work/Data/CoordinateClothInfo/Coordinate0008.data__CoordinateClothInfo.gyml
0x6a6eaa18	Mii.Belongings.RoomStyleInfo.Flag.Garage06
0x6a77eb7e	Honeycomb04
0x6a7a95ce	ClothShoesSandalGladiator
0x6a7c65c0	Mii.MiiMisc.WordInfo
0x6a7d7dde	Work/Data/ClothModelParam/ClothShoesSneakerSimple.data__ClothModelParam.gyml
0x6a8060aa	MapGrid.UnlockAreaGroup
0x6a825877	NoGroup_Event0020FL
0x6a83c204	Work/Confluence/PageInfo/HairAll039.pp__Confluence__PageInfo.gyml
0x6a85a5c3	Player.InteriorRoomStyleInfo.HoneycombTile00.InformedNewRelease
0x6a877c86	Otaku03
0x6a8e95a8	MiiEvent_Event0029CH
0x6a94fea6	Work/Data/ClothParam/ClothTopslongUgcAlineHalf.data__ClothParam.gyml
0x6a967b44	FocusLeadingDownExtraLarge
0x6a995ac5	Demo.DemoEndTimeAry.DemoEndTime
0x6a9e8737	WishIdValue
0x6a9eeb05	Painting
0x6aa11529	Work/Data/ClothModelParam/ClothTopslongOverallLongRacingSuit.data__ClothModelParam.gyml
0x6aa28b69	Work/Data/ClothModelParam/ClothSocksStarLeggings.data__ClothModelParam.gyml
0x6aa59767	Work/Confluence/PageInfo/HairAll018.pp__Confluence__PageInfo.gyml
0x6aae6543	Work/Data/CoordinateAttribute/Coordinate0136.data__CoordinateAttribute.gyml
0x6ab62435	Work/Data/ClothModelParam/ClothBottomsSkirtBoxCheck.data__ClothModelParam.gyml
0x6aba40bb	EmotionTelopChatImpressedGuitarShowAtRoom
0x6ac07237	Place_Facility_Fountain_WithLoversOnly_raw
0x6ac25448	CDRock
0x6ac2eb8c	Work/Data/ClothParam/ClothTopsTshirtHalfFruits.data__ClothParam.gyml
0x6ac57c8d	LvUPGoods_Knitting_House_raw
0x6ac8b6b4	Player.GoodsInfo2.Screw
0x6ac8cf21	Work/Confluence/PageInfo/HairParts016.pp__Confluence__PageInfo.gyml
0x6ace2c00	Trouble_LiveTogether_Failure
0x6ad0781f	UGC.MapFloor.PlayerName
0x6ad8d24a	RoomDoorToilet
0x6add935f	Player.HabitInfo2.FaceLousy.OwnNum
0x6ae1477d	Pretzel
0x6aeaa5b9	KnittingNeedle_Use_Right
0x6aefc1bc	Player.GoodsInfo2.TrophyGold.LastObtainedSec
0x6af25942	SeasonalLiberationHalloween
0x6af6cdad	Player.InteriorRoomStyleInfo.SmallFlower06.State
0x6afe5d14	Work/Data/ClothParam/ClothTopsYshirtLongUniquePattern.data__ClothParam.gyml
0x6afff7f9	Player.InteriorRoomStyleInfo.Party00.InformedNewRelease
0x6b00a8b2	TreasureGoods_Pet_House_Irritate
0x6b012a46	Dir2x2Grid_TableBench
0x6b041c85	Work/Data/ClothModelParam/ClothHeadwearCostumeLion.data__ClothModelParam.gyml
0x6b04225d	ClothTopsCoatLongMods
0x6b042e50	ClothAccessoryNeckLoopTie
0x6b056205	Work/Data/ClothModelParam/ClothAccessoryNeckBowTie.data__ClothModelParam.gyml
0x6b060377	JomonPottery
0x6b0bd38b	Mii.Belongings.HabitOwnInfo.StandPutsGlasses
0x6b0f5a3e	EyeOption
0x6b10d8ac	Mid
0x6b11c197	CoordinateFixed
0x6b1708e9	LookSkyDay
0x6b1ba87c	EmotionTelopChatSecretSitOnTheFerrisWheelEntrance
0x6b1eaf3c	Scale
0x6b2f1ed7	Cherry
0x6b35ed03	IslandFree
0x6b3a0d2c	Player.GoodsInfo2.NatureDVD.IsNewlyOwned
0x6b471ab3	Work/Confluence/PageInfo/HairAllLegacy126.pp__Confluence__PageInfo.gyml
0x6b4c4d58	Player.InteriorRoomStyleInfo.StainedGlass02.State
0x6b4d4e0b	Player.InteriorRoomStyleInfo.Fantasy00.IsNewlyOwned
0x6b5216b7	ObjAsianResort00_Plant
0x6b53ef54	ObjTreeCactus_Center
0x6b552914	MapGrid.GridX.GridZ.UgcIndex
0x6b55db70	Player.InteriorRoomStyleInfo.SmallFlower04.LastObtainedSec
0x6b59e276	Player.InteriorRoomStyleInfo.Triangle00.LastObtainedSec
0x6b5bba89	Work/Data/ClothModelParam/ClothShoesSandalBeach.data__ClothModelParam.gyml
0x6b64e046	Player.InteriorRoomStyleInfo.Minimul04.FirstObtainedSec
0x6b66e9b7	Player.GoodsInfo2.WoodenCarvingBear.LastObtainedSec
0x6b67126a	Player.InteriorRoomStyleInfo.BigFlower00.LastObtainedSec
0x6b76c8f1	NoGroup_Event0008CH
0x6b7ae660	Work/Data/ClothModelParam/ClothTopsYshirtLongRetroCheck.data__ClothModelParam.gyml
0x6b7f9fdf	Player.InteriorRoomStyleInfo.Heart00.KeyHash
0x6b834bfa	Work/Data/ClothModelParam/ClothHeadwearHatPolice.data__ClothModelParam.gyml
0x6b834fa2	Mii.Belongings.HabitOwnInfo.GreetingTypeShallow.State
0x6b924271	ClothTopsOuterSleevelessHoodie
0x6b9245da	Work/Data/ClothParam/ClothTopslongDressHalfChinaPoblana.data__ClothParam.gyml
0x6b975fa3	MiiEvent_DisillusionedWithOnesideLover
0x6b97ba2b	Work/Data/ClothParam/ClothTopsOuterLongPatterned.data__ClothParam.gyml
0x6b98a97e	TravelPlaceN004S2
0x6b9a783f	Work/Data/ClothModelParam/ClothHeadwearHatPointy.data__ClothModelParam.gyml
0x6b9b5358	Player.GoodsInfo2.ExpensivePot.State
0x6ba16bc2	Work/Data/ClothModelParam/ClothTopsUgcTshirtLong.data__ClothModelParam.gyml
0x6ba3b10a	ClothLooksGood
0x6ba4515f	Work/Data/ClothParam/ClothHeadwearHatCloche.data__ClothParam.gyml
0x6ba89704	East
0x6bab2705	Player.HabitInfo2.FaceOpenEyes
0x6bb0b716	Work/Data/CoordinateAttribute/Coordinate0020.data__CoordinateAttribute.gyml
0x6bb3e147	ItemDrinkPlasticbottle
0x6bb47ef9	Work/Data/ClothParam/ClothHeadwearGlassMasquerade.data__ClothParam.gyml
0x6bb8c19c	Work/Data/ClothParam/ClothSocksBackRibbon.data__ClothParam.gyml
0x6bb96df9	Childcare.Pending.HabitOwnInfo.WalkUneasily
0x6bbf5ef2	IsLayingLifted
0x6bc292dd	Dot01
0x6bc3f654	Work/Data/ClothParam/ClothAccessoryNeckWhistle.data__ClothParam.gyml
0x6bc4b81e	Work/Data/ClothParam/ClothShoesPointedStuds.data__ClothParam.gyml
0x6bcad586	Childcare.Pending.HabitOwnInfo.BreakGas
0x6bce1ed1	Work/Data/CoordinateClothInfo/Coordinate0131.data__CoordinateClothInfo.gyml
0x6bd0c503	Work/Data/CoordinateAttribute/Coordinate0274.data__CoordinateAttribute.gyml
0x6bd0e4b4	ItemKnittingNeedleRight
0x6bd839c0	UGC.Goods.GoodsTextRegionLanguageID
0x6bdfea86	WalkUnsteady
0x6be02d29	EmotionTelopChatDarkParasol
0x6be1591e	Work/Data/ClothParam/ClothTopsYshirtHalfGrunge.data__ClothParam.gyml
0x6be2843b	PriorityP
0x6be3ab9c	ObjFenceChain_06
0x6be60454	HouseDollHouseBathWindowIcon
0x6be8d72a	Player.BondInfo.LotteryForBad
0x6beccd82	MakeLaughToDeject
0x6bef9887	Mii.MiiMisc.BalloonTalkInfo.LastTalkHistoryId
0x6bf2d2d5	ClothTopsYshirtLongGrunge
0x6bf56a61	House.RoomSettings
0x6bfb3dcc	Work/Data/ClothModelParam/ClothAccessoryMufflerStole.data__ClothModelParam.gyml
0x6c02ab8a	Player.InteriorRoomStyleInfo.Japanese01.IsNewlyOwned
0x6c041b4a	MiiLevelUpCount
0x6c04ba61	Work/Data/ClothParam/ClothShoesSneakerKids.data__ClothParam.gyml
0x6c095c36	Cool
0x6c0c4063	Player.GoodsInfo2.Dog.IsNewlyOwned
0x6c15df5c	Work/Data/ClothParam/ClothTopsYshirtSleevelessStripe.data__ClothParam.gyml
0x6c169305	Work/Confluence/PageInfo/HairAll067.pp__Confluence__PageInfo.gyml
0x6c1abdd5	Player.GoodsInfo2.TreeBranch.OwnNum
0x6c20f33a	Work/Data/ClothParam/ClothShoesBootsShortLaceUp.data__ClothParam.gyml
0x6c2116e5	Childcare.Pending.HabitOwnInfo.EatSmell.IsChecked
0x6c297766	Player.InteriorRoomStyleInfo.Minimul07.KeyHash
0x6c2d203d	Player.GoodsInfo2.Octopus
0x6c3773a5	Player.HabitInfo2.Chicken.LastObtainedSec
0x6c3c69bc	Work/Data/ClothParam/ClothHeadwearHatSchool.data__ClothParam.gyml
0x6c496a5d	Player.HabitInfo2.GreetingShy.OwnNum
0x6c4a1212	Player.InteriorRoomStyleInfo.Field01.InformedNewRelease
0x6c4bb65f	Player.HabitInfo2.EatWild.IsNewlyOwned
0x6c4d880d	WalkUneasily
0x6c4f7e2c	Dir1Grid_Bell
0x6c4fccf1	Work/Data/ClothParam/ClothTopsOuterSleevelessParka.data__ClothParam.gyml
0x6c5557b8	Work/Data/ClothParam/ClothSocksFrilled.data__ClothParam.gyml
0x6c55bbb2	MultiStripe05
0x6c59a3d4	MakeupBox
0x6c5dc234	Player.HabitInfo2.GetAngryTypeBrightly.OwnNum
0x6c5dfc0a	Work/Data/CoordinateClothInfo/Coordinate0030.data__CoordinateClothInfo.gyml
0x6c62ac42	TreasureGoods_Pet_NotSpeech_Outdoor
0x6c6439ab	EmotionTelopChatImpressedGuitarShow
0x6c7f5fc5	Env
0x6c82b821	Work/Data/CoordinateClothInfo/Coordinate0056.data__CoordinateClothInfo.gyml
0x6c8753b6	Work/Data/Destination/ActionArea/FacilityFountain_Area00.data__destination__ActionArea.gyml
0x6c8a4fe4	Work/Data/ClothModelParam/ClothTopsTshirtHalfVneck.data__ClothModelParam.gyml
0x6c8ea6fb	Habit
0x6c91da72	Interaction
0x6c91dc8e	Tissue
0x6c94adcd	Player.InteriorRoomStyleInfo.Fruit05.OwnNum
0x6c993313	Mii.Belongings.HabitOwnInfo.FaceRaiseEyebrows.State
0x6c9e2262	Work/Data/ClothParam/ClothBottomsPantsWideCargoHalf.data__ClothParam.gyml
0x6c9ee0e1	DemoPR000121
0x6c9fa116	Player.InteriorRoomStyleInfo.SF00.FirstObtainedSec
0x6ca06e8c	ObjNobility00_Commode
0x6ca670a2	ClothAccessoryChestFeather
0x6ca95e93	ElectronicSubstrate
0x6cb1ee93	StyleGroup_IceRink00
0x6cbc3cb4	Black
0x6cbc78c0	TreasureGoods_Game_Outdoor_raw
0x6cbcaae8	Work/Data/ClothModelParam/ClothTopsYshirtHalfGrunge.data__ClothModelParam.gyml
0x6cbd3d5c	Player.InteriorRoomStyleInfo.StarPrint04.KeyHash
0x6cbed9c3	ItemBookBoth
0x6cc0a8ab	Work/Data/ClothParam/ClothShoesHighcutSneaker.data__ClothParam.gyml
0x6cc894f1	Island-Facilities
0x6ccba6d7	Player.TroubleInfo.ResolveSuccessCount
0x6cccfe30	Work/Data/ClothModelParam/ClothHeadwearOrnamentFrontHairCurler.data__ClothModelParam.gyml
0x6ccd3f1f	Player.InteriorRoomStyleInfo.DropCurtain00.FirstObtainedSec
0x6cce8f69	Work/Data/ClothParam/ClothHeadwearGlassGoggle.data__ClothParam.gyml
0x6cd003ad	Player.InteriorRoomStyleInfo.MonitorRoom02.State
0x6cd0e1aa	Work/Data/ClothParam/ClothBottomsPantsLongCyber.data__ClothParam.gyml
0x6cdbbf2f	Stuffed00
0x6ce3ca22	ClothBottomsPantsWideChain
0x6ce94f28	Player.GoodsInfo2.GameHorror.OwnNum
0x6ce96b9c	FacilityItemShopBookR
0x6cec276e	Trial.IsSuccessImportTrialSaveData
0x6cf484f4	Mii.MiiMisc.BirthdayInfo.Month
0x6cf86603	Work/Data/ClothParam/ClothShoesStandardDeck.data__ClothParam.gyml
0x6d001ab7	ObjTrafficLight_07
0x6d06f633	ClothTopslongDressHalfPolkaDot
0x6d0cb42c	FLeadingInviting
0x6d13f5e6	Work/Data/ClothModelParam/ClothTopsYshirtLongShirtCardigan.data__ClothModelParam.gyml
0x6d154ee2	MiiEvent_Event0040FL2
0x6d1760bd	Player.InteriorRoomStyleInfo.Gym00.FirstObtainedSec
0x6d181521	TreasureGoods_Movie_House_Sofa_raw
0x6d18c2b8	NoGroup_Event0022FL3
0x6d21d733	DropFromTree_OBJ
0x6d340a80	Player.GoodsInfo2.Slime.OwnNum
0x6d36c261	Player.GoodsInfo2.Quoll
0x6d3de954	EmotionTelopChatDarkLamp
0x6d4073c1	ClothAccessoryNeckCoin
0x6d43b5c7	Player.GoodsInfo2.Maracas.IsNewlyOwned
0x6d445df7	DailyLog.AiCountByFocusLeading
0x6d477e91	ClothTopslongDressHalfWitch
0x6d48b300	Work/Data/ClothParam/ClothHeadwearMaskPrintMask.data__ClothParam.gyml
0x6d48f8e2	UGC.Food.Hash
0x6d58f27a	Work/Data/ClothModelParam/ClothAllPlumpLongPierrot.data__ClothModelParam.gyml
0x6d5fb8e3	Rain00
0x6d6b29b1	Normal-Good
0x6d72638a	PrioritySRankMinus
0x6d76f331	Player.InteriorRoomStyleInfo.StarPrint01.IsNewlyOwned
0x6d789b52	Work/Confluence/PageInfo/HairFront042.pp__Confluence__PageInfo.gyml
0x6d7cb60c	Childcare.Pending.HabitOwnInfo.StandAffected.IsOwn
0x6d7dfc4d	Drink
0x6d838c43	Liberation.SeasonInfo.OrderRenovationLifted
0x6d842acc	UGC.MapFloor.Price
0x6d856564	Trouble_ClothEChristmas_Failure
0x6d886027	UGC.FacePaint.NetworkUuid
0x6d8b311b	GroupAction_ExLoverBecomeLoversAgain
0x6d8c4b83	Work/Confluence/PageInfo/HairBack004.pp__Confluence__PageInfo.gyml
0x6d8fb5f6	Player.GoodsInfo2.KokeshiDoll.IsNewlyOwned
0x6d949baf	Childcare.Pending.HabitOwnInfo.StandSweatLot.State
0x6d9d7c68	Player.InteriorRoomStyleInfo.Garage03.InformedNewRelease
0x6da23a72	Player.GoodsInfo2.DVDHorror.OwnNum
0x6daa3f9f	ClothAccessoryNeckColorBeads
0x6daf6f9d	Player.InteriorRoomStyleInfo.Damask04.KeyHash
0x6db42ced	Mii.Belongings.RoomStyleInfo.Flag.Nobility00
0x6db800e9	FoodGoods_All
0x6dc21de8	NoGroup_Event0019FL
0x6dc3b7bd	Trouble_Cloth2Fresh_Success
0x6dc416a0	Work/Data/ClothModelParam/ClothTopsCoatLongPirate.data__ClothModelParam.gyml
0x6dd0d1d3	Childcare.Pending.HabitOwnInfo.GreetingAnnoying.State
0x6dd323c8	EmotionTelopChatLaughSitKnittingOnTheHouseDeck
0x6dd84606	GroupJump
0x6dd97d9c	FocusLeadingUpLarge
0x6ddc0982	Player.HabitInfo2.FaceRaiseEyebrows
0x6de22526	Player.InteriorRoomStyleInfo.LightStick02.State
0x6ded0067	House.RoomStyleInfo.Flag.WesternStyle01
0x6dee42d7	HostIOPhotoQuarter
0x6dee5d3c	RoomDollHouseLDK_SofaCarpet
0x6df506e9	TreasureRecordEmotionTelopChatImpressedSpeech
0x6df6e737	Work/Data/ClothParam/ClothAccessoryBackMusicalNote.data__ClothParam.gyml
0x6df8ee99	Negative
0x6dfa5726	ObjBenchPark_07
0x6dfaa932	Work/Data/CoordinateAttribute/Coordinate0008.data__CoordinateAttribute.gyml
0x6dfbfb8c	Mii.Belongings.RoomStyleInfo.Flag.Damask06
0x6dfd1ac7	Work/Data/ClothParam/ClothSocksBicolor.data__ClothParam.gyml
0x6dfd78b8	Player.GoodsInfo2.RestaurantMenu.IsNewlyOwned
0x6e00ce64	Relation.Info.IsNotifiedBloodTypeCouple
0x6e08684f	Player.InteriorRoomStyleInfo.Antarctic00
0x6e0beb0a	Player.GoodsInfo2.PlasterFigure.State
0x6e0f2223	Player.InteriorRoomStyleInfo.Triangle03.KeyHash
0x6e0f5ddc	ObjFenceGuardpipe_02
0x6e1251e8	Player.InteriorRoomStyleInfo.MultiDot03.LastObtainedSec
0x6e129cfb	Work/Component/DestinationInfo/ItemWedding00_Chair.actor__DestinationInfo.gyml
0x6e1a3485	Player.GoodsInfo2.Alpaca.OwnNum
0x6e1a9181	Red
0x6e1c045d	MiiToMyself
0x6e1ccbc8	Work/Component/DestinationInfo/FacilityPawnShop.actor__DestinationInfo.gyml
0x6e216056	Player.InteriorRoomStyleInfo.WoodBoard01.IsNewlyOwned
0x6e2333c2	UgcId
0x6e2bcfbc	ItemType
0x6e2c2ea7	Work/Confluence/PageInfo/HairParts003.pp__Confluence__PageInfo.gyml
0x6e2f57e4	SmallFlower02
0x6e311a4e	Player.InteriorRoomStyleInfo.StainedGlass00.FirstObtainedSec
0x6e31a9ce	LiveApartSuccess
0x6e348adf	Player.InteriorRoomStyleInfo.SF03.State
0x6e3b463e	Player.InteriorRoomStyleInfo.Garden00.LastObtainedSec
0x6e401ff0	TreasureRecordEmotionTelopChatScarySitOnTheGround
0x6e4212dc	Work/Data/ClothParam/ClothHeadwearHatTiedye.data__ClothParam.gyml
0x6e484219	Natural02
0x6e4e0adf	Player.InteriorRoomStyleInfo.Pirate00.State
0x6e4e3575	TreasureBookEmotionTelopChatImpressedAtLivingFloor
0x6e576819	Work/Data/ClothModelParam/ClothHeadwearCostumeRabbit.data__ClothModelParam.gyml
0x6e58ffe8	LvUPGoods_Guitar_Show_House
0x6e5e424c	ObjFlowerpot_04
0x6e6810ef	Player.InteriorRoomStyleInfo.Minimul06.LastObtainedSec
0x6e6c86f9	Work/Confluence/PageInfo/HairParts020.pp__Confluence__PageInfo.gyml
0x6e7059d3	Player.GoodsInfo2.BrushSilver.OwnNum
0x6e728262	Mii.Belongings.HabitOwnInfo.TakeItOutOnObject.State
0x6e75a2cb	Steampunk00
0x6e77b41c	Player.InteriorRoomStyleInfo.Fantasy01.InformedNewRelease
0x6e7ba1a3	Player.InteriorRoomStyleInfo.Minimul00.KeyHash
0x6e7edbc4	HoneycombTile00
0x6e7fa85d	PresentExteriorCount
0x6e83aa7d	TreasureAnythingEmotionTelopChatNoveltyAtLivingFloor
0x6e849a3b	Work/Data/ClothModelParam/ClothHeadwearGlassStar.data__ClothModelParam.gyml
0x6e8ecd20	FirstBootTime
0x6e8f5441	StyleGroup_Labo00
0x6e902c2f	WatchTVLivingFloorGroup
0x6e948971	EmotionTelopChatSurpriseGroundLight
0x6e9ad537	Center
0x6e9d2a6d	TroubleInfo
0x6ea67fb6	UGC.Cloth.OwnNum
0x6ea6ec31	RejectHairChangeGameTime
0x6ead086a	Work/Data/CoordinateAttribute/Coordinate0267.data__CoordinateAttribute.gyml
0x6ead66d5	Player.GoodsInfo2.DarumaDrop.State
0x6eb41f3a	Bad01
0x6eb4472b	ObjDrinkingFountain_04
0x6eb91fc9	Player.InteriorRoomStyleInfo.Book02.IsNewlyOwned
0x6ed90e34	Work/Data/CoordinateAttribute/Coordinate0280.data__CoordinateAttribute.gyml
0x6ee0d7e1	Work/Confluence/PageInfo/HairAll003.pp__Confluence__PageInfo.gyml
0x6ee0f1ed	ClothTopslongSalopetteHalfSafari
0x6ee4e5cd	WoodBoard07
0x6ee83b6a	FirstPerson
0x6ee9b0e4	Dir1Grid_TrafficLight
0x6eebafba	ClothShoesMuleStrappy
0x6eec81ea	Work/Data/ClothParam/ClothHeadwearCoverFlower.data__ClothParam.gyml
0x6ef4bd7d	LvUPGoods_Guitar_Outdoor_Irritate
0x6ef4be6b	Work/Data/ClothParam/ClothAccessoryChestAntique.data__ClothParam.gyml
0x6ef882ab	Work/Data/CoordinateAttribute/Coordinate0314.data__CoordinateAttribute.gyml
0x6efeeb40	MiiEvent_DropFromTree_Mii_CH
0x6f04a92f	Happy
0x6f0670e1	Player.GoodsInfo2.Ruby.LastObtainedSec
0x6f084973	ItemMicrophone
0x6f14173f	Skirt
0x6f1a075c	UGC.Food.IsCopy
0x6f3777f5	Work/Data/CoordinateClothInfo/Coordinate0163.data__CoordinateClothInfo.gyml
0x6f3b86f9	MouthSmile
0x6f3f8c6d	ClothSocksHeart
0x6f41a267	Work/Data/CoordinateAttribute/Coordinate0164.data__CoordinateAttribute.gyml
0x6f4511e6	Player.InteriorRoomStyleInfo.Camouflage03.IsNewlyOwned
0x6f49e357	Fairy
0x6f4ec517	ClothTopsSarashi
0x6f4eec17	Childcare.Pending.HabitOwnInfo.ChangeCloth
0x6f4f3157	NoGroup_Event0046FL
0x6f51ccfb	Mii.Belongings.HabitOwnInfo.GreetingHeadOnly.IsOwn
0x6f52e9de	EruptingFireWorkGroup
0x6f5517e2	AmethystDome
0x6f5713ae	Place_House_TV
0x6f59eafe	NaturalFloor00
0x6f5ae263	Player.InteriorRoomStyleInfo.Cute01.State
0x6f66d7ea	Work/Data/ClothModelParam/ClothTopslongBoxDressLongShirt.data__ClothModelParam.gyml
0x6f66dbb7	Player.InteriorRoomStyleInfo.Otaku00.IsNewlyOwned
0x6f6e7841	ObjColorBox00_Light
0x6f77d83d	House.RoomStyleInfo.Flag.WesternStyle05
0x6f847e4e	Player.HabitInfo2.WalkStoop.OwnNum
0x6f883467	Player.InteriorRoomStyleInfo.TropicalSea00.LastObtainedSec
0x6f885262	Player.HabitInfo2.VoiceShiny.State
0x6f89c220	Player.HabitInfo2.GetAngryTypeRegretfulTears.OwnNum
0x6f89e959	TreasureGameEmotionTelopChatInterestingSitOnTheGroundCircle
0x6f8a029b	House.RoomStyleInfo.Flag.HoneycombTile04
0x6f8c3a7f	ObjGigantic00_BuildingWLDK
0x6f8e2ac5	ConfessionSuccessCount
0x6f8ed874	LvUPGoods_Maracas_House_Room_raw
0x6f90d56c	Player.GoodsInfo2.Ohsho.IsNewlyOwned
0x6f930e54	Cold
0x6f93ffbd	UGC.Food.AttrType
0x6f96359e	ObjLighthouse_07
0x6f9d3072	TreasureBookEmotionTelopChatImpressedAtRoomSpeech
0x6fa49376	Coordinate0199
0x6fb3b705	MiiEvent
0x6fb73eda	BookHorror
0x6fb92dab	Player.InteriorRoomStyleInfo.BlueSheet00.State
0x6fbdc26f	Player.InteriorRoomStyleInfo.WesternStyle01.IsNewlyOwned
0x6fbfe58a	Work/Confluence/PageInfo/HairAllLegacy044.pp__Confluence__PageInfo.gyml
0x6fc26eb6	ClothAllBodySuitLongDevil
0x6fc295f0	Player.InteriorRoomStyleInfo.Fruit02
0x6fc31754	Work/Confluence/PageInfo/HairAllLegacy064.pp__Confluence__PageInfo.gyml
0x6fc559be	Work/Data/ClothParam/ClothAccessoryChestNameTag.data__ClothParam.gyml
0x6fcb6919	Player.InteriorRoomStyleInfo.Heart04
0x6fcf12ec	Player.InteriorRoomStyleInfo.NeonSign00.KeyHash
0x6fd5a0c0	Work/Data/ClothModelParam/ClothHeadwearHatBeretCheck.data__ClothModelParam.gyml
0x6fdc8aee	Player.InteriorRoomStyleInfo.Galaxy00.LastObtainedSec
0x6fdd4ac9	Event0017FL
0x6fe08db1	ObjSprinkler_05
0x6fe1feb3	FerrisWheelGroup
0x6fec771c	Work/Data/ClothModelParam/ClothTopslongKimonoLongRobe.data__ClothModelParam.gyml
0x6fefcfc6	BigFlower00
0x6ff2f1a3	Work/Data/CoordinateClothInfo/Coordinate0153.data__CoordinateClothInfo.gyml
0x6ff359e0	Player.HabitInfo2.ExpressionLess.LastObtainedSec
0x70075ff9	Player.InteriorRoomStyleInfo.SmallFlower07.IsNewlyOwned
0x70092b6b	Trouble_HungryFruit_Success
0x700bb5be	TreasurePetEmotionTelopChatNoveltySitOnTheGround
0x700de15f	Work/Confluence/PageInfo/HairBack056.pp__Confluence__PageInfo.gyml
0x700fd297	Player.GoodsInfo2.BrushPlatinum
0x7014e68b	MiiEventInfo
0x70197eb5	Player.GoodsInfo2.TrainModel.LastObtainedSec
0x701b3a91	Work/Data/ClothParam/ClothTopsOuterLongFlower.data__ClothParam.gyml
0x701f8f2a	Childcare.Pending.HabitOwnInfo.StandRestless
0x701fe683	Work/Data/ClothModelParam/ClothTopsCoatLongMods.data__ClothModelParam.gyml
0x70260f91	ItemSnowman_Nose_Demo
0x702d6fb9	Work/Data/ClothParam/ClothHeadwearHatWork.data__ClothParam.gyml
0x703059ac	Player.InteriorRoomStyleInfo.Market00.IsNewlyOwned
0x7031279a	NoGroup_Event0034FL
0x7031cda1	Work/Data/ClothModelParam/ClothHeadwearHatCook.data__ClothModelParam.gyml
0x70341f2d	Work/Confluence/PageInfo/HairParts014.pp__Confluence__PageInfo.gyml
0x7035cea1	Work/Data/ClothModelParam/ClothHeadwearCostumeHamster.data__ClothModelParam.gyml
0x7035e8f3	Work/Data/ClothParam/ClothTopsTshirtHalfGeometric.data__ClothParam.gyml
0x7036687b	Place_Facility_ALL_Chat_raw
0x703778db	Work/Data/CoordinateClothInfo/Coordinate0331.data__CoordinateClothInfo.gyml
0x70386662	Player.GoodsInfo2.Stopwatch.LastObtainedSec
0x703e3bc3	Pet08
0x70459758	LvUPGoods_Maracas_Outdoor_raw
0x7046c84c	Player.GoodsInfo2.DVDWideShow.OwnNum
0x704b241f	ViewFromFerrisWheel
0x705054ec	MiiEvent_Event0021CH
0x70532d16	ClothShoesPumpsLeopard
0x7055c4d4	House.RoomStyleInfo.Flag.MultiDot01
0x706269c2	Event0020CH2
0x70658f8a	Player.InteriorRoomStyleInfo.DropCurtain00.State
0x7067e722	House.RoomStyleInfo.Flag.Fruit03
0x706abb01	UGC.Cloth.PlayerName
0x70712813	House.RoomStyleInfo.Flag.DropCurtain00
0x707992fa	Work/Confluence/PageInfo/HairAllLegacy127.pp__Confluence__PageInfo.gyml
0x7079f705	Player.InteriorRoomStyleInfo.Triangle05.InformedNewRelease
0x707a813d	Work/Data/ClothParam/ClothTopslongBoxDressLongGown.data__ClothParam.gyml
0x707f603f	Other_Know
0x70830631	Work/Data/CoordinateAttribute/Coordinate0029.data__CoordinateAttribute.gyml
0x70832d81	ClothTopslongAlongSleevelessMermaid
0x7087026f	Mii.Belongings.RoomStyleInfo.Flag.Book01
0x70881c80	DVDCooking
0x70887561	ObjTreeCherry_Center
0x708aeeb1	LvUPGoods_NotePC_Outdoor_raw
0x708aefeb	ObjRock_02
0x708e55f4	LiveTogetherNewsHouseSuccess
0x708fa072	UpperRight
0x7090bad4	Work/Data/CoordinateAttribute/Coordinate0185.data__CoordinateAttribute.gyml
0x7097829c	Mii.Belongings.HabitOwnInfo.StandLeanForward.State
0x7099dc2f	Player.InteriorRoomStyleInfo.Rain00.FirstObtainedSec
0x709a62cb	Work/Data/ClothModelParam/ClothBottomsPantsWideCamouflage.data__ClothModelParam.gyml
0x709d0b8b	Player.GoodsInfo2.CoinGold
0x70a3e522	StraddleAfSourcesSeesawIndex0
0x70a8a7cf	Player.InteriorRoomStyleInfo.LightStick00.IsNewlyOwned
0x70ae89e1	Player.GoodsInfo2.LightBulb.OwnNum
0x70aff6b2	TreasureBookEmotionTelopChatInterestingAtRoomSpeech
0x70b7877c	GenerateCount
0x70b94da7	EUfr
0x70c05428	Work/Data/CoordinateClothInfo/Coordinate0003.data__CoordinateClothInfo.gyml
0x70c10367	Island
0x70c54bdd	Player.HabitInfo2.StomachSmall.LastObtainedSec
0x70c91608	UGC.Cloth.LastObtainedSec
0x70ca7dcd	Work/Data/ClothParam/ClothAccessoryNeckLeatherChoker.data__ClothParam.gyml
0x70ccb86d	UGC.Food.OwnNum
0x70ccf14b	ObjTreeCherry
0x70cdb41a	Work/Data/ClothParam/ClothHeadwearHatPierrot.data__ClothParam.gyml
0x70cf298a	Work/Data/ClothModelParam/ClothShoesSneakerHighTec.data__ClothModelParam.gyml
0x70d10a48	UGC.Goods.TextureSourceType
0x70d633c3	Work/Confluence/PageInfo/HairAllLegacy109.pp__Confluence__PageInfo.gyml
0x70dcfb38	ClothAllCylinderLongCorn
0x70df3f63	ObjFantasy00_PlantA
0x70e74cd4	Event0035FL
0x70e8fcad	Work/Data/ClothParam/ClothTopslongDressHalfIdol.data__ClothParam.gyml
0x70f1acbe	ObjFenceStake_05
0x70f28e57	Work/Confluence/PageInfo/HairAll111.pp__Confluence__PageInfo.gyml
0x70f5b8f2	Player.HabitInfo2.GreetingShy.LastObtainedSec
0x70fcef92	PushUpSchoolField
0x70ff536b	Player.GoodsInfo2.Nekojarashi
0x71006717	Work/Data/ClothModelParam/ClothHeadwearFullmaskPaperBag.data__ClothModelParam.gyml
0x71031641	Player.InteriorRoomStyleInfo.GardenWedding00.State
0x710c57ab	ClothTopslongOverallLongCatcher
0x710e4d6d	TreasureAnythingEmotionTelopChatInterestingSitOnTheGround
0x7112aa29	Group_Event0000
0x7114cf82	Party02
0x7117670a	CeladonTeapot
0x7121f439	LoveWantedBad
0x712305b9	UGC.FacePaint.EntryTime
0x712888c0	Player.HabitInfo2.StandRestless.LastObtainedSec
0x7128e299	ProposalSuccessCount
0x7132c546	Relation.Info.RelationId
0x7137a07c	ObjStreetLampRetro_07
0x7138444f	NaturalFloor03
0x7138b906	ItemPercussion
0x7139ab40	Player.InteriorRoomStyleInfo.StarPrint02.KeyHash
0x713c3230	Player.GoodsInfo2.Crystal
0x713c548b	NoGroup_Event0040CH
0x713e3cae	ClothTopsYshirtLongSafetyVest
0x7141ba06	Work/Data/CoordinateAttribute/Coordinate0069.data__CoordinateAttribute.gyml
0x71432e06	AttributeGoods
0x71467062	RoomKitchen_KitchenSink
0x71476eaa	Work/Data/ClothModelParam/ClothTopsOuterLongHeart.data__ClothModelParam.gyml
0x714e5c21	TreasureBookEmotionTelopChatBlushSitOnFountain
0x714f3d69	Work/Data/ClothModelParam/ClothSocksTabi.data__ClothModelParam.gyml
0x7154fcef	House.RoomStyleInfo.Flag.Book02
0x7156db00	Work/Data/ClothModelParam/ClothHeadwearGlassMasquerade.data__ClothModelParam.gyml
0x715727e8	Place_MapObj_Sprinkler_raw
0x715ab967	Mii.Name.NameRegionLanguageID
0x71619c3a	Player.GoodsInfo2.GameEducation.State
0x71621c98	UGC.Cloth.IsEmissionNightOnly
0x71648329	Player.InteriorRoomStyleInfo.Garage00.InformedNewRelease
0x7168064e	Player.InteriorRoomStyleInfo.Book02.LastObtainedSec
0x71743d7a	ObjTrain00_WallN
0x7179c155	Item_Wrist_Both_Calc
0x717eac1b	Floppy
0x717eef45	Player.HabitInfo2.ChangeCloth.LastObtainedSec
0x717ef25a	Work/Data/CoordinateAttribute/Coordinate0237.data__CoordinateAttribute.gyml
0x717fb364	ClothShopDailyItem
0x7186b985	Player.MiiBirthdayNews.LastWatchedTime
0x7186dd93	Work/Confluence/PageInfo/HairFront014.pp__Confluence__PageInfo.gyml
0x71962189	UGC.Food.PlayerNameRegionLanguageID
0x7196cf47	FacilityNormalParts
0x7197fefe	Place_MapObj_EruptingFireworks_raw
0x7198606d	LvUPGoods_NotePC_Outdoor_Deject
0x71989ef9	Player.InteriorRoomStyleInfo.MonitorRoom01.IsNewlyOwned
0x719a5211	ClothTopslongBoxDressHalfPharaoh
0x719c4db7	DemoPR000045
0x719dbc1b	TreasureGoods_ALL_House_Room_raw
0x71a033af	Work/Confluence/PageInfo/HairAllLegacy022.pp__Confluence__PageInfo.gyml
0x71a7f2bd	ComeTrueCount
0x71ab08da	Player.InteriorRoomStyleInfo.Cute01.OwnNum
0x71ad2cae	Player.InteriorRoomStyleInfo.MultiDot00.InformedNewRelease
0x71af3ed1	Work/Data/ClothModelParam/ClothHeadwearCostumeHeart.data__ClothModelParam.gyml
0x71b60482	TreasureRecordEmotionTelopChatDifficultSitOnTheGround
0x71b715dc	TroubleSeparateDemoFailure
0x71b9cc57	Childcare.Pending.Name.FirstPerson
0x71ba7acb	Camouflage01
0x71be7ed7	Trouble_IntroductionAlone_Success
0x71bf9efd	Bassari
0x71c10c95	Work/Data/ClothParam/ClothHeadwearCostumeTree.data__ClothParam.gyml
0x71c9c885	Introduction.LectureInfo.LectureIdValue
0x71c9d209	ObjCountry00_KitchenToolB
0x71d4e798	House.RoomStyleInfo.Flag.Lace01
0x71d873f6	EmotionTelopChatFervorSitOnTerraceBench
0x71d91e22	Work/Data/ClothModelParam/ClothTopsCoatLongTrench.data__ClothModelParam.gyml
0x71ddcb1b	Player.InteriorRoomStyleInfo.Candy00.FirstObtainedSec
0x71de86e2	ObjFigure00_Chair
0x71dff1f3	Work/Data/ClothParam/ClothTopsYshirtLongBlazerTie.data__ClothParam.gyml
0x71e1315e	ObjCountry00_Cupboard
0x71e3ba15	Player.LastPenaltyTime
0x71ea7734	UGC.Exterior.Price
0x71f2ef22	Work/Data/ClothModelParam/ClothBottomsPantsLongChino.data__ClothModelParam.gyml
0x71fbf475	Player.GoodsInfo2.GameLoveSimulation.LastObtainedSec
0x7205db34	ThirdPersonRegionLanguageID
0x720be293	Work/Data/ClothModelParam/ClothAccessoryChestCameo.data__ClothModelParam.gyml
0x720fc83f	ObjSwingRider_04
0x72147734	MiiEvent_Event0033FL
0x7219f50e	Mii.Belongings.HabitOwnInfo.GreetingTypeBig.State
0x721d11a1	Work/Data/ClothModelParam/ClothShoesPointedBusiness.data__ClothModelParam.gyml
0x721d5fd1	Player.InteriorRoomStyleInfo.WoodBoard07
0x721ee4a1	HouseOneRoomDoor_LeftDoorKnob
0x722bc08d	Player.InteriorRoomStyleInfo.Damask03.LastObtainedSec
0x722dec0f	Work/Data/CoordinateClothInfo/Coordinate0033.data__CoordinateClothInfo.gyml
0x723581f3	NorthAmerica
0x7237c0a5	Player.InteriorRoomStyleInfo.StarPrint04.OwnNum
0x7238dfc7	Unlock.OnesideLoveEachOtherCount
0x72434da1	TreasureAnythingEmotionTelopChatScarySitOnTerraceBench
0x7246efa6	Player.InteriorRoomStyleInfo.Field00
0x72475be9	Work/Data/ClothModelParam/ClothTopsYshirtLongGrunge.data__ClothModelParam.gyml
0x7247e090	Player.GoodsInfo2.RubberString.OwnNum
0x724d5b50	MapObject.ActorKey
0x724e95e4	Player.GoodsInfo2.Goldfish
0x7252bddf	Work/Data/ClothModelParam/ClothAllCupLongSoftcream.data__ClothModelParam.gyml
0x725c390f	Work/Confluence/PageInfo/HairAllLegacy078.pp__Confluence__PageInfo.gyml
0x725c942b	ClothBottomsSkirtMiniGobelin
0x725c9439	GridZ
0x725e47b6	EyeColor
0x7262063d	Trouble_Cloth_Failure
0x72654f6b	RelaxAtRoomNight
0x7269dc3d	CenterActorBased
0x726b367e	EmptyHands
0x72719402	WinkLeftOpenMouth
0x72730ada	Work/Data/ClothModelParam/ClothTopslongBoxDressSleevelessHalterNeck.data__ClothModelParam.gyml
0x72731b7c	Work/Data/ClothParam/ClothBottomsPantsLongRock.data__ClothParam.gyml
0x7277d140	ObjFenceStake_02
0x727d80c1	RoadSign
0x727e7165	House.RoomStyleInfo.Flag.Dog01
0x727f3b0c	PriorityS
0x7286195f	Player.GoodsInfo2.BaoshanDecoration.LastObtainedSec
0x7288898a	NoGroup_Event0002CH
0x7289ac24	Player.GoodsInfo2.MysteriousLiquid.IsNewlyOwned
0x728d1103	EmotionTelopChatSecretParasol
0x728df110	Work/Mii/EyeAccessoryParam/Eye029.mii__EyeAccessoryParam.gyml
0x72a84ef5	InteriorPreview
0x72a8c993	TravelPlaceN015S4
0x72a9d720	Player.InteriorRoomStyleInfo.Fruit01
0x72ac9c8f	ObjTreeGinkgo_Center
0x72adcc51	Sloppy01
0x72aeeec5	HairSideFront_A
0x72b3ffa2	Work/Data/Destination/ActionPoint/RoomDollHouseLDK_BackLeft.data__destination__ActionPoint.gyml
0x72b45053	Player.HabitInfo2.EatSmell.LastObtainedSec
0x72c58c8b	Work/Data/ClothParam/ClothTopsCoatHalfTunic.data__ClothParam.gyml
0x72c6e920	Player.GoodsInfo2.KeseranPasaran.OwnNum
0x72c91eb9	Work/Data/ClothModelParam/ClothAllBodySuitLongSkeleton.data__ClothModelParam.gyml
0x72cc264e	ClothAccessoryNeckShiningPendant
0x72cc4f28	ObjFenceChain_04
0x72cdbf59	Player.InteriorRoomStyleInfo.Gym02.InformedNewRelease
0x72ce0895	ObjClockTower_06
0x72ce0ee2	Player.GoodsInfo2.Amulet.IsNewlyOwned
0x72cfeb23	Work/Data/ClothParam/ClothTopslongDressSleevelessWedding.data__ClothParam.gyml
0x72d5e903	Player.InteriorRoomStyleInfo.Classroom00.KeyHash
0x72dd3802	Player.HabitInfo2.VoiceShiny.LastObtainedSec
0x72e3080c	TreasureGameEmotionTelopChatImpressedSitOnTheHouseDeck
0x72e5f685	Herringbone01
0x72e68205	LeadFocusToHome
0x72e80637	ChatSimple
0x72eb0d7a	ObjFireworksAerial
0x72eb3c50	CD
0x72ebab5a	Player.InteriorRoomStyleInfo.WoodBoard02
0x72ee4b4e	Childcare.Pending.HabitOwnInfo.VoiceLoud.IsChecked
0x72f49761	Work/Data/CoordinateAttribute/Coordinate0193.data__CoordinateAttribute.gyml
0x72f5283f	DemoPR000068
0x72f9eba7	UgcMapObjectType
0x72fe30f6	Player.InteriorRoomStyleInfo.Success00.KeyHash
0x73012a88	Plate
0x7302601e	Player.HabitInfo2.EatWild.OwnNum
0x73067a6d	House.RoomStyleInfo.Flag.Japanese02
0x7306ddd4	Work/Data/Destination/ActionPoint/ObjBeachBed_Entrance.data__destination__ActionPoint.gyml
0x7306e17f	Player.GoodsInfo2.Guitar.State
0x730da1ef	Player.GoodsInfo2.CoinGold.State
0x7312af8b	ObjFenceIron_04
0x7313a362	PriorityT
0x73168820	Trophy
0x7327b634	Work/Mii/EyeAccessoryParam/Eye019.mii__EyeAccessoryParam.gyml
0x7328e5ce	Player.InteriorRoomStyleInfo.BigFlower02.IsNewlyOwned
0x732bf797	Player.GoodsInfo2.BookCover
0x7337405b	Player.InteriorRoomStyleInfo.Classroom00.IsNewlyOwned
0x73378952	ClothHeadwearCostumeCrab
0x73387d99	Work/Data/ClothParam/ClothHeadwearHatEarflaps.data__ClothParam.gyml
0x733c045a	Stopwatch
0x733cddc0	CobbleStone01
0x733f10bf	SaveDataUgcBc3_SRGB
0x73444b8a	Childcare.Pending.HabitOwnInfo.ExpressionLess.State
0x734c965d	Trouble_Cloth2Fashionable_Success
0x734f4eea	DiningTableFood
0x7353a652	Work/Data/ClothParam/ClothAccessoryNeckChain.data__ClothParam.gyml
0x73544851	PresentClothCount
0x736e50fa	EmotionTelopChatDateWalkingRelaxEruptingFireWorks
0x73755308	Player.InteriorRoomStyleInfo.Stadium00.LastObtainedSec
0x7378d285	Player.InteriorRoomStyleInfo.Horror00.InformedNewRelease
0x73791d08	Player.InteriorRoomStyleInfo.SmallFlower05.LastObtainedSec
0x7379ac7f	SubType
0x737acb9e	ItemKnittedToy
0x737d316d	ClothHeadwearHatMagician
0x738148df	Work/Data/CoordinateClothInfo/Coordinate0040.data__CoordinateClothInfo.gyml
0x738b916a	Childcare.Pending.HabitOwnInfo.StandShy.State
0x738bd7a2	FacilityFerrisWheel
0x738c8bc6	ClothTopsOuterLongSimpleSweater
0x7393db52	Work/Data/ClothParam/ClothShoesSandalComfort.data__ClothParam.gyml
0x7395e789	House.RoomStyleInfo.Flag.Gym02
0x73993b40	Player.HabitInfo2.BreakGas.State
0x739bb804	ObjBenchPark_01
0x739c97fb	Player.InteriorRoomStyleInfo.Pirate00.FirstObtainedSec
0x739cc92a	Work/Mii/EyeAccessoryParam/Eye079.mii__EyeAccessoryParam.gyml
0x73a2c3fd	GrandsonsHand
0x73a2f053	Genre
0x73a7c2ae	Childcare.Pending.HabitOwnInfo.FaceBliss.IsOwn
0x73a7d4d5	Player.InteriorRoomStyleInfo.Grassland00.InformedNewRelease
0x73a7f473	ChessPieces
0x73adc433	InformedNewRelease
0x73b18fc3	Work/Data/ClothModelParam/ClothAccessoryNeckCoin.data__ClothModelParam.gyml
0x73b90db5	Event0022FL
0x73ba151e	UgcExteriorOwnInfo
0x73bb40fd	Player.InteriorRoomStyleInfo.SF01.OwnNum
0x73bbfd33	Player.GoodsInfo2.SolarPanel.OwnNum
0x73bd3298	FacilityFamilyRestaurant_BreakupPlace1
0x73bd4c2f	Work/Data/ClothModelParam/ClothAllMonsterLongMonster.data__ClothModelParam.gyml
0x73c602af	Training00
0x73c8e4a9	Triangle02
0x73d6eee3	ClothTopsCoatLongAsymmetry
0x73d9e65f	Work/Data/CoordinateClothInfo/Coordinate0143.data__CoordinateClothInfo.gyml
0x73da071f	Childcare.Pending.HabitOwnInfo.EatWild.IsChecked
0x73db33a2	Player.InteriorRoomStyleInfo.HoneycombTile02.LastObtainedSec
0x73e26fa2	Trouble_FinishFight
0x73e342bc	EmotionTelopChatLoveParasol
0x73e8b253	Player.InteriorRoomStyleInfo.Lace00.State
0x73e97633	Player.InteriorRoomStyleInfo.StarPrint03.KeyHash
0x73eef913	Grid
0x73f0b2c0	HouseDollHouseRoomWindow
0x73f10049	Player.InteriorRoomStyleInfo.Fruit06.OwnNum
0x73f26540	Work/Data/ClothModelParam/ClothHeadwearCostumeCrab.data__ClothModelParam.gyml
0x73ff47d8	Player.InteriorRoomStyleInfo.Snow00.State
0x7407fe67	FaceOpenEyes
0x7408536a	Work/Data/ClothParam/ClothBottomsPantsLongSuede.data__ClothParam.gyml
0x7409d5f7	ClothAccessoryWaistHen
0x740e09eb	EmotionTelopChatLaughNotePCSpeechAtRoom
0x740efd00	Keep
0x74118a38	ObjBell
0x7412a782	Player.MarketUpdateInfo.MarketFoodStringId
0x7412ccc2	ItemSandMountain
0x7413b282	Work/Data/ClothParam/ClothTopsTshirtSleevelessRunning.data__ClothParam.gyml
0x74144f05	Mii.Belongings.HabitOwnInfo.GreetingBow.IsOwn
0x7427cf3e	Work/Data/CoordinateAttribute/Coordinate0259.data__CoordinateAttribute.gyml
0x742c8cbc	Player.InteriorRoomStyleInfo.Fruit00.IsNewlyOwned
0x742ea742	Player.HabitInfo2.GreetingHeadOnly.State
0x7433e565	TreasureGoods_Book_Outdoor_Deject
0x7434757c	Place_House_Room
0x743a91ae	Player.InteriorRoomStyleInfo.LightStick02
0x744307ce	Coordinate0292
0x7443d081	ClothHeadwearGlassThreeD
0x7448d1e7	Trial.IsClothShopDialogShown
0x744f62aa	Work/Data/ClothParam/ClothTopsTshirtLongDefault.data__ClothParam.gyml
0x74598f4c	RestaurantGroupDemo
0x745ac99a	Work/Data/ClothParam/ClothHeadwearHatKnitCat.data__ClothParam.gyml
0x745b3e2c	ToAffordanceSource
0x745c7c94	Work/Data/CoordinateAttribute/Coordinate0011.data__CoordinateAttribute.gyml
0x746585e5	Type
0x74659fe8	EmissionPattern
0x746ac90b	Player.InteriorRoomStyleInfo.Stadium01
0x74737c1a	EmotionTelopChatLoveAtRoom
0x7475098b	Work/Data/ClothModelParam/ClothTopsTshirtHalfFruits.data__ClothModelParam.gyml
0x747b5fd5	Player.InteriorRoomStyleInfo.LockerRoom00.KeyHash
0x747d06f0	Player.InteriorRoomStyleInfo.Rain00.KeyHash
0x747ea982	Player.GoodsInfo2.Alebrijes
0x7483538d	Work/Data/ClothModelParam/ClothHeadwearHatMetro.data__ClothModelParam.gyml
0x748875f7	FightCount
0x748bb9b5	ClothAllPlumpLongPierrot
0x748d4d10	StretchTogetherDirectionLarge
0x749c3562	Player.InteriorRoomStyleInfo.Fruit07.KeyHash
0x74a0b000	DemoPR000107
0x74a45428	Player.GoodsInfo2.TraditionalSpanishWaterBottle
0x74a62bbc	House.RoomStyleInfo.Flag.Christmas01
0x74a630c0	House_Inner
0x74a7b07b	Player.GoodsInfo2.BrushBronze.OwnNum
0x74b001d7	Event0030CH
0x74b245cc	Player.HabitInfo2.VoiceGloomy.State
0x74b2a44c	Childcare.Pending.HabitOwnInfo.WalkUnsteady.State
0x74b75745	StretchTogetherDirectionLDK
0x74b76c8a	Mii.Belongings.HabitOwnInfo.VoiceSmall.State
0x74cafbc0	Trouble_DepressRevengeConfessionAfter_Failure
0x74d10ee2	S32
0x74d57dbe	HouseDollhouseDeck
0x74d57f16	LightStick06
0x74e63ec0	SeasonalLiberationAutumn
0x74e7fe1e	MiiEvent_TeadOnUGC
0x74ec5a24	House.RoomStyleInfo.Flag.InterviewBoard00
0x74ef9a96	ObjGame00_Jewelry
0x74f39840	EmotionTelopChatDarkAtRoom
0x74f53b73	ClothBottomsPantsLongDenimDamaged
0x74f6abff	ObjKitchen00_Stove
0x74f76202	Player.HabitInfo2.GreetingVitality.IsNewlyOwned
0x74f887a2	Player.InteriorRoomStyleInfo.Temple00.InformedNewRelease
0x74fb0df9	Player.InteriorRoomStyleInfo.Fruit05.LastObtainedSec
0x74fd411b	Work/Data/ClothParam/ClothHeadwearHatFleece.data__ClothParam.gyml
0x74fdb353	Mii.Belongings.RoomStyleInfo.Flag.Damask04
0x750430e9	Work/Data/ClothParam/ClothTopsMantleLongVampire.data__ClothParam.gyml
0x7506d07b	Childcare.Pending.HabitOwnInfo.FaceWink.State
0x750d4a12	Player.HabitInfo2.GreetingMacho.State
0x750e4c0b	Player.InteriorRoomStyleInfo.Bathroom02.State
0x75152e7f	Player.GoodsInfo2.BrushSilver.State
0x7516ebf2	Work/Data/CoordinateAttribute/Coordinate0028.data__CoordinateAttribute.gyml
0x751a2e0c	DemoPR000014
0x751c828e	DemoDM104066
0x751cb3ce	Player.GoodsInfo2.Jellyfish.LastObtainedSec
0x751cf440	SystemSeaside_2x1_Edge
0x752349d5	Trouble_IntroductionAlone_Failure
0x75248da7	ObjTea00_Shelf
0x752a8dbc	FacilityFerrisWheelRoot
0x752b5a5b	Work/Data/ClothModelParam/ClothAccessoryMufflerScarf.data__ClothModelParam.gyml
0x752bb6ca	EmotionTelopChatSadParasol
0x7535e03a	ClothHeadwearHatViking
0x7544bfa3	Work/Data/ClothParam/ClothBottomsPantsWideMetallic.data__ClothParam.gyml
0x7546b908	Player.InteriorRoomStyleInfo.Stadium01.IsNewlyOwned
0x75479718	Work/Data/ClothParam/ClothBottomsPantsWideLeopard.data__ClothParam.gyml
0x755648f9	Work/Data/Destination/DemoArea/FacilityFamilyRestaurant_AllTable.data__destination__DemoArea.gyml
0x755ed48f	Work/Data/ClothParam/ClothTopsCoatLongPirate.data__ClothParam.gyml
0x7566f811	Work/Data/ClothParam/ClothSocksStar.data__ClothParam.gyml
0x75684d8e	TreasureAnythingEmotionTelopChatDifficultAtLivingFloor
0x75684eb2	Work/Data/ClothModelParam/ClothTopslongDressLongNoble.data__ClothModelParam.gyml
0x75693f46	Player.InteriorRoomStyleInfo.Lace04.OwnNum
0x756f690c	DepressGameTime
0x7574f3d7	TravelPosNormal
0x757ddf50	BeLoversAgain
0x757f4d7c	House.RoomStyleInfo.Flag.Fruit00
0x7581771b	Trouble_ChildGrowth
0x758aa963	LockerRoom00
0x7591362f	ObjFenceIron_03
0x7593114a	Player.GoodsInfo2.CoconutBowl.OwnNum
0x759324df	Trouble_LiveApart_Success
0x7596258f	HouseOneRoomDoor_RightDoorKnob
0x75ac5d8e	SameHome
0x75ac7b64	News.IsLock
0x75ad5772	InvitingDemo_ObjThrone
0x75b5eabb	ClothHeadwearOrnamentTopTag
0x75bd10a4	Player.GoodsInfo2.Ghost.IsNewlyOwned
0x75bd7c16	Mii.MiiMisc.SleepInfo.HasDream
0x75c16086	Player.InteriorRoomStyleInfo.TropicalSea00
0x75c1983d	ClothTopslongBoxDressSleevelessHalterNeck
0x75c366d7	Trouble_PostDepress_Success
0x75c56ab4	Player.InteriorRoomStyleInfo.SF03.InformedNewRelease
0x75c87a46	Player.InteriorRoomStyleInfo.Book01.LastObtainedSec
0x75c9a8a2	Player.GoodsInfo2.9VDryBattery.OwnNum
0x75cd0bde	DemoEndTime
0x75cd3f12	TreasureGoods_Record_Outdoor_Irritate
0x75d153fa	Player.InteriorRoomStyleInfo.Bathroom03.FirstObtainedSec
0x75d17337	LvUPGoods_ALL_Outdoor_NotChat_raw
0x75d26aac	Group_DashClashFallInLoveFirstSight3
0x75d36abd	ClothHeadwearHatCamouflage
0x75d9132f	ClothTopslongDressSleevelessFairy
0x75e344c0	Work/Mii/EyeAccessoryParam/Eye060.mii__EyeAccessoryParam.gyml
0x75e761f8	Player.InteriorRoomStyleInfo.WesternStyle07.OwnNum
0x75e95928	NoGroup_FirstSightLoveChange
0x75ee443c	ClothTopslongSalopetteLongStar
0x75ee4799	Programmable
0x75f24ad2	Player.GoodsInfo2.Kettle.OwnNum
0x75f48f06	ClothTopsOuterLongRaglanParka
0x75f5e1e8	ClothSocksBorder
0x75fd8db8	HairType_B
0x75fe8121	ObjStepWood_01
0x75ffa9db	Player.GoodsInfo2.Tile.LastObtainedSec
0x760f73b3	OnlyCenter
0x7612baf2	Player.HabitInfo2
0x761bffe4	Mii.Belongings.HabitOwnInfo.FaceBliss
0x761d5dce	Voice_DelayS
0x761fbdbc	Player.InteriorRoomStyleInfo.Damask04.IsNewlyOwned
0x76201f32	Trouble_IslandEdit_Failure
0x762266bf	Gray
0x7622f70b	UGC.Exterior.Size
0x7623973a	Party06
0x7623d411	ClothHeadwearOrnamentSidePearl
0x762b6fee	Player.InteriorRoomStyleInfo.Sauna00.LastObtainedSec
0x762d875f	Work/Data/CoordinateClothInfo/Coordinate0257.data__CoordinateClothInfo.gyml
0x7638a6e9	TreasureGameEmotionTelopChatImpressedSitOnTheBench
0x763c97cc	Mii.MiiMisc.ClothInfo.Coordinate.ColorIndex
0x763d863f	ClothHeadwearCostumeDragon
0x763ebe99	UGC.MapFloor.IsCopy
0x763ee6ca	UnChange
0x76414ff9	Player.InteriorRoomStyleInfo.WesternStyle06.LastObtainedSec
0x764196af	Work/Data/ClothModelParam/ClothHeadwearCostumeDinosaur.data__ClothModelParam.gyml
0x764bf57f	Misc_EmotionTelopChatSofa
0x764cc75e	Player.InteriorRoomStyleInfo.Minimul03.LastObtainedSec
0x764ce3e3	Work/Confluence/PageInfo/HairAllLegacy092.pp__Confluence__PageInfo.gyml
0x764f09a1	Work/Data/ClothModelParam/ClothAllBoxLongTrump.data__ClothModelParam.gyml
0x765e1818	Lover_Partner_CanExecuteLoveryDemo
0x765f71e2	Trouble_LiveTogetherQuestion_Failure
0x7665fbe7	Work/Data/ClothParam/ClothBottomsPantsWideCorduroy.data__ClothParam.gyml
0x76689efe	ItemToySword
0x76693162	RestaurantFood_Table
0x766a58fb	Work/Data/CoordinateClothInfo/Coordinate0049.data__CoordinateClothInfo.gyml
0x766acfee	ClothShoesPointedBusiness
0x76766818	Work/Confluence/PageInfo/HairFront045.pp__Confluence__PageInfo.gyml
0x76803ca1	House.RoomStyleInfo.Flag.Damask03
0x7683e957	ClothHeadwearMaskFox
0x76842d06	KeseranPasaran
0x76884246	Player.HabitInfo2.WalkLikeModel.OwnNum
0x768cd689	Work/Data/ClothParam/ClothTopsYshirtHalfLinePolo.data__ClothParam.gyml
0x768deb84	Player.InteriorRoomStyleInfo.Marble01.State
0x769084ea	Work/Data/ClothParam/ClothTopsOuterLongAnorak.data__ClothParam.gyml
0x769735bd	Player.GoodsInfo2.BottleShip.State
0x769b2e9b	DecoYachtAroundFast
0x769bb07f	Branch_Event0040FL2_Ball
0x76a20890	RestaurantDrinkCorner
0x76a23404	Star04
0x76a4c055	IsFinishedContentsDream
0x76ad1038	FacilityFamilyRestaurantTableSetBoard
0x76bab9e2	ReplicaSwordSchoolField
0x76bb2d62	WoodBoard01
0x76bcf39e	Work/Confluence/PageInfo/HairFront047.pp__Confluence__PageInfo.gyml
0x76c8a84c	Mii.Belongings.HabitOwnInfo.WalkUneasily.IsOwn
0x76c971e4	Work/Data/ClothParam/ClothBottomsPantsWideBoxing.data__ClothParam.gyml
0x76cd4d85	Mii.Belongings.HabitOwnInfo.GreetingOsu.IsOwn
0x76ce1107	UGC.Text.TextData.AddTime
0x76cf9851	Player.InteriorRoomStyleInfo.Field00.LastObtainedSec
0x76d18031	Childcare.Pending.HabitOwnInfo.EatCarefully.IsOwn
0x76d8d4d5	InteriorNextEmotionBallTime
0x76de65e7	Geta
0x76ea6edb	RestaurantDemoChat04
0x76eb7b86	Work/Data/ClothParam/ClothSocksSpaceTights.data__ClothParam.gyml
0x76ef3bae	Player.InteriorRoomStyleInfo.WoodBoard04.OwnNum
0x76f6e768	Work/Data/ClothModelParam/ClothHeadwearOrnamentTopTag.data__ClothModelParam.gyml
0x76f82beb	Work/Data/ClothModelParam/ClothHeadwearHatPropellerCap.data__ClothModelParam.gyml
0x76f9f5b4	DSLRCamera_Use_Right
0x76fbfc2b	Dir2x2Grid_Lighthouse
0x7708017b	Player.CoordinateInfo.OwnInfoArray.State
0x771a6a1a	Work/Data/ClothParam/ClothTopsOuterLongNordicSweater.data__ClothParam.gyml
0x771dd13c	Player.InteriorRoomStyleInfo.Lace05
0x771dd6cd	TreasureBookEmotionTelopChatScarySpeechCircle
0x77218e23	Hopping
0x7729e468	ClothBottomsSkirtBoxCamouflage
0x772e9365	EmotionTelopChatLaughSitOnTableBench
0x7734b86c	Player.InteriorRoomStyleInfo.Lace01.State
0x77388659	SugarGlider
0x7739be27	Interior
0x773ed43a	Player.InteriorRoomStyleInfo.Nobility01.LastObtainedSec
0x774210fa	UGC.SuspendData.UgcFloorCostType
0x7744621d	Work/Data/ClothParam/ClothSocksDamage.data__ClothParam.gyml
0x77497c84	ShortenExcept
0x7752c91d	ClothHeadwearHatCloche
0x77537a4b	FightTimeoverCommon
0x7754df3b	ClothHeadwearHatSkateboard
0x775b3806	Player.HabitInfo2.GetAngryTypeHard.OwnNum
0x775d4058	Player.InteriorRoomStyleInfo.Damask05.IsNewlyOwned
0x775df4b1	Country04
0x7761a999	NoGroup_OnesideLoveChangeDuringChat
0x7764077e	Player.InteriorRoomStyleInfo.Nobility00.LastObtainedSec
0x7775d189	Player.GoodsInfo2.GameEducation.LastObtainedSec
0x77792b4b	Player.GoodsInfo2.ColorfulBasket
0x777c7b63	ObjHeart00_Table
0x77817295	Event0037FL
0x7783d4c3	ExLover
0x7784f7ce	IsLocalNetworkFirstReceivedUgc
0x7785414c	CoordinateStringId
0x77937419	Player.InteriorRoomStyleInfo.Field00.FirstObtainedSec
0x77969da3	Work/Confluence/PageInfo/HairAllLegacy012.pp__Confluence__PageInfo.gyml
0x779a7eb3	SeaUrchinBone
0x779d348a	BookType
0x77a0ecfb	Work/Data/Destination/DemoArea/RoomDollHouseLDK_EdgeSpace.data__destination__DemoArea.gyml
0x77a4372d	Work/Data/ClothParam/ClothTopsTshirtHalfSwitching.data__ClothParam.gyml
0x77a49642	Work/Data/ClothModelParam/ClothSocksDefault.data__ClothModelParam.gyml
0x77a9eb25	ObjAtelier00_TableSide
0x77afee86	Work/Data/ClothModelParam/ClothBottomsSkirtBoxLeopard.data__ClothModelParam.gyml
0x77b111c0	Mii.Belongings.RoomStyleInfo.Flag.Party06
0x77b165f0	ClothHeadwearHatBeretCheck
0x77b1fc55	Player.GoodsInfo2.TrophyPlatinum.LastObtainedSec
0x77b633dd	ObjWeed
0x77ba0c4e	Childcare.Pending.HabitOwnInfo.GreetingVitality.IsChecked
0x77bd34b7	Work/Data/ClothParam/ClothBottomsPantsLongDenim.data__ClothParam.gyml
0x77be28e6	Player.InteriorRoomStyleInfo.Candy01.KeyHash
0x77c03a79	Work/Mii/EyeAccessoryParam/Eye042.mii__EyeAccessoryParam.gyml
0x77cf0ff7	Mii.MiiMisc.ClothInfo.Tops.ColorIndex
0x77cf4501	ClothTopslongDressHalfGingham
0x77d02094	ObjStepIron
0x77d6afce	Relation.Info.DirectionalInfo.BloodType
0x77dc8ce3	Work/Data/ClothParam/ClothHeadwearHatCorduroy.data__ClothParam.gyml
0x77dd9746	HairBack
0x77ddbaf4	House.RoomStyleInfo.Flag.Party05
0x77de8265	Work/Data/ClothParam/ClothBottomsPantsLongSimpleColor.data__ClothParam.gyml
0x77deb302	ObjRetropop00_Chair
0x77e0b61d	DemoDM104040
0x77e2cd9c	Place_Facility_Restaurant_WithLovers_raw
0x77e74dfe	MouthBlankly
0x77edbdd6	ClothHeadwearHatBoater
0x77f3fe28	Player.InteriorRoomStyleInfo.StarPrint03.IsNewlyOwned
0x77f4d45d	TravelPlaceN007S2
0x77f6b53c	Kitchen
0x77f957d5	Player.InteriorRoomStyleInfo.Baby00.FirstObtainedSec
0x77fab93a	Work/Data/ClothModelParam/ClothAccessoryNeckPouch.data__ClothModelParam.gyml
0x7809691d	NextUpdateRandomSeed
0x780c42c7	Work/Data/ClothModelParam/ClothSocksHeart.data__ClothModelParam.gyml
0x7812a6f4	Work/Data/Destination/DemoArea/RoomDollHouseLDK_Carpet.data__destination__DemoArea.gyml
0x78154f67	DemoSB044034
0x7822845b	ClothHeadwearHatPierrot
0x7824be88	UGC.FacePaint.IsCopy
0x78261946	Thumbnail
0x78287397	Player.InteriorRoomStyleInfo.LightStick01.FirstObtainedSec
0x78362d47	Work/Confluence/PageInfo/HairAllLegacy087.pp__Confluence__PageInfo.gyml
0x783a56ea	Childcare.Pending.HabitOwnInfo.Chicken.IsOwn
0x783e075c	Mii.Belongings.HabitOwnInfo.WalkFloat.IsChecked
0x783e7c32	Player.InteriorRoomStyleInfo.Shoji01
0x7845ab72	ClothTopsTshirtHalfSimple
0x784926bc	Work/Data/ClothModelParam/ClothBottomsPantsWideSlit.data__ClothModelParam.gyml
0x784995f1	Player.InteriorRoomStyleInfo.WoodBoard03.InformedNewRelease
0x7849c574	ClothAllMascotLongMonkey
0x78534831	Player.InteriorRoomStyleInfo.Minimul03.OwnNum
0x78536e32	Carpet06
0x78566056	ReplicaSwordFightMyRoom
0x7863497a	Work/Data/ClothParam/ClothHeadwearCostumeTiger.data__ClothParam.gyml
0x7868eb3f	Player.InteriorRoomStyleInfo.Classroom01.LastObtainedSec
0x786d0969	Work/Data/ClothModelParam/ClothHeadwearMaskGasMask.data__ClothModelParam.gyml
0x7870da2c	Baby02
0x787578d8	Work/Data/ClothParam/ClothBottomsPantsLongChinoHalf.data__ClothParam.gyml
0x78915cbe	AsiaDollar
0x7893d59d	Work/Data/ClothModelParam/ClothSocksRunning.data__ClothModelParam.gyml
0x7897a43c	EmotionTelopChatLoveSitOnTheHouseDeck
0x78989e9a	ObjLovely00_Dresser
0x789a0367	FountainWishComeTrueCount
0x78a25003	Work/Data/ClothParam/ClothBottomsPantsLongChino.data__ClothParam.gyml
0x78a38519	Mii.Belongings.HabitOwnInfo.StandRhythm.IsOwn
0x78a54c52	Work/Data/ClothParam/ClothBottomsSkirtMiniStrap.data__ClothParam.gyml
0x78a7168b	UGC.Editor.Setting.Type
0x78adc243	Childcare.Pending.HabitOwnInfo.EatMouthful.State
0x78aff1bb	Work/Confluence/PageInfo/HairBack045.pp__Confluence__PageInfo.gyml
0x78bb4ae4	Field01
0x78bbcd2c	FaceLousy
0x78bc45e3	Injection
0x78c90cdd	IsUnlockedOtherRegion
0x78cf468d	Work/Data/ClothParam/ClothBottomsPantsWideCamouflage.data__ClothParam.gyml
0x78d136e4	Player.HabitInfo2.GreetingAnnoying.IsNewlyOwned
0x78d39208	UGC.Goods.PetBehavior
0x78d88a76	Work/Data/CoordinateAttribute/Coordinate0004.data__CoordinateAttribute.gyml
0x78de082c	EmotionTelopChatRelaxSitOnSofa
0x78e32e1c	MapGrid.GridX.GridZ.FloorKeyHash
0x78e68a38	Work/Data/ClothModelParam/ClothShoesLoaferBuckle.data__ClothModelParam.gyml
0x78e905b1	Player.InteriorRoomStyleInfo.Damask07.InformedNewRelease
0x78e90c38	House.RoomStyleInfo.Flag.Damask01
0x78ec3640	Player.InteriorRoomStyleInfo.Bathroom00.State
0x78ecbee6	Mii.MiiMisc.ClothInfo.Coordinate
0x78ed5aee	Work/Data/ClothParam/ClothTopslongBoxDressLongBubbly.data__ClothParam.gyml
0x78f22336	Mii.Belongings.HabitOwnInfo.FaceRaiseEyebrows.IsOwn
0x78f33985	StretchTogetherLarge
0x78f3d01a	IndoorLDK
0x78f986af	ClothAccessoryWaistBee
0x78f9bc7b	Work/Data/ClothParam/ClothAllPlumpLongHamster.data__ClothParam.gyml
0x790302f0	Player.InteriorRoomStyleInfo.Baby00.State
0x79056c68	InterviewBoard00
0x7909cc92	Work/Data/ClothModelParam/ClothBottomsPantsWideFlower.data__ClothModelParam.gyml
0x7910b57b	Player.GoodsInfo2.PocketWatch.LastObtainedSec
0x7912d042	Player.InteriorRoomStyleInfo.HoneycombTile00.KeyHash
0x7919f8bc	ClothHeadwearHatJapan
0x792377ee	Player.GoodsInfo2.BookPlant.LastObtainedSec
0x792423ac	Player.InteriorRoomStyleInfo.LockerRoom02.InformedNewRelease
0x7924f2d6	Player.GoodsInfo2.CDReggae
0x7927f979	Player.GoodsInfo2.Robot.LastObtainedSec
0x792e9706	HouseDollHousePostBox
0x79338094	Work/Data/ClothModelParam/ClothBottomsPantsWideMulticolor.data__ClothModelParam.gyml
0x79370806	Work/Data/Destination/ActionPoint/RoomDoorEntrance_RightDoorKnob.data__destination__ActionPoint.gyml
0x79379ea2	FightAngry
0x793bf08f	ObjFenceLattice_05
0x793f67aa	Player.InteriorRoomStyleInfo.SFX00.OwnNum
0x793fef47	Work/Data/ClothParam/ClothAccessoryWaistMonster.data__ClothParam.gyml
0x7941977d	Work/Data/ClothParam/ClothAllCylinderLongCorn.data__ClothParam.gyml
0x7942d914	Work/Data/ClothModelParam/ClothTopslongAlongLongChimaJeogori.data__ClothModelParam.gyml
0x79431aa2	ClothTopsMantleLongVampire
0x79444742	ClothHeadwearHatPanama
0x79465d1c	GuitarCycleMyRoom
0x794bc931	EmotionTelopChatLoveSitKnittingOnTheBench
0x794c1d68	Player.InteriorRoomStyleInfo.Dot05.InformedNewRelease
0x794dc222	Place_MapObj_TerraceBench
0x794f1748	Work/Data/CoordinateAttribute/Coordinate0159.data__CoordinateAttribute.gyml
0x795550c5	ClothTopsOuterLongSpace
0x79573f6f	Player.InteriorRoomStyleInfo.WoodBoard05
0x795dee74	Player.InteriorRoomStyleInfo.Minimul05.KeyHash
0x796664e1	UGC.Cloth.RegionLanguageID
0x7967b88b	Player.GoodsInfo2.Ammonite.IsNewlyOwned
0x796a560d	GroupAction_HomeMate
0x796a7e74	OldMan
0x796ce62a	Player.GoodsInfo2.KoalaStuffedToy
0x796d8f6e	NoGroup_Event0018FL
0x796dd6ff	Player.InteriorRoomStyleInfo.Party02.IsNewlyOwned
0x796f2eb3	EmotionTelopChatSecretGuitarShowAtLivingFloor
0x79703f38	Work/Data/ClothModelParam/ClothHeadwearHatUgcBoater.data__ClothModelParam.gyml
0x7973c386	Player.GoodsInfo2.Ohsho.OwnNum
0x79744279	Work/Data/ClothParam/ClothTopsCoatLongAcademic.data__ClothParam.gyml
0x79761c89	ObjNewlife00_RobotCleaner
0x7979969f	Work/Data/ClothModelParam/ClothTopslongAlongLongCheck.data__ClothModelParam.gyml
0x798cc61e	ObjBell_03
0x798cd140	Work/Data/ClothModelParam/ClothTopsTshirtLongLayered.data__ClothModelParam.gyml
0x79916102	Player.InteriorRoomStyleInfo.TropicalSea00.InformedNewRelease
0x7992feb4	Work/Data/ClothModelParam/ClothHeadwearOrnamentFrontNurseCap.data__ClothModelParam.gyml
0x799f4054	TravelPosHoneymoonNormal
0x79a127b1	Player.GoodsInfo2.GrandsonsHand.State
0x79aad069	ObjShowerOutdoor_05
0x79aaea96	Player.InteriorRoomStyleInfo.Field01.IsNewlyOwned
0x79aca7f2	Player.GoodsInfo2.CicadaShell.OwnNum
0x79b20f1f	Player.GoodsInfo2.CDPopMusic.LastObtainedSec
0x79b3042f	Work/Component/DestinationInfo/HouseDollHouseDoor.actor__DestinationInfo.gyml
0x79b6b6bf	BigFlower02
0x79b8a082	CatchBall
0x79bb3f16	Player.GoodsInfo2.ClayFigure
0x79c16eb4	SeaBuoy
0x79c1b46c	Player.InteriorRoomStyleInfo.Gym01.LastObtainedSec
0x79c25e6f	Player.GoodsInfo2.MysteriousLiquid
0x79c2815a	Player.GoodsInfo2.Screw.State
0x79c3ab27	Tuna
0x79c421f7	Place_Facility_ALL_WithLoversOnly_raw
0x79d1439b	Work/Data/ClothModelParam/ClothSocksShortLeggings.data__ClothModelParam.gyml
0x79d49618	Work/Data/ClothParam/ClothSocksOnePoint.data__ClothParam.gyml
0x79d4d718	Player.InteriorRoomStyleInfo.LightStick03.KeyHash
0x79d852c0	TreasureGoods_Game_Floor_House
0x79d8b897	RestaurantClerk
0x79dcbef2	MiiEvent_FollowingOnesideTriangleDeject
0x79de715e	MiiHistory
0x79e0bd72	StyleGroup_Dog00
0x79e51149	MaracasSessionLDK
0x79e76999	Unlock.BirthChildCount
0x79ebd341	Love
0x79f256d9	Tension
0x79f8043c	Player.InteriorRoomStyleInfo.Train00.LastObtainedSec
0x79fddeeb	Mii.Belongings.RoomStyleInfo.Flag.Brick00
0x7a02fec6	CDClassic
0x7a032916	ClothShoesStandardBotanicalSlipon
0x7a147387	Player.InteriorRoomStyleInfo.Japanese01
0x7a174a40	Flashlight_Carry
0x7a1809d1	Mii.MiiMisc.ClothInfo.BottomsB.KeyHash
0x7a21f833	Player.InteriorRoomStyleInfo.Fruit04.State
0x7a250237	Player.GoodsInfo2.DVDSF.IsNewlyOwned
0x7a2c3a78	Work/Data/ClothModelParam/ClothTopslongOverallLongWetSuit.data__ClothModelParam.gyml
0x7a2ef8ed	Childcare.Pending.HabitOwnInfo.WalkFloat
0x7a2f3686	Player.InteriorRoomStyleInfo.Otaku00.LastObtainedSec
0x7a31ef97	UGC.Cloth.UgcClothGenreType
0x7a3313bd	ObjLighthouse_04
0x7a342907	Heart01
0x7a3a8533	Work/Data/CoordinateClothInfo/Coordinate0010.data__CoordinateClothInfo.gyml
0x7a3d5ac5	Work/Data/CoordinateClothInfo/Coordinate0014.data__CoordinateClothInfo.gyml
0x7a3dddb3	Kids03
0x7a421279	Player.InteriorRoomStyleInfo.Minimul07.FirstObtainedSec
0x7a44c6e0	Player.GoodsInfo2.FamousMountainCalendar.OwnNum
0x7a48c850	Player.HabitInfo2.StandStraight.LastObtainedSec
0x7a4ebac8	DemoWithSuccessOne
0x7a4f937d	Pet09
0x7a54cd40	Player.InteriorRoomStyleInfo.Grassland00.FirstObtainedSec
0x7a587523	Childcare.Pending.HabitOwnInfo.GreetingBow.State
0x7a589b0b	UgcHeadwearType
0x7a5a1b55	Natural04
0x7a5bfdd4	Work/Confluence/PageInfo/HairAll010.pp__Confluence__PageInfo.gyml
0x7a6822bd	TreasureRecordEmotionTelopChatDifficultAtRoom
0x7a688b9c	Work/Data/ClothModelParam/ClothTopslongKimonoLongKimono.data__ClothModelParam.gyml
0x7a6ddee3	ClothBottomsSkirtBoxLeopard
0x7a97f96b	WordText
0x7a9bcc76	ObjShowerOutdoor_Center
0x7a9dd876	CoolDownOneSideLove
0x7aa0008f	ClothHeadwearCostumeMonster
0x7aa05fea	ObjClassroom00_WallDeco
0x7aa64b30	Work/Data/CoordinateAttribute/Coordinate0190.data__CoordinateAttribute.gyml
0x7aaade20	ClothBottomsSkirtMiniSchool
0x7ab365bb	ObjFlowerLavender
0x7abd4626	Player.InteriorRoomStyleInfo.MultiDot02
0x7abdc762	Player.InteriorRoomStyleInfo.SF05.FirstObtainedSec
0x7ac22361	Player.InteriorRoomStyleInfo.Party02.LastObtainedSec
0x7ac89882	Mii.Belongings.HabitOwnInfo.UntidySleeper
0x7ac91578	Region
0x7acc8a6c	Work/Data/ClothParam/ClothTopslongDressLongSteamPunk.data__ClothParam.gyml
0x7ad3366d	Work/Confluence/PageInfo/HairAll059.pp__Confluence__PageInfo.gyml
0x7ada0701	DailyLog.EnterFacilityMarketNoon
0x7adbbff6	DemoDM104002
0x7add0461	Group_Event0021
0x7ae0a675	RoomRefrigerator_Refrigerator
0x7ae1e9b2	Mii.Belongings.RoomStyleInfo.Flag.Party03
0x7ae42984	Work/Data/Destination/ActionArea/FacilityItemShop_Front.data__destination__ActionArea.gyml
0x7ae788f8	Player.HabitInfo2.GetAngryTypeHard
0x7ae8318d	Player.GoodsInfo2.Kangaroo.IsNewlyOwned
0x7ae865a1	Player.ClothShopDailyItem.DailyClothInfo.ClothStringId
0x7af0d292	Player.InteriorRoomStyleInfo.Asianresort00.FirstObtainedSec
0x7af7969f	Work/Data/ClothParam/ClothTopsCoatLongKurta.data__ClothParam.gyml
0x7aface8d	9VDryBattery
0x7aff6803	RoomRefrigerator
0x7b028818	Work/Data/ClothParam/ClothBottomsPantsWideSimpleHalf.data__ClothParam.gyml
0x7b09a767	Work/Data/ClothParam/ClothTopsTshirtLongTweedJacket.data__ClothParam.gyml
0x7b09dfa5	FocusLeadingBecomeFriendHigh
0x7b0bec94	Work/Data/CoordinateClothInfo/Coordinate0218.data__CoordinateClothInfo.gyml
0x7b1106b4	ClothTopsYshirtLongMultiColor
0x7b186f0d	Player.InteriorRoomStyleInfo.Nobility02.FirstObtainedSec
0x7b187b21	Work/Data/Destination/DemoArea/FacilityFerrisWheel_AllSpace.data__destination__DemoArea.gyml
0x7b1acb3f	Seaside2x1
0x7b1b1ebe	Mii.Belongings.RoomStyleInfo.Flag.Street00
0x7b1dd47c	Work/Data/ClothParam/ClothTopslongSalopetteLongMambo.data__ClothParam.gyml
0x7b26f300	DailyLog.MiiEventOnFollowingMiiCount
0x7b28f8c4	ObjSwingRider_03
0x7b2d2e26	House.RoomStyleInfo.Flag.WoodBoard04
0x7b33ba80	Player.InteriorRoomStyleInfo.StarPrint04.LastObtainedSec
0x7b34533c	BabyMii
0x7b38353b	Player.InteriorRoomStyleInfo.WesternStyle01.KeyHash
0x7b39ce95	Horse
0x7b3b7fc2	Work/Data/ClothParam/ClothHeadwearMaskGasMask.data__ClothParam.gyml
0x7b45691d	UGC.FacePaint.OwnNum
0x7b4dd694	Work/Data/ClothModelParam/ClothHeadwearGlassDemoMiiGlass15.data__ClothModelParam.gyml
0x7b4f5d02	DemoDM104073
0x7b51b125	Goal_1
0x7b574ebb	Work/Data/ClothModelParam/ClothAllCupLongGarbageCan.data__ClothModelParam.gyml
0x7b58cc70	GetAngryTypeBrightly
0x7b5b43c5	VenetianGlass
0x7b60dcc8	FacilityPark_FreeSpace
0x7b61f194	Player.InteriorRoomStyleInfo.Factry00.LastObtainedSec
0x7b64bfb7	Work/Data/CoordinateClothInfo/Coordinate0179.data__CoordinateClothInfo.gyml
0x7b667753	Player.GoodsInfo2.JomonPottery.LastObtainedSec
0x7b66a914	Player.InteriorRoomStyleInfo.Triangle02
0x7b6d3013	BuildItemShopByNetwork
0x7b72d5a2	Work/Data/Destination/ActionPoint/FacilityAtelier_ViewPos.data__destination__ActionPoint.gyml
0x7b747c59	IsCompleted
0x7b7704ac	Player.GoodsInfo2.Pinecone.IsNewlyOwned
0x7b7a773f	Goods02
0x7b836918	Player.InteriorRoomStyleInfo.StarPrint02.FirstObtainedSec
0x7b8d2997	AllSpace
0x7b8ea882	Unlock.LiveTogetherFailureCount
0x7b9e0c7b	Work/Data/ClothParam/ClothAllCupLongGarbageCan.data__ClothParam.gyml
0x7b9e4b6d	Player.InteriorRoomStyleInfo.Heaven00.KeyHash
0x7ba00941	DumbbellBookLeftHand
0x7ba031e9	CatchBallTogether
0x7baa72ae	Rabbit
0x7bad5ca1	Work/Data/ClothParam/ClothHeadwearCoverTurban.data__ClothParam.gyml
0x7bb02e02	SkirtL
0x7bb20566	Otaku04
0x7bb44508	ClothAllCupLongSoftcream
0x7bb84137	Work/Data/CoordinateClothInfo/Coordinate0021.data__CoordinateClothInfo.gyml
0x7bbff932	Player.IslandNameRegionLanguageID
0x7bd03976	GroupMaster
0x7bd57ecf	Player.InteriorRoomStyleInfo.LockerRoom00.InformedNewRelease
0x7bd6caf7	Work/Data/ClothModelParam/ClothHeadwearOrnamentSideHairClip.data__ClothModelParam.gyml
0x7bd6ecbe	ObjSeesaw_05
0x7bd840a8	Work/Data/ClothModelParam/ClothTopsYshirtHalfPolo.data__ClothModelParam.gyml
0x7bdb881d	Mii.Belongings.HabitOwnInfo.GetAngryTypeRegretfulTears
0x7be173f7	Work/Data/CoordinateClothInfo/Coordinate0277.data__CoordinateClothInfo.gyml
0x7be1b626	Player.InteriorRoomStyleInfo.Dilapidated00.InformedNewRelease
0x7be243af	Player.InteriorRoomStyleInfo.WoodBoard07.OwnNum
0x7befce54	Player.InteriorRoomStyleInfo.Dot06.KeyHash
0x7bf1723f	TreasureBookEmotionTelopChatNoveltySpeechCircle
0x7bf2a4b0	Player.GoodsInfo2.SatueOfLiberty.IsNewlyOwned
0x7bf30ad7	ObjFenceChain_02
0x7bf3806a	Lover_Partner_CanExecuteLoveryDemoBoth
0x7bf481aa	Work/Data/CoordinateClothInfo/Coordinate0190.data__CoordinateClothInfo.gyml
0x7bf4835b	Awful
0x7bfbe649	Classroom00
0x7c04b51e	LoverSeparate
0x7c06f6f8	Carpet
0x7c07628a	Japanese00
0x7c08bfb3	Room_InnerParts
0x7c0a63d4	Work/Data/CoordinateClothInfo/Coordinate0290.data__CoordinateClothInfo.gyml
0x7c0cc860	RestaurantDemoChat01
0x7c0fdfe2	Player.GoodsInfo2.Robot
0x7c141929	Communicate005
0x7c1d961b	RaiseEyebrow
0x7c20d7cb	ClothTopsYshirtLongGakuran
0x7c241986	Childcare.Pending.HabitOwnInfo.FaceOpenEyes.IsChecked
0x7c24aef4	TreasureAnythingEmotionTelopChatBlushSitOnDiningTable
0x7c24f26d	ClothTopslongUgcDressHalf
0x7c272e1c	Jungle
0x7c28163a	TreasureBookEmotionTelopChatScarySitOnSofa
0x7c2dcb47	ClothTopsCoatHalfGladiator
0x7c2e4c34	Player.GoodsInfo2.Marble.State
0x7c30ae04	BookCover
0x7c3c76b9	ExecuterHasTrouble
0x7c3f4f16	Work/Confluence/PageInfo/HairAllLegacy043.pp__Confluence__PageInfo.gyml
0x7c46435e	ObjGigantic00_Highway
0x7c4de740	Player.HabitInfo2.FaceCloseEyes.LastObtainedSec
0x7c531b1e	FrontLeft
0x7c590949	DemoPR000032
0x7c6046cd	Player.GoodsInfo2.BookCover.State
0x7c63f709	StyleGroup_Galaxy00
0x7c69df9d	Player.InteriorRoomStyleInfo.Jungle00
0x7c6c469a	Work/Confluence/PageInfo/HairAll019.pp__Confluence__PageInfo.gyml
0x7c6cec1c	ItemBabybed
0x7c701113	ItemSafetyCone_Demo
0x7c83a53c	ObjFencePipe_04
0x7c8cfb5d	EUpt
0x7c8e1911	Childcare.Pending.HabitOwnInfo.StandToeOut.IsChecked
0x7c92c53a	GroupArrangeHopscotch
0x7c939253	CommonMinigameField
0x7c98a016	MiiEvent_Event0032CH
0x7c9b6ddb	Green
0x7ca26c97	Trouble
0x7ca90fa9	Work/Data/CoordinateAttribute/Coordinate0175.data__CoordinateAttribute.gyml
0x7cb22a8c	EmotionTelopChatSurpriseSitOnTableBench
0x7cb5537a	FacilityFountain
0x7cb86885	Trouble_HungrySpicy_Success
0x7cbf9915	Work/Data/ClothModelParam/ClothTopsKnitCamisole.data__ClothModelParam.gyml
0x7cc100f0	UnUse
0x7cc23163	ObjSwingRider_01
0x7cc399e6	Event0029FL
0x7cc4f212	Work/Data/Destination/ActionArea/FacilityInteriorShop_Front.data__destination__ActionArea.gyml
0x7cc5ca74	IsCopy
0x7cc632d1	DemoInviteInsuranceHouse
0x7cc82c97	ClothHeadwearHatAcorn
0x7ccf7aa4	Work/Confluence/PageInfo/HairAllLegacy023.pp__Confluence__PageInfo.gyml
0x7cd15569	Player.InteriorRoomStyleInfo.LightStick01.LastObtainedSec
0x7cd576ca	ShoutCloseMouth
0x7cd68be2	Player.GoodsInfo2.Dog.OwnNum
0x7cde16dc	Player.InteriorRoomStyleInfo.SmallFlower07.FirstObtainedSec
0x7ce02e86	Circus
0x7ce08362	Work/Data/ClothModelParam/ClothSocksLeggingsBorder.data__ClothModelParam.gyml
0x7ce27a10	Player.InteriorRoomStyleInfo.StarPrint01.State
0x7ce4881f	Player.InteriorRoomStyleInfo.LockerRoom00.OwnNum
0x7cebb277	Work/Data/ClothParam/ClothTopsYshirtLongMultiStripe.data__ClothParam.gyml
0x7cec28ae	DemoDM104020
0x7cf1bbab	Lover_Partner_Over100
0x7cf4c3b2	Childcare.Pending.HabitOwnInfo.StandProudly
0x7cf5fa56	DataStringId
0x7cf73c42	ObjFenceBarbed_04
0x7cfef2cf	Work/Data/ClothParam/ClothTopslongAlineLongCoatDress.data__ClothParam.gyml
0x7d065718	UGC.Interior.NetworkDeliverCount
0x7d081a21	Player.InteriorRoomStyleInfo.Japanese01.State
0x7d09535a	Sound_04
0x7d11153d	Work/Data/ClothModelParam/ClothBottomsPantsWideCheck.data__ClothModelParam.gyml
0x7d121f13	TroubleDivorceDemoFailure
0x7d13bdf4	ObjNobility00_CurtainS
0x7d17ab45	ClothAccessoryMufflerHeadphone
0x7d180799	G
0x7d1e55b6	Player.GoodsInfo2.CDJazz.State
0x7d1efa30	EmotionTelopChatDateWalkingRelaxAtRoom
0x7d20cff0	Ruby
0x7d22344c	Work/Data/ClothModelParam/ClothHeadwearCostumeHood.data__ClothModelParam.gyml
0x7d2b0de2	ClothBottomsSkirtBoxTweed
0x7d3608fb	Mii.Belongings.HabitOwnInfo.GreetingOsu.State
0x7d3d3497	Player.InteriorRoomStyleInfo.InterviewBoard00.LastObtainedSec
0x7d446ecb	CheeseBoard
0x7d45fbbe	ClothHeadwearHatTam
0x7d48057d	Misc_PlayFree_House
0x7d496f53	Work/Data/ClothModelParam/ClothTopsTshirtLongCheckJacket.data__ClothModelParam.gyml
0x7d4d7059	ObjCamouflage00_WallDeco
0x7d5927d6	Childcare.Pending.HabitOwnInfo.BreakGas.State
0x7d5ffbb7	UGC.Goods.EmissionPattern
0x7d624aaa	Work/Data/ClothParam/ClothBottomsSkirtLongPatchwork.data__ClothParam.gyml
0x7d6811f2	Work/Data/ClothModelParam/ClothTopslongAlongHalfEmbroidery.data__ClothModelParam.gyml
0x7d691144	TreasureGoods_Record_House_Room_raw
0x7d6e7c78	Work/Data/CoordinateClothInfo/Coordinate0221.data__CoordinateClothInfo.gyml
0x7d6fc453	Player.GoodsInfo2.SugarGlider.LastObtainedSec
0x7d71b055	Mii.Belongings.RoomStyleInfo.Flag.Minimul02
0x7d73af37	IsSnapGrid
0x7d825e76	DemoDM104053S01
0x7d82fa9c	GoodsKey
0x7d8887ea	Player.InteriorRoomStyleInfo.Dot06.State
0x7d911055	Trouble_ChangeOneSideLove_Success
0x7d93eaaa	Player.InteriorRoomStyleInfo.Lace00.OwnNum
0x7d9ba395	Work/Data/CoordinateAttribute/Coordinate0053.data__CoordinateAttribute.gyml
0x7da2b0aa	Childcare.Pending.Voice.Speed
0x7dac65b1	RobotL
0x7db411cf	Work/Data/ClothParam/ClothAccessoryWaistPig.data__ClothParam.gyml
0x7dbe51a4	ClothShoesSandalSabo
0x7dbff39d	TreasureBookEmotionTelopChatBlushSitOnFerrisWheelEntrance
0x7dc3fbe4	Shift
0x7dca71fc	Player.InteriorRoomStyleInfo.WoodBoard04.FirstObtainedSec
0x7dd9227a	ClothShoesSandalBallet
0x7dda0ba4	UGC.SuspendData.Scale
0x7ddb5dc8	UGC.MapObject.PlayerNameRegionLanguageID
0x7ddb6c35	Player.InteriorRoomStyleInfo.Shoji00
0x7ddea0ac	Work/Data/ClothParam/ClothBottomsBodyBaseBikini.data__ClothParam.gyml
0x7de179f4	Work/Data/ClothParam/ClothHeadwearFullfaceMotorcycle.data__ClothParam.gyml
0x7de2b28b	MultiDot03
0x7de83628	Lip
0x7dea152e	CoupleReconciliationSuccess
0x7deb9bb1	EnterFacilityMarketMorning
0x7def7990	Player.InteriorRoomStyleInfo.Damask07.LastObtainedSec
0x7df40045	ObjAsianResort00_Table
0x7df5ca74	MiiEvent_Event0025CH
0x7df76758	ClothTopsYshirtLongBandCollar
0x7dfabe7b	NoGroup_Event0033CH
0x7dfd4fb3	Work/Data/CoordinateAttribute/Coordinate0066.data__CoordinateAttribute.gyml
0x7e013da3	Player.GoodsInfo2.BalloonArt
0x7e0681b5	Work/Confluence/PageInfo/HairAll025.pp__Confluence__PageInfo.gyml
0x7e06da05	SystemPrivateRoom
0x7e079731	Player.InteriorRoomStyleInfo.LightStick01.KeyHash
0x7e0b40fb	Player.InteriorRoomStyleInfo.Otaku03.OwnNum
0x7e115457	Work/Data/ClothModelParam/ClothSocksSpider.data__ClothModelParam.gyml
0x7e1252b4	Work/Data/ClothModelParam/ClothHeadwearHatGuapimao.data__ClothModelParam.gyml
0x7e17de8f	Floor_High
0x7e1b87b4	House.RoomStyleInfo.Flag.Triangle05
0x7e1ecb21	Work/Data/ClothParam/ClothShoesThickFur.data__ClothParam.gyml
0x7e207741	MiiEvent_Event0020CH2
0x7e216a6a	Player.InteriorRoomStyleInfo.Candy01.FirstObtainedSec
0x7e21d385	Player.InteriorRoomStyleInfo.WesternStyle03.State
0x7e2505d3	ItemBirthdayCakePlayer
0x7e283568	Player.GoodsInfo2.DVDSports
0x7e283df0	EmotionTelopChatLaughSpeech
0x7e288636	Mii.Belongings.RoomStyleInfo.Flag.Fruit03
0x7e29eb0b	Childcare.Pending.HabitOwnInfo.FaceRaiseEyebrows.State
0x7e2ac35c	Asia
0x7e2b9db0	RelaxGroupField
0x7e2ca3f4	MessageGameMany
0x7e2eef79	EmotionTelopChatDarkSitKnittingOnFountain
0x7e368085	Player.InteriorRoomStyleInfo.Dinosaur01.FirstObtainedSec
0x7e394b6a	Work/Data/CoordinateAttribute/Coordinate0282.data__CoordinateAttribute.gyml
0x7e3cd550	GrandChild
0x7e3d1e46	Invalid
0x7e427c4f	Player.InteriorRoomStyleInfo.SF00
0x7e43253e	TargetMapObject
0x7e4375a9	Work/Confluence/PageInfo/HairAll038.pp__Confluence__PageInfo.gyml
0x7e43e9b5	House.RoomStyleInfo.Flag.Marble01
0x7e46ecd5	IsFinishedContentsMinigame
0x7e473dc3	MiiEvent.GroupInfo
0x7e4b1843	Mii.Belongings.HabitOwnInfo.GreetingBow.IsChecked
0x7e52ad5b	Trouble_FightBase_Failure
0x7e5b636c	Work/Data/ClothParam/ClothAccessoryBackMagicCircle.data__ClothParam.gyml
0x7e5b64bd	Uniform
0x7e629740	Work/Mii/EyeAccessoryParam/Eye021.mii__EyeAccessoryParam.gyml
0x7e675faf	MiiEvent_Event0020CH
0x7e68b466	Player.InteriorRoomStyleInfo.SmallFlower01.FirstObtainedSec
0x7e702055	Childcare.Pending.HabitOwnInfo.StandPutsGlasses.IsChecked
0x7e71d846	PlayerOwnInfo
0x7e74e5fe	Player.InteriorRoomStyleInfo.Flowergarden00.InformedNewRelease
0x7e771104	Work/Data/ClothModelParam/ClothBottomsPantsWideCheckCargo.data__ClothModelParam.gyml
0x7e7d8874	TreasureBookEmotionTelopChatNoFeaturesSitOnFountain
0x7e8732a6	DemoPR000112
0x7e87f094	Player.InteriorRoomStyleInfo.Western00.State
0x7e8eb2a7	Work/Data/ClothModelParam/ClothShoesSandalSlipon.data__ClothModelParam.gyml
0x7e8f0db6	Work/Data/ClothParam/ClothHeadwearCostumeHotdog.data__ClothParam.gyml
0x7e9144cc	HouseDollHousePostBoxIcon
0x7e96de56	Work/Data/ClothModelParam/ClothShoesPumpsPearls.data__ClothModelParam.gyml
0x7ea3f56d	Misc_RunCircle_House
0x7ea840ec	ClothTopslongAlongHalfEmbroidery
0x7eaa2c62	ClothAccessoryBackBow
0x7eab273c	EmotionTelopChatLoveSitKnittingOnTheFerrisWheelEntrance
0x7eaecdc6	DepressRevengeConfessionNo
0x7eb2bce0	Work/Data/ClothParam/ClothHeadwearCostumePenguin.data__ClothParam.gyml
0x7eb2d144	Work/Data/ClothParam/ClothShoesSandalRound.data__ClothParam.gyml
0x7eb955c7	Mii.Belongings.UgcInteriorOwnInfo
0x7eb9aad5	Player.HabitInfo2.StandLeanForward.OwnNum
0x7ebae67f	Player.GoodsInfo2.VirtualBoy.OwnNum
0x7ebd87ef	LvUPGoods_ALL_House_DiningTable_raw
0x7ec3836a	UGC.MapFloor.WordAttrCount
0x7ecaafc1	Player.GoodsInfo2.HawaiiKeyChain.IsNewlyOwned
0x7ecc8a60	UGC.Goods.OtherEffect
0x7ed5e50b	TreasureGameEmotionTelopChatDifficultSitOnSofaTVMode
0x7eda47b0	ClothTopsCoatHalfTunic
0x7ee89840	Work/Confluence/PageInfo/HairBack044.pp__Confluence__PageInfo.gyml
0x7ee8d484	TreasureGoods_Pet_House_LDKCarpet_raw
0x7eec35e9	UGC.Cloth.ClothGender
0x7ef4fcad	Childcare.Pending.HabitOwnInfo.LifeTimeNightOwl.IsOwn
0x7f029d4a	Work/Data/CoordinateAttribute/Coordinate0084.data__CoordinateAttribute.gyml
0x7f07ef06	ExplainInterior
0x7f0ae256	Purple
0x7f12d191	Player.GoodsInfo2.StuffedToyBear.OwnNum
0x7f25f607	Communicate021
0x7f2a2aa3	Player.MarketUpdateInfo.LastEnterTime
0x7f2ae94c	Mii.Trouble.Info
0x7f316257	Trouble_FightLover_Failure
0x7f33010f	TreasureGameEmotionTelopChatNoveltySitOnTheGround
0x7f3919cd	Work/Data/ClothParam/ClothShoesSandalZori.data__ClothParam.gyml
0x7f468fee	Work/Data/ClothParam/ClothTopsSportsBra.data__ClothParam.gyml
0x7f4b7639	ObjWeed_01
0x7f4d05ea	TypeA
0x7f52a096	ClothShoesBootsLongAntique
0x7f5338ed	Work/Data/CoordinateClothInfo/Coordinate0233.data__CoordinateClothInfo.gyml
0x7f5f79f0	BuyMarketNoon
0x7f60d992	Childcare.Pending.HabitOwnInfo.EatCute.State
0x7f624e84	Player.InteriorRoomStyleInfo.Baby02.LastObtainedSec
0x7f6dc157	ClothTopsTshirtLongLayered
0x7f6eafa2	Work/Data/ClothModelParam/ClothTopslongDressHalfMagical.data__ClothModelParam.gyml
0x7f713964	ClothTopsUgcTshirtSleeveless
0x7f7e74b0	Player.HabitInfo2.VoiceLoud
0x7f8c8600	Work/Data/CoordinateAttribute/Coordinate0230.data__CoordinateAttribute.gyml
0x7f8cff26	ItemSundae_04
0x7f973c5e	ObjBrooklyn00_WallDecoN
0x7f979393	Player.InteriorRoomStyleInfo.Minimul07.State
0x7f98f243	ClothHeadwearHatDiner
0x7f9b5d34	Mii.MiiMisc.UgcInfo.IsEdit
0x7fa0dc2d	UGC.Text.TextData.HowToCallText
0x7fa46440	Player.InteriorRoomStyleInfo.WoodBoard06.KeyHash
0x7fa4a3e3	Event0050CH
0x7fa55993	ClothBottomsUgcPantsWide
0x7fa66d84	Background
0x7fa87337	ObjTea00_Ceiling
0x7fade403	Player.HabitInfo2.GreetingLazy
0x7faf1aa2	ClothAccessoryBackShuriken
0x7fb154b9	Player.InteriorRoomStyleInfo.WesternStyle05.OwnNum
0x7fb28d1f	Player.FloorInfo.IsNewlyOwned
0x7fbe0eda	ClothShoesAnimalAnimalSlipper
0x7fcaacd9	Work/Mii/EyeAccessoryParam/Eye012.mii__EyeAccessoryParam.gyml
0x7fcbc391	Ashamed
0x7fd97e51	Metal
0x7fdb7c72	UGCFront
0x7fdd1d3a	Player.GoodsInfo2.GameAdventure
0x7fde3de5	Work/Data/CoordinateClothInfo/Coordinate0301.data__CoordinateClothInfo.gyml
0x7fe91596	Player.InteriorRoomStyleInfo.Dot06.IsNewlyOwned
0x7fef7f7d	UGC.Interior.Hash
0x7ff117f9	PlayMyRoomGroupLDKCarpet
0x7ff14035	Player.HabitInfo2.FaceRaiseEyebrows.IsNewlyOwned
0x7ff35b85	FacilityClothShop
0x7ff3d330	Player.InteriorRoomStyleInfo.Damask02.OwnNum
0x7ff5314c	Player.InteriorRoomStyleInfo.BlueSheet00.KeyHash
0x7ffa14e2	ClothTopsTshirtLongLayer
0x7ffd778b	Work/Data/ClothModelParam/ClothHeadwearHatCatCap.data__ClothModelParam.gyml
0x8002ed54	Work/Data/ClothParam/ClothBottomsPantsWideCropped.data__ClothParam.gyml
0x800d6d17	Player.InteriorRoomStyleInfo.LightStick03.OwnNum
0x800e786e	Mii.Belongings.NextInteriorWantGameTime
0x80103bd9	ClothTopsMantleLongSteamPunk
0x80182ab3	UGC.Text.TextData.Attribute
0x801c490b	GetAngryTypeRegretfulTears
0x80204c22	EmotionTelopChatDarkSitOnTerraceBench
0x8020db79	CoordinateInfo
0x8026ec1c	Player.InteriorRoomStyleInfo.Lace05.LastObtainedSec
0x80273dca	ObjTreeElectric
0x8027d230	InvitingGroupDemo_DemoCommunicate001
0x8027d28f	Work/Data/Destination/ActionPoint/FacilityPhotoStudio_ViewPos.data__destination__ActionPoint.gyml
0x80280224	Unlock.ProposalSuccessCount
0x802b05a5	SpecialSaleStartTime
0x802b7f42	Work/Mii/EyeAccessoryParam/Eye046.mii__EyeAccessoryParam.gyml
0x802ed838	Walnut
0x802f2a3a	TreasureAnythingEmotionTelopChatBlushAtLivingFloor
0x80311eb5	Childcare.Pending.HabitOwnInfo.SnoreLoudly.IsOwn
0x8033c4f4	Work/Data/ClothModelParam/ClothTopslongOverallSleevelessSwimwear.data__ClothModelParam.gyml
0x80380c8a	Work/Data/ClothParam/ClothBottomsPantsWideCheckCargo.data__ClothParam.gyml
0x8038cd88	BigFlower03
0x804172f3	Relative
0x8042263a	Player.GoodsInfo2.InsectSpecimen.IsNewlyOwned
0x80456611	ShopPaidMoneyBuildingUgcObje
0x804ad286	ClothShoesThickFur
0x804c6e31	ObjAtelier00_WorkN
0x804fe99b	UGC.Exterior.IslandName
0x8055dc48	Work/Data/ClothParam/ClothTopslongOverallLongMariachi.data__ClothParam.gyml
0x80596130	Coordinate0197
0x805a23a5	Player.InteriorRoomStyleInfo.Garage04.OwnNum
0x805ad70e	Work/Data/CoordinateClothInfo/Coordinate0074.data__CoordinateClothInfo.gyml
0x8062d8e5	EmotionTelopChatLoveSpeechCircle
0x80683d5b	Heart03
0x806e02f0	RoomStyle
0x806f513c	ClothTopsOuterLongYokosuka
0x8078c4f9	ClothTopslongDressHalfChinaPoblana
0x80822fb9	Trouble_ClothPAccessory_Failure
0x8088b8b3	Event0020FL
0x808f5715	MiiEvent_Event0022FL
0x8090356b	Branch_LDKLeft
0x80932ba8	Player.InteriorRoomStyleInfo.Stuffed02.FirstObtainedSec
0x80954bd7	ClothBottomsPantsWideJerseyHalf
0x8097c82c	Work/Confluence/PageInfo/HairBack036.pp__Confluence__PageInfo.gyml
0x80989739	Work/Component/DestinationInfo/SystemSeaside.actor__DestinationInfo.gyml
0x80989d62	Player.HabitInfo2.WalkToeOut.IsNewlyOwned
0x809ed747	DemoDM104056
0x809fc341	Player.GoodsInfo2.GameRacing.IsNewlyOwned
0x80a4e0f7	Mii.Belongings.RoomStyleInfo.Flag.Baby01
0x80a90c3c	Player.GoodsInfo2.Tuna.State
0x80aa619f	TreasurePetEmotionTelopChatImpressedSitOnTheGround
0x80aaf771	Player.InteriorRoomStyleInfo.Dinosaur01.State
0x80af1e4e	ClothBottomsSkirtLongFlare
0x80afa700	Work/Component/DestinationInfo/ObjBenchHome.actor__DestinationInfo.gyml
0x80c4e173	ObjFlowerTulip
0x80c93d98	MapObject.Location
0x80c9450f	TreasureGoods_ALL_House_DiningTable_raw
0x80c990bd	Player.GoodsInfo2.SuspiciousSwitch.OwnNum
0x80cd9b07	Karaage
0x80ce5270	Player.HabitInfo2.ExpressionLess.OwnNum
0x80cfac69	Mii.Belongings.HabitOwnInfo.VoiceLoud.IsOwn
0x80d5de0b	Player.GoodsInfo2.Frog
0x80d6a5dd	Work/Data/CoordinateAttribute/Coordinate0146.data__CoordinateAttribute.gyml
0x80d70417	Work/Data/ClothParam/ClothAccessoryNeckBowTie.data__ClothParam.gyml
0x80d77e90	UGC.Goods.LastObtainedSec
0x80de0dfa	ClothTopslongOverallLongIceHockey
0x80e030be	Player.GoodsInfo2.TomodachiCollection.State
0x80e0ba69	PlasticModelParts
0x80e1620f	IndoorFacility
0x80e6c615	Mii.MiiMisc.WordInfo.WordArray
0x80e76f7f	Player.GoodsInfo2.Tissue.LastObtainedSec
0x80e7c87e	Gym02
0x80e960d1	an3
0x80eefca9	Mii.MiiMisc.EntryInfo.HowToCallPlayerNickName
0x80fc58f4	Work/Data/ClothParam/ClothAccessoryWaistCat.data__ClothParam.gyml
0x80fc7e84	ClothTopslongDressHalfAlpinist
0x80fd2389	LvUPGoods_NotePC_House_Deject
0x80feb3d2	Player.InteriorRoomStyleInfo.Dot02.OwnNum
0x810134b7	Childcare.Pending.HabitOwnInfo.ExpressionLess.IsChecked
0x810156f2	Childcare.Pending.Name.HowToCallFirstPerson
0x8102a990	Camouflage03
0x81031936	Work/Data/ClothModelParam/ClothHeadwearHatKnitCap.data__ClothModelParam.gyml
0x81079a3a	ClothBottomsSkirtLongTiered
0x81095483	House.RoomStyleInfo.Flag.Dot05
0x810bf84b	Player.InteriorRoomStyleInfo.Marble01.LastObtainedSec
0x8111e45a	CurrentSumDay
0x81158624	ItemWedding00_Candle
0x8116c8d3	Work/Confluence/PageInfo/HairAllLegacy108.pp__Confluence__PageInfo.gyml
0x811b4c0f	ObjJackOLantern_Center
0x811c7f79	Player.HabitInfo2.WalkStoop.IsNewlyOwned
0x811f9da4	Work/Confluence/PageInfo/HairBack023.pp__Confluence__PageInfo.gyml
0x81224cb0	Work/Data/CoordinateClothInfo/Coordinate0236.data__CoordinateClothInfo.gyml
0x8122733e	ClothHeadwearGlassSnorkel
0x8130592a	Work/Data/ClothParam/ClothHeadwearCostumeFurHood.data__ClothParam.gyml
0x8135d8c9	WeakOn
0x81370f16	ReplicaSword_Use
0x81397a0f	Mii.Belongings.HabitOwnInfo.VoiceSmall
0x8139d0d9	TreasureGameEmotionTelopChatInterestingSitOnFerrisWheelEntrance
0x8142bfe6	DuraluminCase
0x81437574	Player.InteriorRoomStyleInfo.Damask06.OwnNum
0x8149907a	Childcare.Pending.HabitOwnInfo.GetAngryTypeHard
0x815022d8	DemoPR000111
0x81559752	ClothShoesSandalZori
0x81571116	Tail
0x8157f85e	Player.InteriorRoomStyleInfo.Party07.IsNewlyOwned
0x815d10a8	ObjShowa00_ChestC
0x815dab07	Player.InteriorRoomStyleInfo.WoodBoard02.OwnNum
0x815e8d5d	Player.GoodsInfo2.GoldBar.LastObtainedSec
0x81620f18	Player.GoodsInfo2.Faucet
0x8164b98b	Player.InteriorRoomStyleInfo.SF01.IsNewlyOwned
0x816d50a3	UGC.MapFloor.Hash
0x816fad0e	Mii.Belongings.RoomStyleInfo.Flag.Fruit04
0x81720096	Player.InteriorRoomStyleInfo.Japanese00.IsNewlyOwned
0x8179687f	Player.HabitInfo2.GreetingTypeShallow.State
0x817d4b2a	Goal
0x817d9f01	ClothBottomsSkirtLongElephant
0x817dfbb2	Work/Data/ClothParam/ClothHeadwearCostumeTurkey.data__ClothParam.gyml
0x818210d9	Turtle
0x8182b9e9	GridPosX
0x818ccb26	Fun
0x818d5861	DemoDM104054
0x819aaf2b	Player.InteriorRoomStyleInfo.Dot04.State
0x819d8134	Mii.MiiMisc.FaceInfo.ReadyHairChangeGameTime
0x81a0be67	Player.GoodsInfo2.Perfume
0x81a184de	CacheOwnerNum
0x81aaad6c	Coordinate0121
0x81abb30d	Work/Data/ClothModelParam/ClothSocksRib.data__ClothModelParam.gyml
0x81ac4ca4	GlassZaiku
0x81b42429	ObjBaby00_StuffedAnimal
0x81b59b5f	Work/Mii/EyeAccessoryParam/Eye018.mii__EyeAccessoryParam.gyml
0x81b8d416	Nudle
0x81c4b14d	Work/Data/CoordinateAttribute/Coordinate0340.data__CoordinateAttribute.gyml
0x81c71214	ClothBottomsPantsLongSports
0x81cb1941	Work/Data/ClothModelParam/ClothHeadwearOrnamentSideHibiscus.data__ClothModelParam.gyml
0x81cc0d6d	NetworkUuid
0x81cc23a2	Player.InteriorRoomStyleInfo.LockerRoom01.InformedNewRelease
0x81cf470a	Mii.Voice.Pitch
0x81d783e6	ClothAccessoryMufflerCheck
0x81d8840d	ObjSeesaw_06
0x81e1c4f6	Work/Data/ClothModelParam/ClothShoesThickMouton.data__ClothModelParam.gyml
0x81e5a5ca	Mii.MiiMisc.SatisfyInfo
0x81eb501b	Work/Component/DestinationInfo/ObjSeesaw.actor__DestinationInfo.gyml
0x81f2a512	House.RoomStyleInfo.Flag.Book01
0x81f9fd01	ClothBottomsUgcPantsLong
0x8203a6ca	ClothHeadwearHatCrown
0x8204da3b	StyleGroup_Gym00
0x820a3195	Night
0x820b8ac2	ClothTopsYshirtPuffSmock
0x820c7299	Mii.Belongings.RoomStyleInfo.Flag.Grassland00
0x820dfd96	Player.InteriorRoomStyleInfo.Minimul04.OwnNum
0x820ff14a	ObjFormula00_BookA
0x8214c19e	Work/Data/CoordinateClothInfo/Coordinate0039.data__CoordinateClothInfo.gyml
0x821c5664	ObjSwingRider
0x821f16c1	Player.InteriorRoomStyleInfo.Bathroom03.OwnNum
0x821f31bb	Work/Data/ClothParam/ClothTopsYshirtLongWideStripe.data__ClothParam.gyml
0x821f7aba	SystemVacantLand_FountainPark_Center
0x82210942	MiiEvent_Event0049CH
0x8222e986	WordKind
0x82280f33	Picker
0x822a91e2	EnableGenerateGameTime
0x822e6e8c	Work/Data/ClothModelParam/ClothBottomsSkirtMiniTennis.data__ClothModelParam.gyml
0x82343aa4	Work/Data/ClothParam/ClothAccessoryBackZipper.data__ClothParam.gyml
0x823f8297	UGC.Goods.UgcGoodsFeature
0x82428e8e	Work/Data/CoordinateAttribute/Coordinate0338.data__CoordinateAttribute.gyml
0x82466784	Childcare.Pending.HabitOwnInfo.StandShy.IsOwn
0x824b0449	YogaGroupField
0x824ccfee	Dir1Grid_Snowman
0x824cfcba	HouseDeco
0x824e2807	Work/Data/ClothModelParam/ClothBottomsPantsWideSimpleHalf.data__ClothModelParam.gyml
0x82527e95	Player.InteriorRoomStyleInfo.Fruit00.LastObtainedSec
0x82549ea4	FriendTrouble
0x825cda74	Invite_BackToPartner
0x825d46b3	ClothShoesHighcutSpace
0x8260ac6d	ObjBenchHome_02
0x82630f46	GuitarSchoolMyRoom
0x8265f26c	Mii.Belongings.RoomStyleInfo.Flag.LockerRoom00
0x8267ca46	Player.InteriorRoomStyleInfo.Heart02.OwnNum
0x82747a38	DailyLog.LastUpdateTime
0x827902aa	Work/Confluence/PageInfo/HairAllLegacy110.pp__Confluence__PageInfo.gyml
0x82794ce3	ItemConfessionCake
0x8279e9c6	MiiEvent_Event0040CH
0x827b2152	Retropop01
0x8280df70	FollowingMii
0x82893f61	Headwear
0x828997aa	Work/Data/ClothParam/ClothAccessoryBackFlower.data__ClothParam.gyml
0x8289f605	VoiceLoud
0x828b6422	Unlock.EnterPhotoStudioCount
0x828ba3f6	PeriodDOrAfter
0x829427d8	TypeSetTime
0x8295a289	Seaside1x1
0x829b5981	Player.InteriorRoomStyleInfo.Brick01.KeyHash
0x82a07dbb	Work/Data/Destination/DemoArea/FacilityFamilyRestaurantTableSet_EachTable.data__destination__DemoArea.gyml
0x82aa42f2	Rest
0x82b54235	Work/Data/ClothModelParam/ClothTopsYshirtSleevelessTurtleneckKnit.data__ClothModelParam.gyml
0x82bce8e1	TreasureAnythingEmotionTelopChatDifficultSitOnDiningTable
0x82bfe1f0	Player.GoodsInfo2.Ohsho.State
0x82c8c726	VacantLand_5x5
0x82d91980	GoRestaurantMealTogether
0x82dea078	Event0017CH
0x82e056cd	Work/Data/ClothModelParam/ClothTopslongDressSleevelessFigure.data__ClothModelParam.gyml
0x82e2ef9c	Player.InteriorRoomStyleInfo.Wedding01
0x82ee17f0	FocusLeadingBecomeFriendNormal
0x82f00544	ItemPasta_01
0x82f30fc2	Player.InteriorRoomStyleInfo.Dot06
0x82f64d44	ClothAllCostumeLongPineapple
0x83066031	Branch_Event0022_TargetMiiNum5
0x8306b534	Work/Data/ClothParam/ClothSocksRetroCheck.data__ClothParam.gyml
0x830fa014	Player.GoodsInfo2.Alien2.State
0x8310836c	Gym00
0x8311da48	Mii.MiiMisc.EntryInfo.PlayerNickName
0x8313fbbc	Player.HabitInfo2.LifeTimeNightOwl
0x8314a8b2	Player.InteriorRoomStyleInfo.Japanese03.KeyHash
0x83183697	Player.HabitInfo2.VoiceLoud.LastObtainedSec
0x831f379d	Work/Data/ClothModelParam/ClothBottomsSkirtMiniDoubleButton.data__ClothModelParam.gyml
0x8320b136	Work/Data/ClothModelParam/ClothHeadwearFullfaceTelevision.data__ClothModelParam.gyml
0x83233802	Work/Data/CoordinateClothInfo/Coordinate0068.data__CoordinateClothInfo.gyml
0x8328d65f	Mii.Belongings.HabitOwnInfo.StandProudly
0x832a3457	Player.GoodsInfo2.Chick.IsNewlyOwned
0x832bcb2f	Player.InteriorRoomStyleInfo.LightStick03.InformedNewRelease
0x832e208b	Index0
0x83351be9	Player.InteriorRoomStyleInfo.Dot07.FirstObtainedSec
0x83377946	Damask04
0x833d9191	Event0048FL
0x8345be25	EmotionTelopChatDarkNotePCSpeechAtLivingFloor
0x8345e2f2	Mii.Belongings.RoomStyleInfo.Flag.Cage00
0x8347d5dd	FacilityAtelier_Entrance
0x834ab892	LvUPGoods_Soccer_raw
0x834cecc1	Player.InteriorRoomStyleInfo.WesternStyle00.IsNewlyOwned
0x834df232	Work/Data/CoordinateClothInfo/Coordinate0341.data__CoordinateClothInfo.gyml
0x83500478	Childcare.Pending.HabitOwnInfo.StomachSmall.State
0x835114c1	UGC.Interior.UgcImpressionType
0x8355e61a	Work/Data/ClothParam/ClothShoesSandalBeads.data__ClothParam.gyml
0x8356e00b	Work/Data/ClothModelParam/ClothShoesBootsLongSamuraiProtection.data__ClothModelParam.gyml
0x8358ac32	Player.HabitInfo2.StomachSmall.State
0x8366c2b5	Work/Data/ClothModelParam/ClothTopsYshirtHalfSticker.data__ClothModelParam.gyml
0x836ab1b5	Work/Data/ClothModelParam/ClothTopsOuterLongFlower.data__ClothModelParam.gyml
0x837ae482	Work/Data/ClothModelParam/ClothAccessoryBackFeather.data__ClothModelParam.gyml
0x837d0db1	Trouble_HungryFish_Success
0x837e782d	Player.GoodsInfo2.VirtualBoy
0x83815b23	Work/Data/ClothParam/ClothTopsOuterLongHalfZip.data__ClothParam.gyml
0x838160d2	Work/Data/ClothModelParam/ClothHeadwearOrnamentSidePinFlower.data__ClothModelParam.gyml
0x8384a6a8	Work/Data/ClothModelParam/ClothBottomsPantsWideDogJersey.data__ClothModelParam.gyml
0x83856616	Hot
0x838bb104	Mii.Belongings.RoomStyleInfo.Flag.Antarctic00
0x838cd4b6	Player.InteriorRoomStyleInfo.Stuffed01.FirstObtainedSec
0x838e98f4	FacilityFamilyRestaurantObj
0x839966a0	Player.InteriorRoomStyleInfo.Damask00.IsNewlyOwned
0x839a64d6	Maracas_Use_Right
0x83a067f0	ClothAccessoryWaistHorse
0x83a0c17d	Work/Data/ClothParam/ClothAccessoryMufflerScarf.data__ClothParam.gyml
0x83a4d0ee	Work/Data/ClothParam/ClothTopsOuterLongAran.data__ClothParam.gyml
0x83a4ede8	Work/Data/ClothModelParam/ClothHeadwearHatSimpleKnit.data__ClothModelParam.gyml
0x83a7521f	Mii.Belongings.HabitOwnInfo.GetAngryTypeHard.IsOwn
0x83aa3840	Player.GoodsInfo2.Amber.IsNewlyOwned
0x83af1c2d	Player.InteriorRoomStyleInfo.Lace00
0x83bf4470	ExFriend_ExLover_Divorce
0x83bf9cdb	PetShiny
0x83c7621d	Player.HabitInfo2.WalkUneasily
0x83cabedc	Event0015CH
0x83cb6fbb	DemoPR000065
0x83cc5584	Player.InteriorRoomStyleInfo.MusicRoom00.LastObtainedSec
0x83ce2605	Water_Undefined
0x83d1e57a	Work/Data/ClothModelParam/ClothSocksTiedye.data__ClothModelParam.gyml
0x83d7d226	DemoDM104005S2a
0x83d8c101	CommonDailyItem
0x83dcac64	DemoPR000094
0x83dd1040	KnowNotLover120Over
0x83e2b438	Player.HabitInfo2.WalkUnsteady.OwnNum
0x83e45f47	Sour
0x83eb6cb8	Milkshake
0x83ecf3b6	Work/Data/ClothModelParam/ClothHeadwearHatBackHunting.data__ClothModelParam.gyml
0x83f87bf0	Work/Data/ClothModelParam/ClothHeadwearHatPirate.data__ClothModelParam.gyml
0x83fc68b2	Mii.Belongings.HabitOwnInfo.StandToeOut.State
0x840168a1	MoneyGet
0x84022dcc	Mii.HomeLiveTime
0x840480ec	ObjChinese00_Chair
0x8413d1bd	House.RoomStyleInfo.Flag.LightStick00
0x8414742f	Player.GoodsInfo2.Alien1.OwnNum
0x841a7b4b	ObjChristmas00_Tree
0x841d7474	Player.GoodsInfo2.WindUpTeeth.OwnNum
0x84254dad	ClothTopsCoatLongRain
0x842de92a	Player.InteriorRoomStyleInfo.WoodBoard07.IsNewlyOwned
0x842f0179	Amber
0x843123c3	StandHot
0x84323c1e	Player.InteriorRoomStyleInfo.Japanese02.OwnNum
0x84333d9c	Goods_BreakDance
0x84336f8b	Player.InteriorRoomStyleInfo.Camouflage01.InformedNewRelease
0x843ba2fe	Mii.MiiMisc.WordInfo.WordArray.WordRegionLanguageID
0x843c6580	UGC.SuspendMii.ImportHeadwearId
0x84443b7b	Work/Data/ClothParam/ClothAccessoryChestBadgeText.data__ClothParam.gyml
0x844528d3	Player.GoodsInfo2.SpeechBubbleSilver.LastObtainedSec
0x844b1359	Work/Data/ClothParam/ClothHeadwearHatParty.data__ClothParam.gyml
0x844b3316	ClothAccessoryBagOutdoor
0x844c254b	Player.InteriorRoomStyleInfo.MonitorRoom01.LastObtainedSec
0x844e2cc3	Player.InteriorRoomStyleInfo.Fruit06.IsNewlyOwned
0x8454c2d4	Sound_06
0x845b80c1	Player.InteriorRoomStyleInfo.Japanese00.State
0x845ecb82	EmotionTelopChatSecretSitOnDiningTable
0x846063bf	Player.GoodsInfo2.Robot.IsNewlyOwned
0x846349d3	Extention
0x846a2aa2	ClothHeadwearCostumeHotdog
0x846bea64	UGC.FacePaint.IsEdit
0x846f64fa	ItemDrinkCan_01
0x8474b9d7	Mii.MiiMisc.ClothInfo.HeadwearUGCIndex
0x847731d9	EmotionTelopChatRelaxSitOnTheFerrisWheelEntrance
0x8479278d	ObjSafetyCone_05
0x84792c15	Work/Data/CoordinateAttribute/Coordinate0341.data__CoordinateAttribute.gyml
0x84797b83	Work/Component/DestinationInfo/HouseDollhouseDeck.actor__DestinationInfo.gyml
0x847b4ced	Work/Data/ClothParam/ClothAccessoryNeckPouch.data__ClothParam.gyml
0x847faa92	Player.InteriorRoomStyleInfo.Dinosaur00.FirstObtainedSec
0x84824827	Mii.Belongings.ClothOwnInfo
0x84826e9a	UGC.MapObject
0x8486c287	Work/Data/ClothModelParam/ClothHeadwearHatSilk.data__ClothModelParam.gyml
0x848afcf4	Desert00
0x848f6e04	Work/Data/CoordinateAttribute/Coordinate0270.data__CoordinateAttribute.gyml
0x84999910	Enable
0x849a126c	Work/Data/ClothParam/ClothShoesStandardDefault.data__ClothParam.gyml
0x849aa7cc	Trouble_FightReconciliation_Success
0x849e53af	Work/Data/ClothModelParam/ClothTopslongOverallLongNinja.data__ClothModelParam.gyml
0x849f61eb	ObjFigure00_ShelfS
0x84a34ada	Event0001FL
0x84ab773b	Childcare.Pending.HabitOwnInfo.GreetingHeadOnly.State
0x84b4d512	UgcImpressionType
0x84b9572c	ObjWedding00_Arch
0x84c0a04d	Player.GoodsInfo2.FamousMountainCalendar.LastObtainedSec
0x84c0c4c4	InvitingDemo_ChatAtRestaurantCheerup
0x84c5ae18	UGC.MapObject.PlayerName
0x84c6efde	Player.InteriorRoomStyleInfo.Jungle00.OwnNum
0x84d1dfb7	Work/Data/ClothModelParam/ClothHeadwearCostumeStar.data__ClothModelParam.gyml
0x84d2fba6	Player.InteriorRoomStyleInfo.Cemetery00.KeyHash
0x84da2f5c	Player.InteriorRoomStyleInfo.SmallFlower00
0x84dbbe15	Work/Data/ClothModelParam/ClothBottomsSkirtMiniSequins.data__ClothModelParam.gyml
0x84df9bf3	FacilityPhotoStudio_Front
0x84e48e51	Player.GoodsInfo2.Unicorn.LastObtainedSec
0x84e636f4	ClothTopsTshirtHalfBaseball
0x84ec95e2	Player.InteriorRoomStyleInfo.Triangle02.LastObtainedSec
0x84ee1245	DemoSB044507
0x84ef9aa4	Player.GoodsInfo2.GameRoleplaying.LastObtainedSec
0x84f7473d	TravelPlaceN016S1
0x84fce6d2	Player.InteriorRoomStyleInfo.WesternStyle02.LastObtainedSec
0x84fdc6d1	Event0051FL
0x84fdcb5c	HelpAccident
0x8501523e	Christmas00
0x85058883	Work/Confluence/PageInfo/HairAll075.pp__Confluence__PageInfo.gyml
0x8509b0e7	SF02
0x850d8192	TreasureGoods_Game_Sitting_House
0x850dda30	Player.InteriorRoomStyleInfo.StainedGlass02
0x850e402e	Player.HabitInfo2.ChangeCloth.State
0x8516d108	Work/Data/ClothModelParam/ClothTopsYshirtSleevelessSimple.data__ClothModelParam.gyml
0x85176d44	Work/Data/ClothModelParam/ClothShoesFinDivingFins.data__ClothModelParam.gyml
0x8517f112	DemoGadget
0x85187c81	Work/Data/CoordinateAttribute/Coordinate0137.data__CoordinateAttribute.gyml
0x85228ec4	Work/Data/ClothParam/ClothBottomsSkirtLongElephant.data__ClothParam.gyml
0x852b143a	ObjThrone_04
0x852dcd33	Mii.Belongings.HabitOwnInfo.StandShakeHip.IsChecked
0x85308f98	Player.InteriorRoomStyleInfo.Lace04.LastObtainedSec
0x8530e0c8	ClothTopslongSalopetteLongJudo
0x8547319b	RoomDoorToilet_FrontLeftDoor
0x854c2586	Work/Data/CoordinateClothInfo/Coordinate0286.data__CoordinateClothInfo.gyml
0x854c90cf	ClothSeason
0x854d49eb	ObjStar00_Telescope
0x85510339	Event0027FL2
0x855139a7	FoodAndGoods03
0x8552837e	Fullmask
0x8554266f	DailyLog.BuyMarketNight
0x855a1954	Player.HabitInfo2.EatSecretly
0x8561d948	Player.InteriorRoomStyleInfo.LightStick07.FirstObtainedSec
0x85640955	Player.GoodsInfo2.BookSelfDevelopment.OwnNum
0x857013a3	Commonsense
0x8570233f	Work/Data/ClothModelParam/ClothTopsYshirtLongMultipulVest.data__ClothModelParam.gyml
0x85710de5	NoGroup_FocusLeadingFirstSightLoveChange
0x8572b80a	Player.InteriorRoomStyleInfo.Strata00.IsNewlyOwned
0x8575276d	Player.GoodsInfo2.MessageBottle
0x85784011	LastEnterTime
0x8578af0c	Mii.MiiMisc.EntryInfo
0x8579319e	Player.InteriorRoomStyleInfo.SF01.LastObtainedSec
0x857ba44c	Player.InteriorRoomStyleInfo.Formula00.FirstObtainedSec
0x857ee6ec	Work/Data/ClothModelParam/ClothHeadwearHatBandana.data__ClothModelParam.gyml
0x8581b052	Work/Data/ClothModelParam/ClothHeadwearHatAcademic.data__ClothModelParam.gyml
0x8582b5f1	UGC.Goods.PlayerName
0x85837e2f	Player.InteriorRoomStyleInfo.SmallFlower06.InformedNewRelease
0x8589b15c	ColorBox03
0x858aa9e2	SystemPrivateRoom_Center
0x85a1e14c	Player.GoodsInfo2.CDRock
0x85a2fbaf	Childcare.Pending.HabitOwnInfo.FaceWink.IsOwn
0x85a37b90	UGC.Interior.HowToCallName
0x85a8caee	Mii.Belongings.RoomStyleInfo.Flag.Nobility01
0x85aa340b	SuitLongKey
0x85ba478a	Player.BuildingInfo2.IsNewlyOwned
0x85bb3ae6	Work/Data/ClothModelParam/ClothHeadwearHatParty.data__ClothModelParam.gyml
0x85be4a28	House.RoomStyleInfo.Flag.WoodBoard07
0x85c0ea67	ClothAllMantleLongHero
0x85c6660a	Work/Data/CoordinateAttribute/Coordinate0254.data__CoordinateAttribute.gyml
0x85c7123e	Player.InteriorRoomStyleInfo.Baby02.OwnNum
0x85cd972b	TreasureBookEmotionTelopChatInterestingSitOnFerrisWheelEntrance
0x85ce0d99	Work/Confluence/PageInfo/HairAll113.pp__Confluence__PageInfo.gyml
0x85d0f61a	Event0005CH
0x85d2529a	Work/Data/CoordinateAttribute/Coordinate0290.data__CoordinateAttribute.gyml
0x85d33d31	ItemSloppy00_Book
0x85d54270	Work/Mii/EyeAccessoryParam/Eye048.mii__EyeAccessoryParam.gyml
0x85d77ba1	LimeGreen
0x85ddf154	Work/Data/CoordinateClothInfo/Coordinate0268.data__CoordinateClothInfo.gyml
0x85e12119	FaceBalanceChild
0x85f26a31	EmotionTelopChatFervorSitKnittingOnTheFerrisWheelEntrance
0x85f5de13	ItemCandy00_Table_Demo
0x85f94603	Player.InteriorRoomStyleInfo.Training00.LastObtainedSec
0x85fad33c	Player.InteriorRoomStyleInfo.PublicBath00.KeyHash
0x8600e09d	Work/Confluence/PageInfo/HairAll108.pp__Confluence__PageInfo.gyml
0x860147e2	RoomIndex
0x86032da2	Player.InteriorRoomStyleInfo.WoodBoard06.FirstObtainedSec
0x86082551	ClothAccessoryBackDragon
0x8610ca68	ClothAllBodySuitLongFuture
0x861398e1	NoGroup_Event0047FL
0x86161f4f	UGC.FacePaint.Name
0x86181dbf	NotOther
0x861a22cc	ObjParty00_TableMain
0x861a7d6a	EyebrowThinFlatAngle
0x861cd88c	MapFloor
0x861f8310	LockerRoom01
0x8624729d	Player.InteriorRoomStyleInfo.MultiDot00
0x862a7bde	Event0003FL
0x862bdc6c	Facility_PawnShop
0x862d243b	Trouble_HungryNoodle_Failure
0x863176e0	Player.InteriorRoomStyleInfo.Damask01.KeyHash
0x86323040	BottomsA
0x86324f56	Work/Data/CoordinateAttribute/Coordinate0239.data__CoordinateAttribute.gyml
0x863651e5	Player.InteriorRoomStyleInfo.Triangle02.FirstObtainedSec
0x8636f271	Work/Confluence/PageInfo/HairAllLegacy083.pp__Confluence__PageInfo.gyml
0x863f73ed	Work/Data/ClothModelParam/ClothTopsTshirtLongRagged.data__ClothModelParam.gyml
0x86422d26	Childcare.Pending.HabitOwnInfo.VoiceGloomy.IsChecked
0x86456e89	Player.GoodsInfo2.DVDWideShow.IsNewlyOwned
0x864665b7	ItemBeach00_Crab
0x8647062d	Player.InteriorRoomStyleInfo.Christmas01.IsNewlyOwned
0x86475f89	Work/Data/ClothModelParam/ClothAllCostumeLongCaterpillar.data__ClothModelParam.gyml
0x8649dbea	Childcare.Pending.HabitOwnInfo.GreetingMacho.IsChecked
0x8651334e	Player.InteriorRoomStyleInfo.Triangle04.OwnNum
0x865174a3	NoGroup_Event0014CH
0x86539869	Work/Confluence/PageInfo/HairBack033.pp__Confluence__PageInfo.gyml
0x865cf8c9	BubblesStraw_Carry
0x865d9686	Player.InteriorRoomStyleInfo.SmallFlower03.InformedNewRelease
0x866031fc	Work/Data/ClothParam/ClothAccessoryNeckAcrylic.data__ClothParam.gyml
0x86608fe6	ClothBottomsPantsLongMawashi
0x8668db1e	Player.InteriorRoomStyleInfo.Festival00.IsNewlyOwned
0x866c0840	Work/Data/CoordinateAttribute/Coordinate0005.data__CoordinateAttribute.gyml
0x8670910e	UGC.Interior.LastObtainedSec
0x8673aade	Star03
0x867662cb	Work/Data/ClothModelParam/ClothHeadwearCoverSwim.data__ClothModelParam.gyml
0x8678f0b1	Work/Data/ClothParam/ClothBottomsPantsLongDefault.data__ClothParam.gyml
0x867996d2	InvitingGroupDemo_DemoCommunicate000
0x867d136a	Event0046FL
0x867ddbe1	ObjAtelier00_Chair
0x86815893	Work/Data/ClothModelParam/ClothTopslongOverallLongSuspenders.data__ClothModelParam.gyml
0x868423dc	StreetDanceTogether
0x86857233	Player.GoodsInfo2.Vihta
0x8689bdd4	GroupJumpHere
0x868ba334	DemoDM104005S2b
0x868ddf5d	Herringbone00
0x8694f1cc	ClothAccessoryNeckRing
0x8697e70c	Mii.Belongings.RoomStyleInfo.Flag.Formula01
0x8698c8b7	Gold_Road
0x869a1be7	Work/Data/ClothParam/ClothHeadwearFullmaskHero.data__ClothParam.gyml
0x869a4716	Player.GoodsInfo2.Tissue.IsNewlyOwned
0x86a01525	VeryGood
0x86a0b9da	Player.GoodsInfo2.BalletSet.IsNewlyOwned
0x86a8718b	Childcare.Pending.HabitOwnInfo.VoiceShiny
0x86a8db29	Player.InteriorRoomStyleInfo.Japanese02
0x86ab3bff	Player.GoodsInfo2.Kangaroo
0x86adc47d	ObjAerogenerator_03
0x86b0848e	Player.InteriorRoomStyleInfo.Market00.KeyHash
0x86b6941e	Player.InteriorRoomStyleInfo.Book01.KeyHash
0x86b9a619	StyleGroup_Bathroom00
0x86bf727c	ObjBeachBed_06
0x86c0af91	Player.HabitInfo2.StandRhythm
0x86c1a324	Work/Data/ClothModelParam/ClothTopsTshirtLongSailor.data__ClothModelParam.gyml
0x86c983ae	Work/Data/ClothParam/ClothShoesSandalBathroom.data__ClothParam.gyml
0x86ca94d9	Work/Data/CoordinateClothInfo/Coordinate0145.data__CoordinateClothInfo.gyml
0x86d277d8	MirrorBall
0x86d4fb0e	ClothBottomsPantsWideJacquard
0x86d81c9d	Work/Data/Destination/ActionPoint/ObjSwingRider_Goal.data__destination__ActionPoint.gyml
0x86debcca	Work/Data/ClothParam/ClothTopslongBoxDressLongChidori.data__ClothParam.gyml
0x86e2036f	Careless
0x86e29517	FocusLeadingInfo
0x86e37830	UGC.Text
0x86e3c34d	Work/Data/ClothParam/ClothBottomsPantsLongWagara.data__ClothParam.gyml
0x86e54ef3	ObjStreetLampRetro_05
0x86e60859	Work/Data/ClothParam/ClothHeadwearHatViking.data__ClothParam.gyml
0x86e6bfd2	Work/Data/ClothModelParam/ClothTopsYshirtLongSimple.data__ClothModelParam.gyml
0x86edf0b6	Work/Data/ClothParam/ClothTopslongBase.data__ClothParam.gyml
0x86eefe2e	Trouble_DepressBase_Success
0x86f0e25c	Mii.Belongings.RoomStyleInfo.Flag.SFX00
0x86f50fc0	Player.InteriorRoomStyleInfo.Horror01.InformedNewRelease
0x86f8d80d	RandomKey
0x870554c9	Player.GoodsInfo2.Tyrannosaurus.IsNewlyOwned
0x8707ee8c	SystemPrivateRoom_FreeSpace
0x8709eccf	ObjStreetLamp_attribute
0x870a807c	Player.UnlockMapLevel
0x87102d3b	UGC.Exterior.LastObtainedSec
0x871826ab	Work/Data/ClothModelParam/ClothTopslongOverallLongBaseball.data__ClothModelParam.gyml
0x871dcea0	ClothBottomsPantsLongRagged
0x871ef719	Lying
0x87204c87	ClothShoesStandardDefault
0x87207fee	Work/Data/ClothParam/ClothAccessoryBackCyberWing.data__ClothParam.gyml
0x872314b0	Work/Data/ClothParam/ClothHeadwearHatBandana.data__ClothParam.gyml
0x872b1a38	ClothTopsOuterLongAnimalBlouson
0x8731f7e9	Player.InteriorRoomStyleInfo.Book00
0x873276b0	Player.InteriorRoomStyleInfo.Camouflage02.State
0x873aa588	Work/Data/CoordinateClothInfo/Coordinate0058.data__CoordinateClothInfo.gyml
0x873dcba2	ClothTopslongAlineSleevelessCheer
0x8741753d	Work/Data/ClothModelParam/ClothTopslongAlineLongSanta.data__ClothModelParam.gyml
0x8749a747	Player.GoodsInfo2.TrophyBronze.LastObtainedSec
0x874b607a	Player.InteriorRoomStyleInfo.SF03.LastObtainedSec
0x874b9ab9	Work/Data/ClothParam/ClothTopsBodyBaseBikini.data__ClothParam.gyml
0x874d1143	LightStick04
0x8751dc34	Childcare.Pending.HabitOwnInfo.BlinkLot.State
0x875e3c98	InvitingGroupDemo_ChannelBattleAtSofa
0x8762a664	TreasureGoods_ALL_House_LDKCarpet_raw
0x87655f83	BlowBubbles
0x8769d477	Work/Data/CoordinateAttribute/Coordinate0002.data__CoordinateAttribute.gyml
0x876f88b1	Mii.CharacterParam
0x8773807d	ClothTopsYshirtLongBicolor
0x8773cff4	Masterpiece
0x877760d2	HouseDollHouseWashRoomWindow
0x8778b751	Player.GoodsInfo2.EmbroideredHandkerchief.LastObtainedSec
0x8778df0a	Work/Data/ClothModelParam/ClothTopsYshirtPuffDolly.data__ClothModelParam.gyml
0x8779de3d	Work/Data/ClothParam/ClothShoesPointedWitch.data__ClothParam.gyml
0x877b4d87	Work/Data/ClothParam/ClothHeadwearCostumeHamster.data__ClothParam.gyml
0x877f48cd	ClothTopsTshirtLongRiders
0x87926da2	Work/Confluence/PageInfo/HairAllLegacy112.pp__Confluence__PageInfo.gyml
0x8792ed22	TravelPlaceN018
0x8799f9da	Work/Data/CoordinateClothInfo/Coordinate0274.data__CoordinateClothInfo.gyml
0x879b24a9	Player.GoodsInfo2.NatureDVD.OwnNum
0x879d8d59	RoomWindow_Casement
0x879e2585	ClothSocksSeethroughDot
0x879f3d25	MartianStone
0x87a0f081	Work/Data/ClothParam/ClothTopsOuterLongDownJacket.data__ClothParam.gyml
0x87a4664e	Mii.Belongings.RoomStyleInfo.Flag.Party05
0x87a5cb6c	ClockTower
0x87a6778e	DirtySocks
0x87a6bae3	Work/Data/ClothParam/ClothAccessoryBackBow.data__ClothParam.gyml
0x87a76189	Player.InteriorRoomStyleInfo.Fruit03.IsNewlyOwned
0x87abe456	Fruit03
0x87ae3ed9	ObjCamouflage00_Shelf
0x87ae49fb	Work/Data/CoordinateAttribute/Coordinate0065.data__CoordinateAttribute.gyml
0x87b7f27b	ClothTopslongBoxDressLongShirt
0x87b9eb13	Trouble_LoverWanted_Failure
0x87bca189	ClothShoesSandalSneaker
0x87c3c424	ClothAllCupLongTapioca
0x87cce2e5	Player.GoodsInfo2.Ghost.State
0x87cd9b6f	Player.GoodsInfo2.BaoshanDecoration
0x87d22faf	Player.InteriorRoomStyleInfo.Fruit01.KeyHash
0x87d5b2d6	ClothTopsYshirtSleevelessSimple
0x87de5f01	PressConference
0x87df711a	DemoDM104068Lover_Couple
0x87e10baf	Mii.Belongings.RoomStyleInfo.Flag.Horror01
0x87e47453	Player.InteriorRoomStyleInfo.SF04.OwnNum
0x87e532c0	Player.InteriorRoomStyleInfo.Botanical00.InformedNewRelease
0x87e78c62	InsectSpecimen
0x87ea9f66	EnableAddFifthMii
0x87f3df89	Player.HabitInfo2.WalkScurry.LastObtainedSec
0x87f60bcd	Mii.Belongings.HabitOwnInfo.GreetingLazy.IsOwn
0x87f84ddc	Player.InteriorRoomStyleInfo.Log00.State
0x87fbbc22	Work/Data/CoordinateAttribute/Coordinate0049.data__CoordinateAttribute.gyml
0x87fcc799	Work/Data/ClothModelParam/ClothHeadwearMaskCrow.data__ClothModelParam.gyml
0x87ffb809	LuckyCat
0x880085e5	Player.InteriorRoomStyleInfo.Baby01.InformedNewRelease
0x8802faf7	Work/Data/CoordinateAttribute/Coordinate0304.data__CoordinateAttribute.gyml
0x8803d8ec	Mii.Belongings.HabitOwnInfo.GreetingTypeNoting.IsChecked
0x880b4122	Work/Mii/EyeAccessoryParam/Eye072.mii__EyeAccessoryParam.gyml
0x880bb212	Player.GoodsInfo2.Turtle
0x880d469f	Childcare.Pending.HabitOwnInfo.FaceCloseEyes.IsOwn
0x88105157	Player.InteriorRoomStyleInfo.Game00.FirstObtainedSec
0x881479db	Work/Mii/EyeAccessoryParam/Eye071.mii__EyeAccessoryParam.gyml
0x881ca27a	Mii.CharInfoEx
0x881fecef	Mii.Belongings.HabitOwnInfo.GreetingBow
0x882023ea	ClothTopsYshirtLongSimpleVest
0x88229f06	House.RoomStyleInfo.Flag.Japanese05
0x882fb46a	UGC.Food.RegionLanguageID
0x8830f3b9	NeverOwned
0x8832a347	Player.GoodsInfo2.ToiletPaper.IsNewlyOwned
0x883d026e	Work/Data/ClothModelParam/ClothTopslongBoxDressLongMoga.data__ClothModelParam.gyml
0x8841f86d	Peddle
0x88436253	DemoDM104079
0x88485cd6	Player.InteriorRoomStyleInfo.Dot01.InformedNewRelease
0x884dee57	Player.InteriorRoomStyleInfo.GardenWedding00.OwnNum
0x88513427	NetworkDeliverCount
0x8856e355	Player.HabitInfo2.StandRhythm.OwnNum
0x886bb853	Player.GoodsInfo2.Marble.IsNewlyOwned
0x886bcb8b	LastTipsIndex
0x886c489d	Work/Data/ClothParam/ClothSocksHoled.data__ClothParam.gyml
0x886cfbc2	MiiEvent_Event0041CH
0x886d00bb	Player.GoodsInfo2.MirrorBall.State
0x886e00df	Work/Data/CoordinateAttribute/Coordinate0104.data__CoordinateAttribute.gyml
0x88717e3e	Player.InteriorRoomStyleInfo.Success00.IsNewlyOwned
0x8871e822	Work/Data/ClothModelParam/ClothAllCostumeLongSnowman.data__ClothModelParam.gyml
0x88731e21	Work/Mii/EyeAccessoryParam/Eye005.mii__EyeAccessoryParam.gyml
0x8876d660	Player.InteriorRoomStyleInfo.Fantasy00
0x8881f841	Player.InteriorRoomStyleInfo.Dilapidated00.FirstObtainedSec
0x8882a2c2	Apple
0x88844939	CustomHold
0x88875cd5	LvUPGoods_NotePC_Floor_Outdoor
0x8890b22d	Trouble_HungryConfectionery_Success
0x8891520a	ClothHeadwearCostumeFurHood
0x88915fce	DanceBalletGroup
0x88965ed9	ItemCutCake_01
0x8896ddd6	UGC.Goods.CDSound
0x88972a15	EmotionTelopChatSad
0x889b6892	Mii.Belongings.RoomStyleInfo.Flag.Market00
0x889ced80	Work/Data/CoordinateAttribute/Coordinate0070.data__CoordinateAttribute.gyml
0x88a026bc	Work/Data/ClothModelParam/ClothBottomsPantsLongSlacks.data__ClothModelParam.gyml
0x88a0c57c	ClothAllBoxLongCardboardRobot
0x88a9a214	TreasureMovieEmotionTelopChatScaryAtLivingFloor
0x88ad18c8	ObjFenceBarbed_03
0x88adf65a	DemoPR000006
0x88ae6895	Player.InteriorRoomStyleInfo.Lace02
0x88b0bca0	LvUPGoods_Karate_House_Room_raw
0x88b7ac44	Player.InteriorRoomStyleInfo.Baby02.FirstObtainedSec
0x88bad026	ClothTopsYshirtLongJockey
0x88bc1a60	Work/Data/ClothModelParam/ClothTopsOuterLongBoaFleece.data__ClothModelParam.gyml
0x88bd3a13	LotteryForGood
0x88be03f2	Player.InteriorRoomStyleInfo.LockerRoom00.FirstObtainedSec
0x88c8f6b4	SmallFlower07
0x88c97877	LectureInfo
0x88c9bf40	Work/Data/ClothParam/ClothAccessoryBackKatana.data__ClothParam.gyml
0x88c9d44b	Player.GoodsInfo2.Easel.OwnNum
0x88c9ef71	ItemParty00_Demo_Ceiling
0x88cb43ee	Player.GoodsInfo2.Document.State
0x88cc6674	EmotionTelopChatDateWalkingSitOnTerraceBench
0x88d02fa2	GroupHash
0x88d81262	Player.InteriorRoomStyleInfo.Field01
0x88dc1d43	UGC.Goods.BookType
0x88dc970e	Work/Confluence/PageInfo/HairAll109.pp__Confluence__PageInfo.gyml
0x88dcc2a2	Work/Data/ClothParam/ClothTopslongBoxDressHalfTshirt.data__ClothParam.gyml
0x88dd8e76	Player.GoodsInfo2.SwallowsNest.State
0x88e26ae7	TreasureBookEmotionTelopChatScarySitOnTheBench
0x88e2b687	SEVolume
0x88e6d86e	House.RoomStyleInfo.Flag.SmallFlower02
0x88e81b27	Work/Data/CoordinateClothInfo/Coordinate0259.data__CoordinateClothInfo.gyml
0x88efa508	Work/Mii/EyeAccessoryParam/Eye035.mii__EyeAccessoryParam.gyml
0x88f20a49	TravelComeTrue
0x88f31767	Unlock.PickUpToObjectCount
0x88f68756	Player.HabitInfo2.WalkLikeModel.LastObtainedSec
0x88fa1449	Europe
0x88ff029a	Lure
0x8900ce41	Minimul04
0x89056342	Player.GoodsInfo2.CDPopMusic.State
0x8908993b	Player.InteriorRoomStyleInfo.Party02.State
0x8908f70b	LiveTogetherThanks
0x890b74fc	Work/Data/ClothModelParam/ClothHeadwearCostumePig.data__ClothModelParam.gyml
0x89140509	Pitch
0x89181a5b	DemoDM104030
0x891ced7e	Player.InteriorRoomStyleInfo.WesternStyle05.State
0x891d0328	Work/Mii/EyeAccessoryParam/Eye075.mii__EyeAccessoryParam.gyml
0x8921425a	Work/Data/ClothParam/ClothAccessoryNeckTripleChain.data__ClothParam.gyml
0x8922f52f	Place_MapObj_Bonfire
0x8928f1ad	Work/Data/ClothParam/ClothBottomsSkirtLongAccordion.data__ClothParam.gyml
0x89293a8b	ClothSocksCheckShort
0x892aef3a	Player.InteriorRoomStyleInfo.Jungle00.LastObtainedSec
0x8932472e	AttrTaste
0x89352373	ClothTopsUgcTshirtLong
0x89395133	Player.InteriorRoomStyleInfo.WoodBoard04.InformedNewRelease
0x8939b8c7	ObjShowa00_Chest
0x893aa4bd	ObjSwingRider_02
0x893d264f	FacilityBuildingShop_FrontAllSpace
0x893f7593	TreasurePetEmotionTelopChatNoFeaturesSpeech
0x893ff683	YogaGroupLDKCarpet
0x8945be1a	Dumbbell_Use_Left
0x8955d254	Mii.Belongings.HabitOwnInfo.WalkLikeModel.State
0x8959f121	ObjFenceWood_01
0x895b0cdc	ClothHeadwearFullmaskPumpkin
0x895e08df	Work/Data/ClothModelParam/ClothShoesSandalBear.data__ClothModelParam.gyml
0x895e0ac9	TreasureBookEmotionTelopChatInterestingSpeechCircle
0x895e4f43	LvUPGoods_Guitar_Here_raw
0x896ae1ae	ClothTopslongOverallHalfBicycle
0x896bda87	Work/Data/ClothParam/ClothAllBoxLongCardboardRobot.data__ClothParam.gyml
0x896d4391	ObjSloppy00_GarbageA
0x896e8934	Player.InteriorRoomStyleInfo.Hospital00.FirstObtainedSec
0x896f8c67	ClothTopslongDressLongNoble
0x896fb3d8	JoggingSet
0x89706ab5	ObjGrandlight_01
0x89784f81	Holiday
0x897f8b12	EightBit
0x89816b96	Player.InteriorRoomStyleInfo.Gym00.LastObtainedSec
0x89830daf	ClothBottomsPantsLongChino
0x8983d387	Mii.Belongings.HabitOwnInfo.BlinkLot.IsOwn
0x898d4525	ObjStuffed00_Tufting
0x898ec675	Player.GoodsInfo2.BookPlant.IsNewlyOwned
0x898f629d	Player.InteriorRoomStyleInfo.Chinese00.KeyHash
0x8991500f	Mii.Belongings.RoomStyleInfo.Flag.SF00
0x8997ee7e	Trouble_HungryFruit_Failure
0x89a42f1e	ClothShoesMuleGatshin
0x89a843aa	Work/Data/ClothParam/ClothShoesPumpsGlass.data__ClothParam.gyml
0x89acd389	ClothAccessoryChestNameTag
0x89b42b80	TreasureGameEmotionTelopChatImpressedSitOnTheGroundCircle
0x89b49ee3	TreasureMovieEmotionTelopChatNoFeaturesAtLivingFloor
0x89b66164	Trouble_IntroductionFirstDressUp_Failure
0x89b7273f	FacilityMarket_ViewPos
0x89b7fddf	VoiceShiny
0x89c4a840	ClothTopslongAlongLongShiny
0x89c78941	Childcare.Pending.CharacterParam.Sociability
0x89cb3b4f	ClothBottomsPantsLongCropped
0x89ce9150	Mii.Belongings.CoordinateOwnInfo
0x89d70cb8	DoorInside
0x89e47afa	Player.InteriorRoomStyleInfo.Book02.OwnNum
0x89ea85cd	Antique05
0x89f01b6e	PastaBaby02
0x89f06605	RelationGroupActionOrByeByeHere
0x89f25cac	UGC.Cloth.Hash
0x89f759be	Work/Data/ClothParam/ClothAccessoryBackMagicalStick.data__ClothParam.gyml
0x89fa414f	Player.InteriorRoomStyleInfo.Lace04.State
0x89fa7f0d	Player.GoodsInfo2.Shell.OwnNum
0x89fccf2a	Positive
0x89fe71c4	fn4
0x8a0c4196	EmotionTelopChatDateWalkingSitOnTableBench
0x8a12a905	Trouble_FriendCupid_Success
0x8a1c154d	UGC.SuspendMii.IsFacePaintFront
0x8a1ecb52	Work/Data/ClothModelParam/ClothTopsYshirtLongDenim.data__ClothModelParam.gyml
0x8a209b3f	Unlock.PresentExteriorCount
0x8a209de7	DemoDM104029
0x8a23901f	Player.GoodsInfo2.Alien1
0x8a2531c2	TroubleNotGiveUpOneSideLove
0x8a28d570	Player.InteriorRoomStyleInfo.Christmas01.KeyHash
0x8a299b42	Player.GoodsInfo2.KokeshiDoll.LastObtainedSec
0x8a2bf1dd	EmotionTelopChatLaughAtRestaurant
0x8a354605	TreasurePetEmotionTelopChatImpressedSpeech
0x8a3789a1	Misc_Hopscotch
0x8a3cf089	Mii.Belongings.RoomStyleInfo.Flag.Minimul03
0x8a41c94d	Player.InteriorRoomStyleInfo.Gym01.InformedNewRelease
0x8a479b19	Work/Data/ClothModelParam/ClothHeadwearFullfaceCyber.data__ClothModelParam.gyml
0x8a58eb7d	FallenLeaves
0x8a59c25f	Dinosaur00
0x8a5a6c18	Work/Data/ClothModelParam/ClothAllBodySuitLongBallet.data__ClothModelParam.gyml
0x8a5ad390	Childcare.Pending.HabitOwnInfo.FaceLousy.IsOwn
0x8a67d8fb	DemoPR000078
0x8a6bdb9f	Work/Data/ClothModelParam/ClothAccessoryNeckSunglasses.data__ClothModelParam.gyml
0x8a6ed965	NewsId
0x8a6f3bce	Work/Data/ClothParam/ClothTopsYshirtLongHeart.data__ClothParam.gyml
0x8a7180c0	FacilityFountain_DonationBoxCenter
0x8a740c21	Player.InteriorRoomStyleInfo.Wedding01.IsNewlyOwned
0x8a772e34	Work/Data/CoordinateAttribute/Coordinate0242.data__CoordinateAttribute.gyml
0x8a7758f3	ClothShoesSandalShower
0x8a7b80c2	Mii.Belongings.HabitOwnInfo.GreetingNoble
0x8a80e717	UgcFood02
0x8a84c0e1	Player.InteriorRoomStyleInfo.HoneycombTile00.IsNewlyOwned
0x8a8634e9	Liberation.SeasonInfo.OrderLayingLifted
0x8a863ae8	AdditionalActionAfterPostDemoFeelingDejectWait
0x8a9067cb	Childcare.Pending.HabitOwnInfo.StandRhythm.IsOwn
0x8a985963	UGCFloorBoard_3x3
0x8a9c77b5	Player.HabitInfo2.GreetingTypeShallow
0x8a9e8cfe	Friend_BestFriend_NotOnesideLove_NotFight
0x8a9e9542	SkinColor
0x8aab14c3	Work/Data/ClothModelParam/ClothTopsYshirtLongRugger.data__ClothModelParam.gyml
0x8aaba748	FirstDollHouseMenu
0x8ab1223f	Player.GoodsInfo2.Nekojarashi.IsNewlyOwned
0x8ab3f326	Work/Data/ClothParam/ClothAllBodySuitLongBodySuit.data__ClothParam.gyml
0x8ab5f1cc	Work/Data/CoordinateAttribute/Coordinate0117.data__CoordinateAttribute.gyml
0x8aba9729	Work/Data/ClothModelParam/ClothSocksBase.data__ClothModelParam.gyml
0x8abb06ba	LastDonationGameTime
0x8abbe817	StandAffected
0x8abf504a	Mii.Belongings.HabitOwnInfo.GreetingCurtsy.IsChecked
0x8ac15529	TreasureGameEmotionTelopChatDifficultSitOnTheGroundCircle
0x8ac2d0ec	Work/Data/ClothModelParam/ClothTopsTshirtHalfBigNumber.data__ClothModelParam.gyml
0x8ac460d2	Work/Data/ClothParam/ClothSocksRib.data__ClothParam.gyml
0x8ac54761	Work/Confluence/PageInfo/HairBack037.pp__Confluence__PageInfo.gyml
0x8ac72cc7	Marble01
0x8ad4c9a6	Work/Data/ClothModelParam/ClothTopslongAlineSleevelessCheer.data__ClothModelParam.gyml
0x8af0e52e	Player.InteriorRoomStyleInfo.Festival00.LastObtainedSec
0x8af4584b	ContentUgcRgba
0x8af4a26d	DemoPR000113
0x8aff821b	Mii.MiiMisc.EntryInfo.IsChildInGame
0x8b01cbd4	Work/Data/ClothParam/ClothTopsCoatLongDoctor.data__ClothParam.gyml
0x8b0426a0	EmotionTelopChatSurpriseBonfire
0x8b06144c	Dir1Grid_Throne
0x8b0ae6ee	BeachEdge
0x8b0c014b	EmotionTelopChatDarkSpeech
0x8b1a0d45	Work/Data/ClothParam/ClothAllCupLongDrink.data__ClothParam.gyml
0x8b1ade41	Player.GoodsInfo2.PaperCrane.LastObtainedSec
0x8b21f66b	Hedgehog
0x8b235b55	Work/Data/ClothModelParam/ClothTopslongBoxDressHalfQipao.data__ClothModelParam.gyml
0x8b23c299	DemoChatBadBoys
0x8b2b2126	Player.GoodsInfo2.DVDShopping.OwnNum
0x8b2f3f58	Unlock.FriendCount
0x8b2faa79	EmotionTelopChatSecretSitOnTheHouseDeck
0x8b30801a	Work/Data/CoordinateAttribute/Coordinate0203.data__CoordinateAttribute.gyml
0x8b3233db	Dot03
0x8b38516d	Player.GoodsInfo2.Tile.State
0x8b39f8d2	Iron_Road
0x8b41897e	Relation.Info.DirectionalInfo.BaseRelationType
0x8b46011d	Mii.Belongings.HabitOwnInfo.WalkStoop.State
0x8b49c3c0	Work/Data/ClothModelParam/ClothHeadwearOrnamentTopColorLamp.data__ClothModelParam.gyml
0x8b4bf12b	Liberation.SeasonInfo.OrderBuildingLifted
0x8b542262	Facility_Restaurant
0x8b54b39a	LvUPGoods_ALL_House_Room_Chat_raw
0x8b566ad5	ItemFromOuter
0x8b5678ce	Work/Confluence/PageInfo/HairAllLegacy097.pp__Confluence__PageInfo.gyml
0x8b57202d	CommentNumber
0x8b57ad05	Player.InteriorRoomStyleInfo.Atelier00.FirstObtainedSec
0x8b59ba17	Player.GoodsInfo2.JomonPottery.State
0x8b67dde3	Work/Confluence/PageInfo/HairFront040.pp__Confluence__PageInfo.gyml
0x8b689264	SmellMapObject
0x8b68be8f	ClothTopsTshirtLongRagged
0x8b6de046	Trouble_FightBase_Success
0x8b7037aa	Mii.Belongings.RoomStyleInfo.Flag.Desert00
0x8b70714f	Trouble_AskPlayerFellowship_Success
0x8b719b10	Work/Data/CoordinateAttribute/Coordinate0115.data__CoordinateAttribute.gyml
0x8b72177b	Player.InteriorRoomStyleInfo.Pirate00.InformedNewRelease
0x8b7fab0c	FacilityPawnShop_Front
0x8b87a700	NaturalFloor02
0x8b87c989	Work/Confluence/PageInfo/HairAllLegacy116.pp__Confluence__PageInfo.gyml
0x8b90bbf6	Player.GoodsInfo2.Camera.LastObtainedSec
0x8b928fa6	Childcare.Pending.Name.Name
0x8b99f68b	StyleGroup
0x8b9a821f	Player.InteriorRoomStyleInfo.Party04.InformedNewRelease
0x8b9db894	FacilityFountain_ViewPos
0x8ba1cbca	Shorten
0x8baa9c2a	UgcGoods03
0x8bb03f49	Player.InteriorRoomStyleInfo.Steampunk00.KeyHash
0x8bb05c80	TreasureAnythingEmotionTelopChatNoFeaturesSitOnDiningTable
0x8bb25148	Player.GoodsInfo2.Clownfish.IsNewlyOwned
0x8bba25eb	Player.GoodsInfo2.BookRiddle.State
0x8bc38de4	Player.HabitInfo2.StandStraight.OwnNum
0x8bcdb40f	ExceptBoost
0x8bcf5462	TreasureBookEmotionTelopChatInterestingSitOnSofa
0x8bd01fbf	Player.GoodsInfo2.CDRock.LastObtainedSec
0x8bd1144e	Work/Data/ClothModelParam/ClothHeadwearHatRoll.data__ClothModelParam.gyml
0x8bd7ad64	HairFrontFromTail_S
0x8bdd5531	NoGoodsDance
0x8bde5fef	OnesideLove-NotOther-Negative
0x8bdf40ef	Lace01
0x8be067e4	Player.HabitInfo2.GreetingVitality.LastObtainedSec
0x8be37f8f	Player.InteriorRoomStyleInfo.WoodBoard01.KeyHash
0x8be78aa4	DarkBrown
0x8be84088	DefaultWalkingSpeed
0x8bec01ba	Player.InteriorRoomStyleInfo.Desert00.OwnNum
0x8beff2a6	Mii.Belongings.HabitOwnInfo.EatCarefully
0x8bf2b82a	Work/Data/ClothParam/ClothAccessoryBackButterfly.data__ClothParam.gyml
0x8bf30f82	ClothAccessoryNeckNameplate
0x8bf80311	Work/Data/CoordinateAttribute/Coordinate0094.data__CoordinateAttribute.gyml
0x8bf80fae	Work/Data/ClothParam/ClothShoesSneakerSimple.data__ClothParam.gyml
0x8c021980	ChildGrowthSuccess
0x8c028a48	Mii.Belongings.RoomStyleInfo.Flag.Dog01
0x8c04a269	OverrideFloorUgcHash
0x8c0c2b08	Player.InteriorRoomStyleInfo.Minimul02.FirstObtainedSec
0x8c171da8	Mii.Belongings.RoomStyleInfo.Flag.Fruit00
0x8c1d8abb	Player.InteriorRoomStyleInfo.Japanese02.LastObtainedSec
0x8c209782	Trial.IsFinishedContentsMinigame
0x8c2516f5	ClothBottomsSkirtBoxCheck
0x8c253e7b	Work/Data/ClothModelParam/ClothTopslongSalopetteLongJudo.data__ClothModelParam.gyml
0x8c255b5b	LvUPGoods_Guitar_Outdoor_raw
0x8c2afbb2	ClothTopsTshirtHalfKanji
0x8c2c70cf	TreasureAnythingEmotionTelopChatNoFeaturesAtRoom
0x8c3420d5	Player.GoodsInfo2.BookSomeonesNote.IsNewlyOwned
0x8c343591	DemoDM104012
0x8c36f1e3	Work/Component/DestinationInfo/RoomDollHouseLDK.actor__DestinationInfo.gyml
0x8c3909ab	Work/Data/ClothParam/ClothTopslongOverallLongOverall.data__ClothParam.gyml
0x8c3b50f7	Work/Data/ClothModelParam/ClothShoesSkateFigure.data__ClothModelParam.gyml
0x8c40701d	Player.InteriorRoomStyleInfo.Marble01.FirstObtainedSec
0x8c413187	DemoPR000118
0x8c436ebb	Player.GoodsInfo2.Sandglass.LastObtainedSec
0x8c438dc9	Player.GoodsInfo2.SugarGlider.IsNewlyOwned
0x8c485625	Player.InteriorRoomStyleInfo.Log00.OwnNum
0x8c4c154c	Event0025FL2
0x8c4f05cf	Country01
0x8c53e314	Small
0x8c55e6d3	Work/Data/ClothModelParam/ClothTopsTshirtLongOffice.data__ClothModelParam.gyml
0x8c565e08	ItemCrisps
0x8c60ae40	Player.HabitInfo2.WalkLikeRobot.OwnNum
0x8c674444	ClothHeadwearMaskPrintMask
0x8c677620	ObjFencePipe_05
0x8c6c2cd0	Cardboard01
0x8c6d35ed	Player.HabitInfo2.FaceBliss.IsNewlyOwned
0x8c718d5e	PawnShop
0x8c771515	Work/Data/ClothParam/ClothSocksArgyle.data__ClothParam.gyml
0x8c7960cd	Player.InteriorRoomStyleInfo.HoneycombTile04.InformedNewRelease
0x8c86a26f	Player.InteriorRoomStyleInfo.Party00.LastObtainedSec
0x8c89d439	TreasureMovieEmotionTelopChatNoveltyAtRoom
0x8c8f8dc5	UGC.Exterior.IsCopy
0x8c90ff2c	Player.InteriorRoomStyleInfo.MonitorRoom02.IsNewlyOwned
0x8c97cd7e	Player.GoodsInfo2.CircleOfWisdom
0x8c9cc137	TreasureBookEmotionTelopChatInterestingSitOnTheGroundCircle
0x8ca08a48	Player.InteriorRoomStyleInfo.LockerRoom01.IsNewlyOwned
0x8ca18e0e	IncenseBurner
0x8ca1ca2a	ObjFenceGuardpipe_05
0x8ca3f731	Player.GoodsInfo2.Pig.LastObtainedSec
0x8ca99092	Player.GoodsInfo2.PigPiggyBank.LastObtainedSec
0x8caaea75	IsGeneratedMiiEvent
0x8cb01060	Misc_EmotionTelopChatRoom
0x8cb49413	Player.GoodsInfo2.VacuumTube.State
0x8cbb5cb0	NoGroup_Event0003FL
0x8cbedfce	Place_MapObj_TerraceBench_WithLoversOnly_raw
0x8cbf8866	UGC.Cloth.EntryTime
0x8cc5c798	LeftForward
0x8cc831a7	West
0x8ccb38d9	Club00
0x8ccc7a54	Player.InteriorRoomStyleInfo.Damask01.OwnNum
0x8ccfe03d	Mii.Belongings.HabitOwnInfo.WalkUneasily.IsChecked
0x8cd9df82	Work/Confluence/PageInfo/HairAllLegacy054.pp__Confluence__PageInfo.gyml
0x8ce3a6a8	ClothHeadwearProtectorFirefighter
0x8ce618bd	MiiEvent_Event0044CH
0x8ce692a7	UgcClothType
0x8ce8f526	Work/Data/ClothModelParam/ClothSocksRetroCheck.data__ClothModelParam.gyml
0x8ce9a47f	Work/Data/CoordinateClothInfo/Coordinate0339.data__CoordinateClothInfo.gyml
0x8ceb9861	ObjTreeElectric_04
0x8cec0b6c	Work/Data/CoordinateClothInfo/Coordinate0118.data__CoordinateClothInfo.gyml
0x8cec8cd2	Childcare.Pending.HabitOwnInfo.StomachBig.State
0x8cf15d99	TreasureRecordEmotionTelopChatScaryAtLivingFloorSpeech
0x8cf191a8	Player.GoodsInfo2.Ufo.State
0x8cf46c6f	Player.GoodsInfo2.GoldCup.State
0x8cf49ee2	Player.GoodsInfo2.MiniTerrarium.IsNewlyOwned
0x8cf5cf56	Phase2
0x8cfce1a5	Player.InteriorRoomStyleInfo.SmallFlower00.State
0x8d049c04	Player.GoodsInfo2.MakeupBox
0x8d0bf930	Work/Data/ClothModelParam/ClothHeadwearHatBirthday.data__ClothModelParam.gyml
0x8d0dbf22	Quoll
0x8d12c506	GearParts
0x8d1d2c86	ObjDrinkingFountain
0x8d1d7fc9	Player.InteriorRoomStyleInfo.MonitorRoom00.LastObtainedSec
0x8d214b79	NoCondition
0x8d21a190	House.RoomStyleInfo.Flag.SF01
0x8d251811	ColorBox07
0x8d284263	ObjStepIron_06
0x8d2a5081	MapObjectId
0x8d2b9d9e	WalkNoSwinging
0x8d2c6c19	Player.HabitInfo2.StandAffected
0x8d2ce6da	MiiNews042
0x8d2f5537	Work/Data/ClothParam/ClothHeadwearHatSimpleKnit.data__ClothParam.gyml
0x8d410f6f	Work/Data/CoordinateAttribute/Coordinate0141.data__CoordinateAttribute.gyml
0x8d42df09	ObjShowerOutdoor
0x8d436fb3	Work/Mii/EyeAccessoryParam/Eye030.mii__EyeAccessoryParam.gyml
0x8d46c670	Work/Data/ClothModelParam/ClothAllCostumeLongDaruma.data__ClothModelParam.gyml
0x8d49866e	Player.InteriorRoomStyleInfo.Grassland00.State
0x8d4b5751	ClothTopsOuterLongPatterned
0x8d52c831	House.RoomStyleInfo.Flag.NeonSign00
0x8d530528	GroupAction_FocosLeadingGroupActionLight
0x8d54cc03	Player.InteriorRoomStyleInfo.Nobility01.KeyHash
0x8d5ab05b	EmotionTelopChatDateWalkingAtRoom
0x8d60ce42	Work/Data/CoordinateClothInfo/Coordinate0026.data__CoordinateClothInfo.gyml
0x8d656bd9	TreasureGoods_Pet_Outdoor_Irritate
0x8d6d085d	Player.InteriorRoomStyleInfo.Baby01.LastObtainedSec
0x8d792b3d	TroubleProposalGenerate
0x8d7ac9e4	ObjTrashCan_01
0x8d7c1de8	EmotionTelopChatLoveGuitarShowAtRoom
0x8d7cad28	ClothHeadwearOrnamentFrontHairCurler
0x8d7cbae6	Mii.Belongings.HabitOwnInfo.GetAngryTypeHard.State
0x8d80c2ac	ClothTopsTshirtLongMultiBorderKnit
0x8d82db0b	Work/Data/CoordinateClothInfo/Coordinate0308.data__CoordinateClothInfo.gyml
0x8d85e14e	Work/Data/ClothParam/ClothBottomsPantsWideDenimPrinted.data__ClothParam.gyml
0x8d8ab2f2	ObjTrashCan_03
0x8d944f6a	Player.InteriorRoomStyleInfo.Shoji02.IsNewlyOwned
0x8d9653f0	Badge
0x8d9676b2	EmotionTelopChatRelaxSitOnDiningTable
0x8d9b7e02	Vinyl
0x8d9ea1fe	Player.GoodsInfo2.SpeechBubbleBronze
0x8da4a5a4	ClothTopsTshirtLongTweedJacket
0x8da551b3	Player.GoodsInfo2.MakeupBox.IsNewlyOwned
0x8da96840	Circus00
0x8da98c46	Player.InteriorRoomStyleInfo.WhiteRoom00.IsNewlyOwned
0x8da9a92c	Mii.Belongings.HabitOwnInfo.StandToeOut.IsChecked
0x8daa92ca	Place_MapObj_Seesaw
0x8dad0916	Flowergarden00
0x8daed276	Mii.Trouble.Info.TargetItemType
0x8db0e23f	SouthAmericaN
0x8db33509	Work/Mii/EyeAccessoryParam/Eye027.mii__EyeAccessoryParam.gyml
0x8db34deb	Mii.Belongings.RoomStyleInfo.Flag.Heart03
0x8db3961d	Player.GoodsInfo2.TraditionalSpanishWaterBottle.LastObtainedSec
0x8db9f98d	House.RoomStyleInfo.Flag.Otaku04
0x8dc20aca	ObjMinimul00_Ceiling
0x8dc7767c	Player.InteriorRoomStyleInfo.Brick01.OwnNum
0x8dc89147	Trouble_LiveTogetherNewsHouse_Failure
0x8dcd5b84	Formula01
0x8dcfa4bb	Work/Data/CoordinateClothInfo/Coordinate0261.data__CoordinateClothInfo.gyml
0x8dd2c0b0	Work/Data/ClothModelParam/ClothTopslongMuscleLongProWrestling.data__ClothModelParam.gyml
0x8dd95924	DemoDM104089
0x8ddc7081	Trouble_ClothSSummer_Success
0x8ddca993	Work/Data/CoordinateAttribute/Coordinate0140.data__CoordinateAttribute.gyml
0x8ddd078b	ClothHeadwearHatParty
0x8de63470	Carpet01
0x8de634e2	EyebrowHeavyFlatAngle
0x8de75d7e	TopsLongAlineH
0x8dea0fa8	Player.InteriorRoomStyleInfo.Dot03.FirstObtainedSec
0x8deaff59	OriginalMap_MapObject
0x8df59a41	Player.GoodsInfo2.BrushGold.State
0x8dfcc301	LikeWinkLeft
0x8dfdab86	FocusLeadingUpSmall
0x8dff4a97	UGC.SuspendData
0x8e04bbf1	Player.GoodsInfo2.CDNurseryRhyme.IsNewlyOwned
0x8e076e7f	MiiEvent_FirstSightLoveChange
0x8e090478	Mii.Belongings.RoomStyleInfo.Flag.Candy01
0x8e0a3838	Work/Data/ClothModelParam/ClothTopsOuterLongParkaZip.data__ClothModelParam.gyml
0x8e0d9030	ObjMinimul00_Chair
0x8e1118c4	ClothTopsYshirtHalfLinePolo
0x8e13873a	Ghost
0x8e178a2d	Work/Data/Destination/DemoArea/SystemPrivateRoom_BigSpace.data__destination__DemoArea.gyml
0x8e17a15f	Work/Data/ClothParam/ClothBottomsSkirtBoxFrontButton.data__ClothParam.gyml
0x8e17f45e	cFeminine
0x8e1ad662	ClothTopslongOverallLongSuspenders
0x8e1f5399	SakuSaku
0x8e2bcfc6	Document
0x8e2dc4ef	ClothTopslongAlineHalfSailor
0x8e39cc29	CantPassEachOther
0x8e3b6673	Work/Data/CoordinateAttribute/Coordinate0278.data__CoordinateAttribute.gyml
0x8e42b269	Player.InteriorRoomStyleInfo.Minimul03.State
0x8e435f6f	Work/Data/CoordinateClothInfo/Coordinate0202.data__CoordinateClothInfo.gyml
0x8e43c179	Party04
0x8e452654	Unlock.FocusLeadingToMiiCount
0x8e4e1b33	Trouble_FightJoint_Failure
0x8e56bb7f	Mii.Belongings.HabitOwnInfo.WalkLikeRobot.State
0x8e571085	Work/Data/CoordinateAttribute/Coordinate0346.data__CoordinateAttribute.gyml
0x8e5b647c	ObjTreeElectric_02
0x8e5ca5e9	Work/Data/ClothModelParam/ClothTopsYshirtLongStripe.data__ClothModelParam.gyml
0x8e6f02a6	Work/Data/ClothParam/ClothTopslongBoxDressHalfPharaoh.data__ClothParam.gyml
0x8e72d06e	Player.InteriorRoomStyleInfo.LockerRoom02.State
0x8e76ba76	Work/Data/ClothParam/ClothHeadwearOrnamentFrontHorn.data__ClothParam.gyml
0x8e79031d	Player.IsLocalNetworkFirstReceivedItem
0x8e799114	ClothShoesSneakerKids
0x8e7d47d5	Player.InteriorRoomStyleInfo.Christmas00.KeyHash
0x8e7e02c0	Player.HabitInfo2.FaceCloseEyes.OwnNum
0x8e7e40b4	Work/Data/CoordinateClothInfo/Coordinate0173.data__CoordinateClothInfo.gyml
0x8e7fe780	EmotionTelopChatFervorSitKnittingOnTheHouseDeck
0x8e872398	Player.InteriorRoomStyleInfo.Success00.OwnNum
0x8e8a0d2a	Mii.Belongings.HabitOwnInfo.GreetingCurtsy.State
0x8e8a6eff	Work/Data/CoordinateAttribute/Coordinate0071.data__CoordinateAttribute.gyml
0x8e8e4ecb	Player.InteriorRoomStyleInfo.Garage03
0x8e902f5d	Work/Data/ClothParam/ClothTopsYshirtLongCollege.data__ClothParam.gyml
0x8e932ff7	Player.InteriorRoomStyleInfo.LightStick05.InformedNewRelease
0x8e9bae5d	MultiDot01
0x8ea1f937	DrinkFountain
0x8ea273c5	TreasureGoods_Book_Sitting_Outdoor
0x8ea30070	Player.InteriorRoomStyleInfo.Japanese00.LastObtainedSec
0x8ea88196	LDKCarpetWithDemoDM104066
0x8eb27afa	Right
0x8eb39b91	Mii.Belongings.HabitOwnInfo.WalkFloat.State
0x8eb67d11	Work/Data/CoordinateAttribute/Coordinate0232.data__CoordinateAttribute.gyml
0x8eb83bc7	Work/Confluence/PageInfo/HairBack011.pp__Confluence__PageInfo.gyml
0x8ebef34e	Off_Debug
0x8ec2b9d2	Work/Data/ClothModelParam/ClothSocksHoled.data__ClothModelParam.gyml
0x8ec8236a	Reinvoke
0x8ec86044	Place_Facility_FerrisWheel_WithLoversOnly_raw
0x8ec8bd02	Mii.Belongings.HabitOwnInfo.StandCute.IsChecked
0x8ed2c728	ItemSandwich
0x8ed43524	ObjFenceBarbed_01
0x8ed540a2	LastEatId
0x8ed5b362	ProposalFailure
0x8edb5a45	MovingBox01
0x8eddfa0c	ClothHeadwearHatMummy
0x8ee0af33	Work/Data/CoordinateClothInfo/Coordinate0327.data__CoordinateClothInfo.gyml
0x8ee2d9ae	Player.InteriorRoomStyleInfo.HoneycombTile04.OwnNum
0x8ee3e3bb	Work/Data/ClothModelParam/ClothHeadwearHatStrawWide.data__ClothModelParam.gyml
0x8ee4e269	ObjNobility00_Portrait
0x8ee59f8c	Player.InteriorRoomStyleInfo.Game00.LastObtainedSec
0x8ef2bc52	NotChangeOneSideLove
0x8ef3cf49	Player.GoodsInfo2.SatueOfLiberty
0x8efc826a	Player.FoodInfo.IsNewlyOwned
0x8f009508	Mii.Belongings.HabitOwnInfo.WalkNoSwinging
0x8f0238ed	Player.InteriorRoomStyleInfo.Chinese00.InformedNewRelease
0x8f086458	ObjBook00_Stool
0x8f0ba302	Work/Data/ClothParam/ClothTopslongDressSleevelessColor.data__ClothParam.gyml
0x8f0d7cd5	Work/Data/CoordinateAttribute/Coordinate0037.data__CoordinateAttribute.gyml
0x8f0d83d3	Player.InteriorRoomStyleInfo.Office00.FirstObtainedSec
0x8f14664e	Work/Data/CoordinateAttribute/Coordinate0048.data__CoordinateAttribute.gyml
0x8f17b8cf	Work/Data/CoordinateClothInfo/Coordinate0011.data__CoordinateClothInfo.gyml
0x8f19b301	Player.GoodsInfo2.Axolotl.OwnNum
0x8f1c231f	House.RoomStyleInfo.Flag.Fruit01
0x8f1d6f81	Player.InteriorRoomStyleInfo.Lace02.State
0x8f1f2325	UpperBoth
0x8f1f5171	Player.HabitInfo2.GreetingTypeBig.OwnNum
0x8f1fe9c5	Mii.Belongings.HabitOwnInfo.GreetingAnnoying
0x8f25ba85	Work/Data/ClothModelParam/ClothHeadwearFullfaceMotorcycle.data__ClothModelParam.gyml
0x8f267765	ItemBungeeJoint
0x8f2e1061	Player.GoodsInfo2.BubblesSet.IsNewlyOwned
0x8f2fc01b	Player.GoodsInfo2.TrophySilver.IsNewlyOwned
0x8f319669	Work/Component/DestinationInfo/ObjBeachParasol.actor__DestinationInfo.gyml
0x8f344ccf	Pirate00
0x8f3882a1	Player.InteriorRoomStyleInfo.Market00.OwnNum
0x8f3b56da	Mii.Belongings.RoomStyleInfo.Flag.WesternStyle07
0x8f3ba9d7	Work/Data/ClothModelParam/ClothShoesSandalShower.data__ClothModelParam.gyml
0x8f3df2ac	ClothBottomsPantsWideGaucho
0x8f43a450	Work/Confluence/PageInfo/HairFront074.pp__Confluence__PageInfo.gyml
0x8f4bc18a	Work/Data/CoordinateClothInfo/Coordinate0322.data__CoordinateClothInfo.gyml
0x8f5138c1	RandomQuarter
0x8f571dbe	InRolesHome
0x8f5e8b60	Player.InteriorRoomStyleInfo.SF01.KeyHash
0x8f5ef43b	StyleGroup_Cage00
0x8f6502ed	Work/Confluence/PageInfo/HairAllLegacy115.pp__Confluence__PageInfo.gyml
0x8f70099b	ClothAccessoryChestRosette
0x8f76468a	ClothAccessoryBagDinosaur
0x8f76d487	Work/Data/ClothParam/ClothAllCostumeLongDaruma.data__ClothParam.gyml
0x8f7d37e0	Player.InteriorRoomStyleInfo.Party00.FirstObtainedSec
0x8f7e88be	Player.InteriorRoomStyleInfo.BlueSheet00.LastObtainedSec
0x8f8161d5	Mii.Feeling.FeelingEndGameTime
0x8f8c8fbc	MiiNewsBreaking011_03
0x8f8dd7b5	Player.GoodsInfo2.Receipt.IsNewlyOwned
0x8f946988	Work/Data/ClothParam/ClothAllCarLongPoliseCar.data__ClothParam.gyml
0x8f95439e	House.RoomStyleInfo.Flag.Cute01
0x8f9b0f57	PriorityARankMinus
0x8f9c6be3	EnterFacilityMarketNoon
0x8f9e36d7	Work/Data/ClothParam/ClothShoesMuleStrappy.data__ClothParam.gyml
0x8f9f0e21	Work/Data/ClothModelParam/ClothSocksNordic.data__ClothModelParam.gyml
0x8f9f2bd2	MiiEvent_Event0040FL
0x8fa2214d	EmotionTelopChatSadSitOnTerraceBench
0x8fabe3bc	Work/Component/DestinationInfo/FacilityFountain.actor__DestinationInfo.gyml
0x8fb3aa94	House.RoomStyleInfo.Flag.Party04
0x8fb57907	TreasureBookEmotionTelopChatNoFeaturesAtRoom
0x8fba8456	ItemTreeCactus_Demo
0x8fbccb5d	ClothAccessoryWaistShrimp
0x8fc06f08	IntroductionFirstInteriorSuccess
0x8fc179b9	DepressRevengeConfessionTimeover
0x8fc81343	VeryBad00
0x8fc94d1c	Mii.Belongings.RoomStyleInfo.Flag.Dot04
0x8fca1fa2	Player.GoodsInfo2.Clione
0x8fd01f2f	Work/Data/ClothModelParam/ClothHeadwearHatCrown.data__ClothModelParam.gyml
0x8fd14f6a	ObjFantasy00_PlantD
0x8fe0501e	Work/Confluence/PageInfo/HairFront081.pp__Confluence__PageInfo.gyml
0x8fe13f90	Work/Data/CoordinateAttribute/Coordinate0090.data__CoordinateAttribute.gyml
0x8fe66b16	Player.GoodsInfo2.Binoculars.OwnNum
0x8fee8de2	ClothAccessoryBackOxygen
0x8ff23930	Work/Component/DestinationInfo/ObjBenchTerrace.actor__DestinationInfo.gyml
0x8ff25d23	TreasureGoods_Anything_Outdoor_Irritate
0x8ff7b62d	00
0x8ff7b77e	TreasureGameEmotionTelopChatBlushSitOnTheHouseDeck
0x8ffa3eef	ClothHeadwearHatRhinestone
0x8ffd061d	SitInAfSourceBoxSeat
0x90017511	ClothAllMascotLongCyber
0x9010c39a	NoGroup_Event0022CH
0x90178f04	Mii.MiiMisc.BalloonTalkInfo
0x9017ba64	Fork_Use_Left
0x901ba6aa	Player.GoodsInfo2.9VDryBattery.State
0x901d391c	Work/Data/ClothModelParam/ClothAllCarLongPoliseCar.data__ClothModelParam.gyml
0x901e27a3	Player.InteriorRoomStyleInfo.Lace01.InformedNewRelease
0x9026236b	Work/Data/CoordinateAttribute/Coordinate0098.data__CoordinateAttribute.gyml
0x902aeaef	Player.GoodsInfo2.MartianStone.OwnNum
0x90305a3d	Player.InteriorRoomStyleInfo.Dot07.InformedNewRelease
0x903124ae	TreasurePetEmotionTelopChatDifficultAtLivingFloor
0x90327904	House.RoomStyleInfo.Flag.MultiDot03
0x9032fa62	Work/Data/ClothModelParam/ClothBottomsPantsLongWagara.data__ClothModelParam.gyml
0x9037f05a	EmotionTelopChatSadSpeech
0x9038cdd0	UGC.Goods.WordAttrGrammaticality
0x90392473	SmileOpenMouth
0x903ad448	Player.InteriorRoomStyleInfo.WesternStyle03.LastObtainedSec
0x903d9f37	Work/Data/ClothModelParam/ClothAccessoryNeckMedal.data__ClothModelParam.gyml
0x903da968	Player.InteriorRoomStyleInfo.Shogun00.State
0x903f49fd	Work/Data/ClothModelParam/ClothTopslongOverallLongOverallDenim.data__ClothModelParam.gyml
0x90447c43	Player.InteriorRoomStyleInfo.StarPrint04.InformedNewRelease
0x904d8aae	ClothTopsYshirtLongArgyleVest
0x904eb6f5	Mii.Belongings.HabitOwnInfo.EatElegantly
0x905485f1	Work/Data/ClothModelParam/ClothHeadwearFullfaceCardboard.data__ClothModelParam.gyml
0x905c610c	ClothHeadwearGlassLineStone
0x905cdbf6	Work/Data/ClothModelParam/ClothBottomsPantsWidePajama.data__ClothModelParam.gyml
0x90628ae5	Player.GoodsInfo2.Tissue
0x90634642	Player.GoodsInfo2.Egg.LastObtainedSec
0x9064c7a1	Player.HabitInfo2.EatCarefully.IsNewlyOwned
0x90672dc9	MiiNews200
0x906c0573	FoodSize
0x907802b8	Work/Confluence/PageInfo/HairAll052.pp__Confluence__PageInfo.gyml
0x9078c1fb	Work/Data/ClothParam/ClothTopsTshirtHalfRinger.data__ClothParam.gyml
0x907a2baf	Work/Data/Destination/ActionDirection/ObjSeesaw_Out_1.data__destination__ActionDirection.gyml
0x9082e3dc	Player.GoodsInfo2.MahjongTile.State
0x90879c86	cn4
0x909b6360	Mii.Belongings.HabitOwnInfo.LifeTimeNightOwl.IsOwn
0x90a0ea08	Bellows
0x90a639da	InvitingGroupDemo_DemoBecomeFriendsAgain
0x90aa3562	ItemEasel_Demo
0x90acdcf0	FacilityFamilyRestaurant_DoorOutside
0x90b00fdb	Player.ClothInfo.OwnInfoArray.OwnNum
0x90b5aaa1	MiiEvent_Event0046FL
0x90b5f643	House.OuterHouse.OuterHouseDeco.SubActorSetHash
0x90b99ef2	Player.InteriorRoomStyleInfo.Club00
0x90b9d4e3	Work/Mii/EyeAccessoryParam/Eye065.mii__EyeAccessoryParam.gyml
0x90baec7e	FacilityFamilyFerrisWheel_BreakupPlace2
0x90bc34c2	EmotionTelopChatRelaxSitOnFountain
0x90bd04f1	ObjFenceStake_03
0x90bde96a	ObjectMaterial
0x90c65d0d	UGC.SuspendData.AttrSmellType
0x90c8243c	Event0025CH
0x90c9daa8	Player.GoodsInfo2.GlitterBeads.OwnNum
0x90cf7c09	Mii.Belongings.RoomStyleInfo.Flag.SmallFlower02
0x90d2616f	AttributePet
0x90d48669	DailyLog.CurrentPlayDay
0x90dbde70	Misc_Insurance_House
0x90df146d	Player.GoodsInfo2.ShigarakiWare.LastObtainedSec
0x90e47b30	Player.InteriorRoomStyleInfo.Jungle00.FirstObtainedSec
0x90eb6e8f	House.RoomStyleInfo.Flag.Train00
0x90ec8c9f	Player.InteriorRoomStyleInfo.Garage02.OwnNum
0x90ee716b	Communicate006
0x90eead3d	Player.GoodsInfo2.WorkoutSet.LastObtainedSec
0x90eef176	UGC.SuspendData.UgcSaveDataType
0x90ef5a42	Player.InteriorRoomStyleInfo.Fruit05.FirstObtainedSec
0x90fc455c	RoomFloor
0x91054580	TreasurePetEmotionTelopChatNoveltyAtLivingFloorSpeech
0x910a5c66	Player.HabitInfo2.StandSweatLot.State
0x910afe32	Work/Data/CoordinateClothInfo/Coordinate0345.data__CoordinateClothInfo.gyml
0x910e9be9	Work/Data/CoordinateClothInfo/Coordinate0149.data__CoordinateClothInfo.gyml
0x9121a237	Player.GoodsInfo2.JoggingSet
0x9122093f	Player.GoodsInfo2.Spirit.OwnNum
0x9122563a	Work/Data/ClothParam/ClothHeadwearOrnamentTopColorLamp.data__ClothParam.gyml
0x9123870d	Player.HabitInfo2.EatSmell.OwnNum
0x91258736	LoverOrOnesideLoved
0x91270261	Player.GoodsInfo2.Quoll.State
0x91353378	Ugc
0x913863a2	Player.GoodsInfo2.Easel.IsNewlyOwned
0x913ae6b1	MiiNews025
0x91491b28	ClothHeadwearOrnamentTopInsect
0x91544169	Work/Data/ClothParam/ClothShoesSandalFlower.data__ClothParam.gyml
0x91614df4	Player.InteriorRoomStyleInfo.Party02.FirstObtainedSec
0x916ad034	Work/Data/ClothModelParam/ClothAccessoryNeckWoodBeads.data__ClothModelParam.gyml
0x9173fe91	Work/Data/ClothModelParam/ClothShoesLooseSocksColor.data__ClothModelParam.gyml
0x917628cb	Cape
0x9179425a	Player.GoodsInfo2.Diamond
0x917a91fa	Door
0x918429da	StyleGroup_Japanese00
0x918875a9	UGC.MapFloor.Name
0x91888cba	TreasureGoods_Anything_Outdoor_raw
0x918a22cb	Player.GoodsInfo2.Capybara.LastObtainedSec
0x918f99b0	Player.InteriorRoomStyleInfo.SmallFlower04.IsNewlyOwned
0x919ba408	Player.CommonDailyItem
0x919c115a	Player.GoodsInfo2.VacuumTube.IsNewlyOwned
0x919c9d55	FacilityPhotoStudio_Entrance
0x919d05eb	Mii.Belongings.RoomStyleInfo.Flag.Field00
0x91a26108	ClothShoesPumpsKkotshin
0x91aaca37	Player.InteriorRoomStyleInfo.Office00.State
0x91ad4135	Player.InteriorRoomStyleInfo.Minimul06.InformedNewRelease
0x91b285d9	Work/Data/ClothModelParam/ClothShoesMuleStrap.data__ClothModelParam.gyml
0x91ba4298	StyleGroup_Desert00
0x91bc5732	Player.InteriorRoomStyleInfo.Formula01.OwnNum
0x91bfd80e	Player.BuildingInfo2.InformedNewRelease
0x91c4b34d	ClothHeadwearHatPolice
0x91c60d48	Mii.Belongings.HabitOwnInfo.GreetingTypeCackle.IsChecked
0x91c6acff	LvUPGoods_Jogging_raw
0x91cc5916	Key
0x91cd9535	TreasureRecordEmotionTelopChatNoFeaturesAtRoomSpeech
0x91d0b7c6	Mii.Belongings.HabitOwnInfo.EatSmell.State
0x91d12cf8	Player.InteriorRoomStyleInfo.Otaku02
0x91d21042	Player.InteriorRoomStyleInfo.Wedding00.InformedNewRelease
0x91d82502	Childcare.Pending.Name.FirstPersonRegionLanguageID
0x91dfa1ea	Archstone_Road
0x91e40ebd	Mii.Belongings.RoomStyleInfo.Flag.LockerRoom02
0x91e68bdb	Player.InteriorRoomStyleInfo.Cute00.KeyHash
0x91efbf48	Player.InteriorRoomStyleInfo.Fruit05.InformedNewRelease
0x91f2f49f	Breaking
0x91f98353	ClothShoesPointedWingTip
0x91fc7e5e	FloorKeyHash
0x91fecf41	Player.GoodsInfo2.GrandsonsHand.LastObtainedSec
0x920ce13f	NoDir1Grid_FireworksErupting
0x92124e7f	Childcare.Pending.HabitOwnInfo.StandToeOut
0x92132096	Trouble_ClothSWinter_Success
0x92154914	Mii.Belongings.HabitOwnInfo.UntidySleeper.State
0x92156978	ClothHeadwearFullfaceRobot
0x921e276e	Player.InteriorRoomStyleInfo.Minimul02.OwnNum
0x921e9b29	Work/Data/ClothParam/ClothHeadwearMaskPierrot.data__ClothParam.gyml
0x921fb192	Work/Data/ClothModelParam/ClothTopsTshirtLongLayeredHeart.data__ClothModelParam.gyml
0x922cb837	Work/Confluence/PageInfo/HairFront070.pp__Confluence__PageInfo.gyml
0x92304da7	DemoDM104034
0x92371e13	FocusLeadingResolveAccidentDefault
0x923cfbd7	FallenLeaves_Road
0x9243dff0	WrinkleUpper
0x924482fd	House.RoomStyleInfo.Flag.Hospital00
0x924611fa	ClothAllCupLongTree
0x924ab7d3	Work/Data/CoordinateClothInfo/Coordinate0001.data__CoordinateClothInfo.gyml
0x9253caf3	Coordinate0269
0x9255cc44	Flower
0x9255fcdb	BirdFeathers
0x925c91c3	Player.InteriorRoomStyleInfo.Festival00
0x925ce5b5	Work/Data/ClothParam/ClothBottomsSkirtBoxCamouflage.data__ClothParam.gyml
0x925dd7c3	LastGenerateTime
0x926709c6	Player.InteriorRoomStyleInfo.Damask00.KeyHash
0x926f1c5c	Free
0x926f681b	HighHigh
0x92793e0a	Player.InteriorRoomStyleInfo.Classroom01.IsNewlyOwned
0x927b602b	CallBell
0x9282b419	Player.InteriorRoomStyleInfo.SFX01.KeyHash
0x9285431c	PlayerNameRegionLanguageID
0x92865c26	Player.GoodsInfo2.SpeechBubbleBronze.State
0x9286afed	ItemOffice00_Copy_Demo
0x92877fcc	EmotionTelopChatLoveSitOnTheGroundCircle
0x928d1014	Work/Data/ClothModelParam/ClothTopsYshirtLongWestern.data__ClothModelParam.gyml
0x928f9b1e	Mii.Belongings.HabitOwnInfo.WalkLikeRobot
0x9293248b	Player.InteriorRoomStyleInfo.Heart01.InformedNewRelease
0x92948224	Player.GoodsInfo2.PostcardSet.State
0x92953a15	Player.InteriorRoomStyleInfo.Shoji00.State
0x9296757d	ObjFenceBarbed
0x929f96a4	Player.InteriorRoomStyleInfo.Antarctic00.InformedNewRelease
0x92a68fc8	ColorfulBasket
0x92a6c9a5	Work/Data/Destination/ActionDirection/SystemCape_ToSea.data__destination__ActionDirection.gyml
0x92af6d1e	Mii.Belongings.RoomStyleInfo.Flag.BigFlower02
0x92ba84c3	ClothHeadwearHatTiedye
0x92bbe23e	Player.InteriorRoomStyleInfo.Street00.KeyHash
0x92bd4750	ContentTex
0x92bf399b	Event0045CH
0x92c2eed4	SuspendMii
0x92cb5b60	Player.GoodsInfo2.BubblesSet.OwnNum
0x92cc4c4a	Mii.Belongings.RoomStyleInfo.Flag.Wedding03
0x92da6b09	ClothTopsOuterLongYumekawaParka
0x92dc5290	CheerUp
0x92e0c293	Locator
0x92e2cdba	Mii.Belongings.HabitOwnInfo.VoiceGloomy.IsChecked
0x92e6103c	Carnation
0x92ed669d	Player.GoodsInfo2.BookLove.LastObtainedSec
0x92eed6f0	Player.GoodsInfo2.BubblesSet.State
0x92f03864	ObjThrone_02
0x92f2a057	Out_0
0x92f2f5ec	LvUPGoods_BlowBubble_Outdoor_raw
0x92f3fe81	Player.InteriorRoomStyleInfo.Heart01.FirstObtainedSec
0x92f88586	Mii.Belongings.HabitOwnInfo.WalkLikeModel.IsChecked
0x92fb9fbb	ClothHeadwearOrnamentTopPrince
0x9302c659	Work/Data/ClothParam/ClothShoesPumpsRibbon.data__ClothParam.gyml
0x9303258e	Mii.Belongings.HabitOwnInfo.FaceBliss.IsOwn
0x930623fc	DemoDM104017
0x9306bf5b	Work/Data/ClothModelParam/ClothTopsSwim.data__ClothModelParam.gyml
0x9307e079	MiiHistory.Info.MiiIndexArray
0x930ffe80	Player.InteriorRoomStyleInfo.Dinosaur00.LastObtainedSec
0x9312bce5	Mii.Belongings.HabitOwnInfo.WalkStoop.IsChecked
0x93152f2e	PaintedWood01
0x9315920f	UpperCenter
0x931cc8c8	Mii.Belongings.HabitOwnInfo.StandRhythm
0x931f8750	Work/Data/CoordinateAttribute/Coordinate0342.data__CoordinateAttribute.gyml
0x931fb827	TreasureAnythingEmotionTelopChatBlushAtLivingFloorSpeech
0x932174ff	RoomMii0
0x9322d43f	AnyLove
0x93260e71	Formula00
0x9327600f	ItemShop
0x93278e71	NotePCGroupSilentlyTableBench
0x93291817	Player.GoodsInfo2.Quoll.OwnNum
0x9334c87b	Mii01
0x9335449d	Player.InteriorRoomStyleInfo.LightStick07.InformedNewRelease
0x93373e9b	Gym01
0x933911fa	ClothHeadwearCoverTurban
0x93398818	Mii.Belongings.HabitOwnInfo.StomachBig.State
0x933c9c23	Mammoth
0x933da780	Player.FoodInfo.State
0x93424537	DemoPR000051
0x93530114	ClothTopslongOverallLongWetSuit
0x9355140f	Event0026FL_Thief
0x9363c5ff	Work/Data/ClothParam/ClothTopslongAlongHalfRumba.data__ClothParam.gyml
0x9363d905	ClothTopsTshirtHalfPocket
0x93689e8d	Mii.Belongings.HabitOwnInfo.EatCrisp
0x936acb74	Player.InteriorRoomStyleInfo.BlueSheet00
0x936e2028	House.RoomStyleInfo.Flag.Abduction00
0x937759cb	Trouble_FightNonreconciliation_Success
0x938a18f7	Mii.Belongings.HabitOwnInfo.GreetingShy.State
0x938d8fef	Player.InteriorRoomStyleInfo.Sakura00
0x9390a232	DemoPR000053
0x93929f62	Player.GoodsInfo2.OliveSoap
0x9393f6f2	Player.InteriorRoomStyleInfo.SmallFlower07.InformedNewRelease
0x93997dc0	Player.InteriorRoomStyleInfo.WesternStyle07.FirstObtainedSec
0x9399a132	House.RoomStyleInfo.Flag.Office01
0x9399abee	Player.GoodsInfo2.GameAdventure.State
0x93a58475	ExplainClothPresent
0x93a8db0c	ObjClassroom00_BlackBoardW
0x93acc870	ObjArchAir_05
0x93b0aeb9	Player.GoodsInfo2.TinToy.State
0x93b2a7f5	ObjStuffed00_ShelfE
0x93b7cc5c	Work/Confluence/PageInfo/HairFront005.pp__Confluence__PageInfo.gyml
0x93ba3b5a	Work/Data/ClothModelParam/ClothTopsTshirtLongTilden.data__ClothModelParam.gyml
0x93bb9006	DailyLog.MoneyGet
0x93bfa683	ObjTableBench_01
0x93c3bd1e	Player.GoodsInfo2.Autograph.OwnNum
0x93ca7f2d	Player.GoodsInfo2.ShigarakiWare.IsNewlyOwned
0x93cc418f	TreasureGoods_Anything_House_LDKCarpet_raw
0x93d996da	Mii.Belongings.HabitOwnInfo.FaceLousy.IsOwn
0x93da2782	Player.InteriorRoomStyleInfo.Christmas01.LastObtainedSec
0x93dc3d3a	Player.PlayTime
0x93e1d71e	Owner_MiiB
0x93e5b579	DemoDM104084
0x93e6aad6	TreasureGameEmotionTelopChatBlushAtRoom
0x93f36ca3	Player.InteriorRoomStyleInfo.Pirate00
0x93f7fa75	ClothShoesBootsLongPunk
0x93f8838f	Priority00
0x93f8bd90	Player.InteriorRoomStyleInfo.Gold00.LastObtainedSec
0x93f9305a	InvitingGroupDemo_DemoPR000068
0x93f9cdc5	TreasureRecordEmotionTelopChatNoveltyAtRoomSpeech
0x93ff3cd7	IsLoveGender
0x94001142	OneOther
0x9401234d	Trouble_Common_Confession_Success
0x9402745e	Childcare.Pending.HabitOwnInfo.StomachBig.IsChecked
0x94033d48	Work/Data/CoordinateAttribute/Coordinate0152.data__CoordinateAttribute.gyml
0x94046edf	ObjTableBench
0x9405c90e	RemindFocusLeading
0x94078561	Work/Data/CoordinateAttribute/Coordinate0213.data__CoordinateAttribute.gyml
0x940db409	Work/Data/ClothModelParam/ClothTopsCoatLongRain.data__ClothModelParam.gyml
0x94134c01	NoGroup_Event0040FL
0x9414bf8a	ItemTeaCup_02
0x941ce4c9	Work/Data/ClothParam/ClothTopslongAlongHalfEmbroidery.data__ClothParam.gyml
0x941da558	Player.GoodsInfo2.TerrestrialGlobe
0x942241d7	Group_Event0028
0x943cce65	StyleGroup_Gold00
0x94402c08	UGC.Food.LastObtainedSec
0x94405a4b	NotOther-Negative
0x944c35d8	Player.InteriorRoomStyleInfo.Brick00.FirstObtainedSec
0x94514735	ClothBottomsPantsWideDogJersey
0x94542e5a	Work/Data/ClothModelParam/ClothTopsCoatLongBorder.data__ClothModelParam.gyml
0x945ba691	UgcInterior
0x945e2f79	SeasonUnlockBeginTime
0x945f100b	BeardedDragon
0x9460351f	SF01
0x94603ad1	Trial
0x94608f1e	Work/Data/ClothParam/ClothHeadwearCostumeBaby.data__ClothParam.gyml
0x9460a923	Work/Data/ClothParam/ClothTopslongBoxDressLongShirt.data__ClothParam.gyml
0x9461104d	MapObject.MapObjectMisc.AddGameTime
0x947128c0	Work/Component/DestinationInfo/FacilityMarket.actor__DestinationInfo.gyml
0x9473f9b9	PriorityTrueMinimum
0x9475ea01	Player.InteriorRoomStyleInfo.WoodBoard01
0x947cc4db	TreasureGoods_Book_House_LDKCarpet_raw
0x94825182	Work/Data/CoordinateClothInfo/Coordinate0017.data__CoordinateClothInfo.gyml
0x948b4270	UGC.Exterior.IsNewlyOwned
0x9495bc0e	FacilityFamilyRestaurant_FreeSpace
0x94970087	Mii.Belongings.HabitOwnInfo.FaceSmile
0x949973bb	Player.GoodsInfo2.BeardedDragon.State
0x94a2b14c	ObjLanternSakura
0x94a34858	BrushPlatinum
0x94a8566a	Work/Data/ClothParam/ClothAllCostumeLongSheep.data__ClothParam.gyml
0x94a9873d	Aspect
0x94af436c	Player.GoodsInfo2.CDClassic.LastObtainedSec
0x94b0c6d3	Minigame
0x94b4f03d	Player.InteriorRoomStyleInfo.SmallFlower06.FirstObtainedSec
0x94bff8e6	Work/Confluence/PageInfo/HairAllLegacy118.pp__Confluence__PageInfo.gyml
0x94c012ed	Work/Data/ClothParam/ClothHeadwearHatJapan.data__ClothParam.gyml
0x94c49e55	News.IntervieweeMii.CommentNumber
0x94c7d4c7	House.RoomStyleInfo.Flag.Sakura00
0x94c985d0	ObjNatural00_WallDeco
0x94cd0b15	Player.GoodsInfo2.SpeechBubbleBronze.OwnNum
0x94d0c756	Player.GoodsInfo2.Chipmunk.State
0x94d301ad	Player.GoodsInfo2.Lure.OwnNum
0x94de367f	MiiEvent_Event0025FL2
0x94dfdc54	ClothTopsCoatLongTrench
0x94e79a33	Player.InteriorRoomStyleInfo.Cute00.IsNewlyOwned
0x94f4b9e5	Player.FoodShopDailyItem.IsNeedShowNew
0x94f51c0e	IslandDeco
0x94f571bd	Work/Data/CoordinateClothInfo/Coordinate0171.data__CoordinateClothInfo.gyml
0x94f5e658	Childcare.Pending.HabitOwnInfo.GreetingTypeShallow.IsOwn
0x94fd4fff	Work/Data/ClothParam/ClothHeadwearCostumeMonkey.data__ClothParam.gyml
0x9504f19f	Unlock.AddUgcTextCount
0x9506a624	ClothTopsYshirtLongPilotUniform
0x950a9d65	ClothSocksCat
0x9513f2c2	FacilityFountain_DonationBoxLeft
0x95186416	LvUPGoods_Catchball_r
0x951c2e6c	Mii.Belongings.RoomStyleInfo.Flag.Rain00
0x95209d0a	Work/Data/ClothModelParam/ClothShoesBootsShortLaceUp.data__ClothModelParam.gyml
0x9522e41b	ClothAccessoryBagKnapsack
0x95338b42	TreasureGameEmotionTelopChatImpressedSitOnSofa
0x9534a5aa	Player.InteriorRoomStyleInfo.Fruit02.LastObtainedSec
0x95390f30	RoomWindow_Container
0x953a6447	EmotionTelopChatRelaxGuitarShowAtLivingFloor
0x953e1226	Work/Data/ClothParam/ClothHeadwearHatBeretCheck.data__ClothParam.gyml
0x95407295	House.RoomStyleInfo.Flag.Candy02
0x954533b5	JungleBirds
0x9547f5e0	Player.GoodsInfo2.Sandglass.IsNewlyOwned
0x95502e3a	Work/Data/CoordinateAttribute/Coordinate0112.data__CoordinateAttribute.gyml
0x9552f4b0	EmotionTelopChatLoveSitOnTheBench
0x95548591	MiiEvent_Event0011FL
0x95569412	Kids00
0x955837ef	Work/Data/ClothModelParam/ClothHeadwearHatBackCap.data__ClothModelParam.gyml
0x9558ce8b	Player.InteriorRoomStyleInfo.Bathroom03.InformedNewRelease
0x9558da93	EatSmell
0x9559fe90	BuyMarketMorning
0x955f4e44	Player.InteriorRoomStyleInfo.Game01.IsNewlyOwned
0x9560312c	Player.InteriorRoomStyleInfo.Bathroom03.IsNewlyOwned
0x9561e3ec	Sleeping
0x95699101	Player.InteriorRoomStyleInfo.SF04.IsNewlyOwned
0x956fc01d	Work/Data/ClothModelParam/ClothBottomsSkirtBoxLace.data__ClothModelParam.gyml
0x95701b02	Player.HabitInfo2.FaceWink.OwnNum
0x9573d95f	Work/Data/ClothParam/ClothSocksMultiBorder.data__ClothParam.gyml
0x9573e33e	CameraMeetingItemLDK
0x957930c4	Mii.MiiMisc.EatInfo.RankedFoodId.UgcIndex
0x95797e9d	Player.GoodsInfo2.Butterfly.State
0x957c23d6	Own
0x957fe802	Work/Data/ClothParam/ClothAccessoryBagSchool.data__ClothParam.gyml
0x958a3716	Nrm
0x958c62bb	MultiStripe03
0x95914a07	NoGroup_Event0032FL
0x959320bf	Work/Data/ClothParam/ClothHeadwearHatCawboy.data__ClothParam.gyml
0x959604f1	Player.InteriorRoomStyleInfo.LightStick02.FirstObtainedSec
0x95978fc5	Liberation.SeasonInfo
0x959ac683	Player.InteriorRoomStyleInfo.Pirate00.KeyHash
0x95a5d8ca	Work/Data/ClothModelParam/ClothAccessoryBackShuriken.data__ClothModelParam.gyml
0x95a68688	Player.IsLocalNetworkExplained
0x95ac1428	Work/Data/ClothModelParam/ClothTopsYshirtLongJersey.data__ClothModelParam.gyml
0x95aec972	Player.GoodsInfo2.Rose.IsNewlyOwned
0x95b3154a	Player.GoodsInfo2.CDReggae.LastObtainedSec
0x95b36332	Mii.Trouble
0x95b38541	House.RoomStyleInfo.Flag.Field00
0x95b81db9	ItemMug_01
0x95b93157	ClothAccessoryBackKatana
0x95c130de	UGC.Goods.IslandNameRegionLanguageID
0x95c85d92	Player.InteriorRoomStyleInfo.Train00.FirstObtainedSec
0x95cfe27b	Childcare.Pending.HabitOwnInfo.WalkNoSwinging.State
0x95d0c426	Work/Data/Destination/ActionPoint/RoomDoorRoom_LeftDoorKnob.data__destination__ActionPoint.gyml
0x95d3027c	ItemHotSauce
0x95dd78c0	Player.InteriorRoomStyleInfo.LightStick01.InformedNewRelease
0x95e567b0	Player.InteriorRoomStyleInfo.Classroom01.State
0x95f1f61d	Player.InteriorRoomStyleInfo.BigFlower00.KeyHash
0x95f64217	Work/Data/CoordinateAttribute/Coordinate0172.data__CoordinateAttribute.gyml
0x95f66561	ObjGigantic00_BuildingE
0x95fa4f31	ObjClockTower_03
0x95fc196b	ClothHeadwearCoverBeanie
0x95fca807	DemoPR000002
0x95fd2d0b	ClothTopsCoatLongNoble
0x9600e0c4	Player.MarketUpdateInfo
0x960a0a58	HowToCallRoommateGroupName
0x960a6e3b	Mii.Trouble.Info.TargetMapObject.MapObjectId
0x960a7568	SitFloorLegsOutFront
0x9610d708	Actor
0x9610d91a	Work/Data/CoordinateClothInfo/Coordinate0187.data__CoordinateClothInfo.gyml
0x96116341	CameraMeeting
0x96175ae2	DoorOutside
0x96179a01	VeryGood00
0x961a6f0b	TreasureBookEmotionTelopChatNoveltyAtRoom
0x961b51bd	Work/Data/CoordinateClothInfo/Coordinate0183.data__CoordinateClothInfo.gyml
0x961ecc87	Mii.Belongings.HabitOwnInfo.StandLeanForward
0x9624b946	TreasureGameEmotionTelopChatNoFeaturesSitOnFerrisWheelEntrance
0x962b3a73	Work/Data/CoordinateAttribute/Coordinate0078.data__CoordinateAttribute.gyml
0x96396c7a	FirstDollHouseView
0x9639805e	Work/Confluence/PageInfo/HairFront069.pp__Confluence__PageInfo.gyml
0x963a96fc	NoGroup_Event0015CH
0x963bc1c3	Work/Data/CoordinateClothInfo/Coordinate0254.data__CoordinateClothInfo.gyml
0x96478748	Work/Data/ClothModelParam/ClothTopsTubetop.data__ClothModelParam.gyml
0x9649b3fc	Work/Data/ClothParam/ClothTopslongBoxDressSleevelessTropical.data__ClothParam.gyml
0x9649e1b0	NoGroup_Event0045FL
0x964e2683	HostIOUgcBc3_SRGB
0x965ca147	Work/Data/ClothModelParam/ClothShoesSandalSlipper.data__ClothModelParam.gyml
0x96633504	Work/Data/ClothParam/ClothHeadwearProtectorEarflaps.data__ClothParam.gyml
0x96658435	ClothAccessoryNeckAcrylic
0x9666bea4	Work/Data/ClothModelParam/ClothHeadwearCostumeBaby.data__ClothModelParam.gyml
0x966741e3	Player.InteriorRoomStyleInfo.Chinese01.FirstObtainedSec
0x96693c74	Work/Data/CoordinateAttribute/Coordinate0009.data__CoordinateAttribute.gyml
0x966bfa45	Player.InteriorRoomStyleInfo.Heart03.FirstObtainedSec
0x966f8af6	GameHorror
0x9674d501	Work/Data/CoordinateAttribute/Coordinate0035.data__CoordinateAttribute.gyml
0x96765ea5	Player.GoodsInfo2.BookPicture.IsNewlyOwned
0x967af38c	Player.InteriorRoomStyleInfo.Classroom01.InformedNewRelease
0x967ca0be	ClothTopsTshirtHalfVneck
0x967dd130	LvUPGoods_Yoga_House_Room_raw
0x9687475d	TreeCactus
0x9691a6bc	Player.InteriorRoomStyleInfo.WoodBoard05.FirstObtainedSec
0x96924f33	AttrTouchType
0x96935380	ClothAccessoryBackTurtle
0x969a7675	Player.InteriorRoomStyleInfo.Damask04.LastObtainedSec
0x969af9e5	TargetFoodId
0x969b2777	PriorityG
0x96a0b335	Player.GoodsInfo2.BaseBall.State
0x96a72951	News.TextOnlyMii
0x96a8201d	ClothAllBoxLongBuilding
0x96aa36fc	Player.GoodsInfo2.Alebrijes.IsNewlyOwned
0x96aa92d5	Relation.Info.DirectionalInfo.SecondPersonRegionLanguageID
0x96ab1b4f	Player.InteriorRoomStyleInfo.Stage00.State
0x96b750d7	ObjFenceWood_02
0x96b90a0c	MiiEvent_Event0015FL
0x96b9a031	MiiNews035
0x96ba0b5a	Player.InteriorRoomStyleInfo.Damask05.FirstObtainedSec
0x96c0e15a	ObjGrandlight_03
0x96c81d4c	Work/Data/ClothParam/ClothBottomsSkirtBoxCheck.data__ClothParam.gyml
0x96ccd55d	MiiEvent_Event0021FL
0x96ce137f	Work/Data/ClothParam/ClothHeadwearGlassThreeD.data__ClothParam.gyml
0x96cf8e1a	ClothTopsYshirtLongUniquePattern
0x96cfca16	PlayerTwo
0x96da369a	EmotionTelopChatSurpriseGuitarShow
0x96dd913c	Special
0x96de6bd5	EnterFacilityMarketNight
0x96e21b3d	Damask00
0x96e88d50	Player.InteriorRoomStyleInfo.Train01.LastObtainedSec
0x96ea4fbb	Work/Data/ClothParam/ClothHeadwearCostumeDinosaur.data__ClothParam.gyml
0x96f51aea	BuildTower
0x96f53212	Player.HabitInfo2.FaceLousy.LastObtainedSec
0x96f94c11	Jungle00
0x97054dff	Obje_Step
0x9705cd36	Work/Data/ClothModelParam/ClothHeadwearCostumeFish.data__ClothModelParam.gyml
0x9707bada	ClothHeadwearHatBicycle
0x970906fc	Mii.Trouble.Info.Id
0x97091226	BookPicture
0x970bb39d	ItemGold00_Table_Demo
0x970d06fd	DVDFeature
0x971713e4	Work/Data/ClothModelParam/ClothAccessoryBagButterfly.data__ClothModelParam.gyml
0x972e3927	PickUpToMiiCount
0x972f135b	Book
0x97303927	ObjDrinkingFountain_01
0x97335282	TreasureAnythingEmotionTelopChatDifficultAtRestaurant
0x9736b6ad	House.RoomStyleInfo.Flag.Garden00
0x9737b842	Player.InteriorRoomStyleInfo.HoneycombTile03.IsNewlyOwned
0x9737f2ae	ObjTableBench_02
0x974938af	Work/Data/CoordinateAttribute/Coordinate0174.data__CoordinateAttribute.gyml
0x974a9927	House.RoomStyleInfo.Flag.StarPrint03
0x9752446b	PaintedWood00
0x975251b0	Work/Confluence/PageInfo/HairFront010.pp__Confluence__PageInfo.gyml
0x975597b1	VacantlandWithDemoDM104066
0x9764002c	Natural
0x976fc486	Childcare.Pending.HabitOwnInfo
0x97704a50	Unlock.MiiEventOnFocusLeadingObjectCount
0x977a9341	Misc_ChatFree_Speech_Outdoor
0x977c5139	Player.InteriorRoomStyleInfo.IceRink00.State
0x9780033b	Misc_EmotionTelopChat_Outdoor_Irritate
0x97825020	MapObject.Location.GridPosY
0x97865d6b	UGC.Exterior.IsEmissionNightOnly
0x9788a524	Work/Data/ClothParam/ClothAllMonsterLongDinosaur.data__ClothParam.gyml
0x9791a367	ClothTopsSportsBra
0x979843e3	Player.InteriorRoomStyleInfo.Training00
0x979ba2c1	SuspendingAndFinished
0x97a00e0e	Work/Data/CoordinateAttribute/Coordinate0000.data__CoordinateAttribute.gyml
0x97a0a7f9	Work/Data/CoordinateAttribute/Coordinate0108.data__CoordinateAttribute.gyml
0x97a902d1	Mosaic
0x97aa5ad9	Player.HabitInfo2.StandLeanForward.State
0x97ae263d	ClothSocksBlockCheck
0x97aed3dd	DarumaDrop
0x97b0c749	USfr
0x97b5c4fc	Interview
0x97c57a76	Player.GoodsInfo2.Maracas.State
0x97c920b8	Player.InteriorRoomStyleInfo.SmallFlower01.OwnNum
0x97cbeabc	MiiEvent_Event0025FL
0x97cda554	Player.GoodsInfo2.Hedgehog.LastObtainedSec
0x97d8ba96	Humid
0x97d9c655	House.RoomStyleInfo.Flag.Train01
0x97da405e	ObjNatural00_Sofa
0x97dd9059	BirthChildCount
0x97e554ee	Player.HabitInfo2.TakeItOutOnObject.LastObtainedSec
0x97e93d8e	Work/Data/ClothModelParam/ClothTopsYshirtHalfWappen.data__ClothModelParam.gyml
0x97e9b251	Player.InteriorRoomStyleInfo.Brick01.IsNewlyOwned
0x97eeaa7b	TargetUgcTextIndex
0x97f3900a	Player.InteriorRoomStyleInfo.Lace03.FirstObtainedSec
0x97f4771f	StretchTogether
0x97f4e85b	Work/Data/ClothModelParam/ClothTopsOuterLongMountain.data__ClothModelParam.gyml
0x97fae52a	Player.InteriorRoomStyleInfo.Street00.State
0x97fdf0ce	Work/Component/DestinationInfo/FacilityAtelier.actor__DestinationInfo.gyml
0x9802e11f	House.RoomStyleInfo.Flag.Wrestling00
0x980834da	Player.GoodsInfo2.DucksToy.State
0x9809c57a	ClothHeadwearCostumeBear
0x980c0395	Work/Data/ClothModelParam/ClothHeadwearCoverFruit.data__ClothModelParam.gyml
0x980d945c	Work/Data/ClothParam/ClothBottomsPantsLongJersey.data__ClothParam.gyml
0x9818108c	ObjTreeConiferous
0x981cab23	ClothBottomsPantsWideFlower
0x98277904	Voice_DelayL
0x9827a9bc	FacilityTower_Entrance
0x98280de1	MiiEvent_Event0030CH
0x982b1106	F
0x982dd28d	TreasureGameEmotionTelopChatImpressedSitOnFountain
0x982e067f	TreasureGoods_Game_Outdoor_Deject
0x9830758c	Work/Data/CoordinateAttribute/Coordinate0147.data__CoordinateAttribute.gyml
0x9830ac3c	Player.GoodsInfo2.BookRiddle.OwnNum
0x9834a417	Work/Data/ClothParam/ClothAccessoryChestBird.data__ClothParam.gyml
0x9838264b	UGC.MapObject.IsEmissionNightOnly
0x983ba041	Childcare.Pending.HabitOwnInfo.GreetingTypeShallow.State
0x984c5385	Mii.Belongings.RoomStyleInfo.Flag.Jail00
0x984d6114	Work/Data/ClothParam/ClothTopsOuterLongArmPrint.data__ClothParam.gyml
0x9853f296	Player.InteriorRoomStyleInfo.Marble01.KeyHash
0x98543ba4	Player.HabitInfo2.FaceCloseEyes.State
0x98563f49	Mii.Belongings.RoomStyleInfo.Flag.SmallFlower06
0x9857451d	Player.GoodsInfo2.SoccerBall.IsNewlyOwned
0x9857b5bd	ClothAccessoryMufflerSnood
0x985ef1e2	Player.InteriorRoomStyleInfo.MovingBox00
0x98629d6a	Work/Data/ClothParam/ClothTopsTshirtLongPatternedVest.data__ClothParam.gyml
0x9863c618	ItemDemoPR000033Collision
0x9864b60e	Player.HabitInfo2.GreetingTypeShallow.OwnNum
0x98655e23	ClothHeadwearOrnamentTopPuppet
0x986a8ad8	Work/Data/ClothParam/ClothTopslongAlongLongFurCoat.data__ClothParam.gyml
0x986e5155	FriendSuccess
0x98761a02	Player.GoodsInfo2.ScrubbingBrush.State
0x987f839b	Player.InteriorRoomStyleInfo.Otaku04.State
0x98841713	Work/Data/CoordinateClothInfo/Coordinate0155.data__CoordinateClothInfo.gyml
0x988e29be	Player.GoodsInfo2.MessageBottle.LastObtainedSec
0x988ff49c	Work/Data/ClothParam/ClothAllCostumeLongFriedShrimp.data__ClothParam.gyml
0x9898148a	Work/Data/ClothModelParam/ClothShoesSandalComfort.data__ClothModelParam.gyml
0x98987df3	Player.GoodsInfo2.ReplicaSword
0x989a6338	Unlock.PresentClothCount
0x98a0232c	Player.GoodsInfo2.Tyrannosaurus.State
0x98a33b4a	Work/Mii/EyeAccessoryParam/Eye047.mii__EyeAccessoryParam.gyml
0x98a82d6f	Jail00
0x98a88839	SingInFront
0x98aad11c	ClothHeadwearOrnamentFrontNest
0x98acc24e	LvUPGoods_ReplicaSword_House_raw
0x98b1425b	SystemSeaside
0x98b57515	Mii.Belongings.RoomStyleInfo.Flag.MultiDot03
0x98b5a07e	Event
0x98b95261	Mii.Belongings.HabitOwnInfo.WalkToeOut
0x98bb5fb7	Player.GoodsInfo2.TrophySilver.State
0x98bcbb11	Trouble_GoodsMatched_Failure
0x98c12a6f	Work/Data/ClothModelParam/ClothTopsYshirtHalfSimple.data__ClothModelParam.gyml
0x98cc9ccc	Mii.MiiMisc.ClothInfo.Headwear.KeyHash
0x98cda902	House.RoomStyleInfo.Flag.Dinosaur00
0x98d3bf93	Mii.Belongings.RoomStyleInfo.Flag.Party00
0x98daa946	DumbbellSchoolField
0x98dab783	Field00
0x98db02b1	Player.InteriorRoomStyleInfo.Fantasy02.IsNewlyOwned
0x98dbff15	Trouble_IslandEditTutorial00_Failure
0x98dc716f	Trouble_LiveTogetherThanks_Success
0x98e1d6bf	Player.InteriorRoomStyleInfo.Steampunk00.FirstObtainedSec
0x98e59b48	ClothAccessoryMufflerStole
0x98e5bb16	Work/Confluence/PageInfo/HairAll047.pp__Confluence__PageInfo.gyml
0x98e70964	Player.HabitInfo2.StandAffected.OwnNum
0x98e82ef1	HowToCallGoodsText
0x98e9c090	TreasureBookEmotionTelopChatBlushAtLivingFloor
0x98ea489b	Candy02
0x98ed57a6	RocketBaseOuterWall
0x98eec736	Player.GoodsInfo2.BaoshanDecoration.IsNewlyOwned
0x98eecf7d	ObjWedding00_Board
0x98effda1	Player.HabitInfo2.StandSweatLot.LastObtainedSec
0x98f11263	Player.InteriorRoomStyleInfo.Western00.LastObtainedSec
0x98f31b9a	Tea01
0x99003ca4	Work/Data/ClothModelParam/ClothTopslongDressHalfSimple.data__ClothModelParam.gyml
0x99042233	Player.GoodsInfo2.Tile.OwnNum
0x9904f031	Childcare.Pending.HabitOwnInfo.EatCrisp
0x99087462	DemoDM104052S01
0x990c2fd0	Player.InteriorRoomStyleInfo.Chinese01.OwnNum
0x990eb671	Player.InteriorRoomStyleInfo.Damask00
0x9910aef4	Player.InteriorRoomStyleInfo.Antarctic00.FirstObtainedSec
0x991266ae	Player.HabitInfo2.WalkToeIn.State
0x99147851	Trouble_Cloth2Mature_Success
0x9917841d	Work/Confluence/PageInfo/HairAll053.pp__Confluence__PageInfo.gyml
0x991d85a3	StandHandsFront
0x991efbd8	Trouble_AskPlayerFellowship_Failure
0x9920bac4	Work/Confluence/PageInfo/HairFront016.pp__Confluence__PageInfo.gyml
0x9923e64f	LvUPGoods_Training_Dumbell_House
0x99253325	Tea00
0x9926d51a	Work/Data/CoordinateAttribute/Coordinate0110.data__CoordinateAttribute.gyml
0x9929dc08	ClothTopslongOverallLongBajiJeogori
0x992d3177	Past
0x99311d73	Work/Data/ClothParam/ClothBottomsSkirtLongFlare.data__ClothParam.gyml
0x99374b98	Work/Component/DestinationInfo/ObjBeachBed.actor__DestinationInfo.gyml
0x99406e31	FaceWink
0x994dd884	ItemGriddle
0x994de4b4	ClothHeadwearCostumeStar
0x9952d421	Player.GoodsInfo2.BookSomeonesNote.LastObtainedSec
0x9958575e	Player.InteriorRoomStyleInfo.Fruit05
0x9959aeea	Mii.MiiMisc.FaceInfo.IsSelectedGoodHairChangeTalk
0x9959b9e1	Player.GoodsInfo2.EmbroideredHandkerchief.IsNewlyOwned
0x995b56bf	Mii.Belongings.HabitOwnInfo.GreetingShy
0x995e790c	Player.InteriorRoomStyleInfo.StarPrint02.IsNewlyOwned
0x995f5fbf	DailyLog.BuyMarketMorning
0x9962d037	Work/Data/ClothParam/ClothAllCostumeLongEggplant.data__ClothParam.gyml
0x99644573	OldMilk
0x99655250	Work/Data/ClothParam/ClothTopsUgcTshirtHalfEasy.data__ClothParam.gyml
0x99660576	NoGroup_Event0032CH
0x99671caf	Player.GoodsInfo2.TrophyGold.OwnNum
0x996d9889	NotePCGroupSilentlyDiningTable
0x996d9b29	Work/Data/ClothParam/ClothAccessoryChestCameo.data__ClothParam.gyml
0x996ff80b	Work/Data/CoordinateClothInfo/Coordinate0064.data__CoordinateClothInfo.gyml
0x9974b781	Work/Data/ClothParam/ClothSocksTiedye.data__ClothParam.gyml
0x997ac6b5	PriorityW
0x997b684a	Work/Data/Destination/ActionPoint/ObjSeesaw_Out_1.data__destination__ActionPoint.gyml
0x997d506a	Player.GoodsInfo2.Alien.State
0x99806dfd	EmotionTelopChatLoveSitOnTableBench
0x99838954	Work/Data/ClothParam/ClothSocksKneeSocksBorder.data__ClothParam.gyml
0x9989ba5a	cPlural
0x998a073f	Player.GoodsInfo2.Egg.State
0x9993bbd0	ObjGym00_BallCase
0x99944790	Player.HabitInfo2.VoiceShiny
0x9999b7d9	Mii.MiiMisc.SatisfyInfo.Level
0x9999d173	Soil
0x99a2c7df	TreasureRecordEmotionTelopChatInterestingAtRoom
0x99b019fa	House.RoomStyleInfo.Flag.BigFlower03
0x99b0b6c7	Work/Data/ClothModelParam/ClothBottomsPantsLongRunning.data__ClothModelParam.gyml
0x99c0dea5	ObjAerogenerator_04
0x99c58693	Player.InteriorRoomStyleInfo.Bathroom02.FirstObtainedSec
0x99c91d39	EmotionTelopChatRelaxLieDownVacantLand
0x99c92848	Player.HabitInfo2.ExpressionLess.IsNewlyOwned
0x99cfbde7	Work/Data/CoordinateClothInfo/Coordinate0225.data__CoordinateClothInfo.gyml
0x99d88236	Group_Event0011
0x99db2621	Player.InteriorRoomStyleInfo.Party02.OwnNum
0x99db4b16	Food09
0x99db8048	Player.GoodsInfo2.RandomKey.LastObtainedSec
0x99e3d722	Work/Data/ClothModelParam/ClothBottomsSkirtLongLeopard.data__ClothModelParam.gyml
0x99e986ab	Childcare.Pending.HabitOwnInfo.EatSmell.State
0x99ea62f0	Work/Data/ClothParam/ClothTopsTshirtSleevelessTankTop.data__ClothParam.gyml
0x99eaf8a4	Player.InteriorRoomStyleInfo.Lace01.IsNewlyOwned
0x99f4863a	DemoDM104038
0x99f5357b	ObjMonitor00_Desk
0x99f6dde7	ObjGarage00_Compressor
0x99f93522	ClothShoesSandalBijoux
0x99f993ac	Player.InteriorRoomStyleInfo.BigFlower01
0x99fa082f	Player.GoodsInfo2.HawaiiKeyChain.State
0x99fbd38a	Binoculars
0x9a0232bc	TreasureGameEmotionTelopChatNoveltyAtLivingFloor
0x9a0445f9	Mii.Belongings.RoomStyleInfo.Flag.Western00
0x9a0a00d2	GoldThrone
0x9a0c6942	Player.InteriorRoomStyleInfo.Bathroom01.KeyHash
0x9a147ec1	Mii.Belongings.HabitOwnInfo.WalkSwagger
0x9a180e39	ItemBouquet
0x9a19fce7	Work/Data/CoordinateClothInfo/Coordinate0278.data__CoordinateClothInfo.gyml
0x9a1a29d2	LipImpassive
0x9a22a912	Work/Data/ClothParam/ClothBottomsPantsLongAbc.data__ClothParam.gyml
0x9a22fb10	Player.GoodsInfo2.IncenseBurner
0x9a2b817b	Player.HabitInfo2.GreetingTypeShallow.LastObtainedSec
0x9a2d9356	Trouble_HungryNoodle_Success
0x9a3131a2	Crab
0x9a314d38	GivenFlag
0x9a34f010	TreasureRecordEmotionTelopChatNoveltyAtRoom
0x9a369e72	TreasureBookEmotionTelopChatNoFeaturesAtLivingFloorSpeech
0x9a3c869b	DemoPR000025
0x9a3f5fa5	House.RoomStyleInfo.Flag.Triangle00
0x9a40771f	JoinMiiAll
0x9a41aa40	Work/Data/ClothModelParam/ClothHeadwearProtectorShemagh.data__ClothModelParam.gyml
0x9a456eb5	Work/Data/ClothModelParam/ClothTopsOuterLongNordicSweater.data__ClothModelParam.gyml
0x9a4573a5	MaracasSchoolMyRoom
0x9a499435	Work/Confluence/PageInfo/HairAll096.pp__Confluence__PageInfo.gyml
0x9a519412	Player.InteriorRoomStyleInfo.StarPrint02
0x9a54eb1a	Work/Data/ClothParam/ClothAccessoryBackShuriken.data__ClothParam.gyml
0x9a56ff6c	ProbabilityD
0x9a59178c	Work/Data/ClothModelParam/ClothBottomsSkirtMiniLeather.data__ClothModelParam.gyml
0x9a59f58a	UGC.Goods.Price
0x9a5beb5a	Player.GoodsInfo2.Haniwa
0x9a611152	Work/Data/CoordinateAttribute/Coordinate0233.data__CoordinateAttribute.gyml
0x9a671ff2	DemoChatRobot
0x9a6ba7dc	Mii.Belongings.UgcHeadwearOwnInfo
0x9a6d59c1	Antenna
0x9a78edac	Player.GoodsInfo2
0x9a841836	Work/Data/ClothModelParam/ClothHeadwearHatJetSimple.data__ClothModelParam.gyml
0x9a866675	Work/Data/ClothModelParam/ClothTopsMantleLongPhantomThief.data__ClothModelParam.gyml
0x9a8e6400	Player.InteriorRoomStyleInfo.Hospital00.InformedNewRelease
0x9a91f2ba	Work/Confluence/PageInfo/HairAllLegacy035.pp__Confluence__PageInfo.gyml
0x9a93ed38	Australia
0x9a977802	MiiEvent_Event0013CH
0x9a993894	ObjGrandlight_05
0x9a9ac556	Work/Data/CoordinateClothInfo/Coordinate0204.data__CoordinateClothInfo.gyml
0x9a9f7713	ObjLovely00_Ceiling
0x9aa09be9	Work/Data/ClothParam/ClothHeadwearFullmaskSkull.data__ClothParam.gyml
0x9aa5a4d5	GameLoveSimulation
0x9aab1a39	Work/Data/CoordinateAttribute/Coordinate0256.data__CoordinateAttribute.gyml
0x9aade568	Player.InteriorRoomStyleInfo.Stadium02.State
0x9ab12ca1	Player.InteriorRoomStyleInfo.Party05
0x9ab5ba87	Work/Data/ClothModelParam/ClothBottomsSkirtBoxLong.data__ClothModelParam.gyml
0x9ab67830	Player.InteriorRoomStyleInfo.Garage04.State
0x9ab69b8e	Nearest
0x9abf7516	Player.InteriorRoomStyleInfo.HoneycombTile03.KeyHash
0x9abff543	Player.InteriorRoomStyleInfo.Garage02.IsNewlyOwned
0x9ac0d506	Player.InteriorRoomStyleInfo.LightStick06.LastObtainedSec
0x9ac344af	ClothHeadwearHatSimpleKnit
0x9ad0896e	ItemJuice_05
0x9ad097de	Player.MarketUpdateInfo.MarketCoordinateInfo
0x9ad1d1f5	FacilityPark_BigSpace
0x9ad566a4	Player.InteriorRoomStyleInfo.Stage00.KeyHash
0x9ad8e0a8	Family_Relative_NotFight
0x9ada63a4	Coordinate0137
0x9adad328	Player.GoodsInfo2.TomodachiCollection
0x9adce472	Work/Data/ClothModelParam/ClothTopsTshirtHalfSwitching.data__ClothModelParam.gyml
0x9add5dac	Coordinate0172
0x9addd1e8	StainedGlass02
0x9ade30ca	Work/Confluence/PageInfo/HairAll100.pp__Confluence__PageInfo.gyml
0x9ae8e633	Work/Data/CoordinateAttribute/Coordinate0228.data__CoordinateAttribute.gyml
0x9aeddea1	TreasureAnythingEmotionTelopChatBlushSitOnTheGroundCircle
0x9aef2924	Mii.Belongings.RoomStyleInfo.Flag.WesternStyle04
0x9af268a0	Work/Data/ClothModelParam/ClothShoesSandalFlower.data__ClothModelParam.gyml
0x9af4a68b	Player.InteriorRoomStyleInfo.WesternStyle01.State
0x9af4fdde	ClothBottomsPantsLongSanta
0x9af8a055	Work/Data/ClothModelParam/ClothTopsTshirtLongFigure.data__ClothModelParam.gyml
0x9afd1edf	DemoSB044072
0x9b077c86	Player.InteriorRoomStyleInfo.Horror01.IsNewlyOwned
0x9b0d6ae2	Player.InteriorRoomStyleInfo.Damask06.State
0x9b15b367	Player.InteriorRoomStyleInfo.Sushi00.InformedNewRelease
0x9b161725	Player.GoodsInfo2.GameAdventure.OwnNum
0x9b191eb0	Player.GoodsInfo2.PostcardSet.LastObtainedSec
0x9b1fcd63	StyleGroup_Club00
0x9b2a03b5	Trouble_Cloth2Noticeable_Success
0x9b2e0085	Mii.Belongings.RoomStyleInfo.Flag.Lace02
0x9b319fd3	ClothHeadwearCoverFlower
0x9b32feff	Player.InteriorRoomStyleInfo.Damask03.KeyHash
0x9b340450	Work/Confluence/PageInfo/HairAll044.pp__Confluence__PageInfo.gyml
0x9b34914d	ClothHeadwearHatAcademic
0x9b3854a6	PushUpExerciseLDK
0x9b3d6fed	Player.InteriorRoomStyleInfo.Garage04.KeyHash
0x9b3f633f	Player.GoodsInfo2.Superscope.LastObtainedSec
0x9b3f7602	ClothBottomsPantsWideCargoHalf
0x9b415edf	Mii.Belongings.HabitOwnInfo.EatWild
0x9b4f30a7	Work/Data/ClothModelParam/ClothAllCupLongTapioca.data__ClothModelParam.gyml
0x9b51bf20	Player.HabitInfo2.ChangeCloth
0x9b53e176	Player.HabitInfo2.StomachSmall.IsNewlyOwned
0x9b551a78	Player.InteriorRoomStyleInfo.Street00.LastObtainedSec
0x9b55caec	Work/Data/ClothParam/ClothHeadwearHatJockey.data__ClothParam.gyml
0x9b67edfb	SeasonUnlockWinter
0x9b6f2fc5	Player.GoodsInfo2.MoodLight
0x9b721d9e	FaceColor
0x9b75ef73	DashClashFallInLoveFirstSightChange
0x9b8860c3	Player.InteriorRoomStyleInfo.SF04.FirstObtainedSec
0x9b88c94b	Grass_Undefined
0x9b8b2486	LvUPGoods_Guitar_Show_Outdoor
0x9b9ab833	Work/Data/ClothParam/ClothAccessoryMufflerSnood.data__ClothParam.gyml
0x9b9c549d	WordHowToCall
0x9ba03c72	Player.InteriorRoomStyleInfo.StainedGlass01.FirstObtainedSec
0x9ba26129	Player.InteriorRoomStyleInfo.Heaven00.FirstObtainedSec
0x9ba3daeb	InnerMap
0x9bad3ca8	WalkingTogetherHere
0x9bb9c770	Player.InteriorRoomStyleInfo.Stuffed01.IsNewlyOwned
0x9bca5d3a	Work/Data/ClothParam/ClothBottomsPantsWideCheck.data__ClothParam.gyml
0x9bca8d6c	Work/Data/ClothParam/ClothTopsOuterSleevelessKnit.data__ClothParam.gyml
0x9bd11dd8	ObjFireworksErupting_02
0x9bda67f2	FightSuccessNormal
0x9be11065	Trouble_IslandEditRoadToMii_Failure
0x9be46b74	Mii.Belongings.HabitOwnInfo.OftenCrossArms.State
0x9be9839a	Work/Data/CoordinateClothInfo/Coordinate0321.data__CoordinateClothInfo.gyml
0x9beb3834	Player.InteriorRoomStyleInfo.Train01.OwnNum
0x9beb5c60	ItemClockTower_Demo
0x9bf36143	NoGroup_Event0045CH
0x9bf4b018	House.RoomStyleInfo.Flag.MovingBox00
0x9c04accb	Work/Data/ClothParam/ClothHeadwearOrnamentFrontSamba.data__ClothParam.gyml
0x9c06a64f	Work/Data/ClothParam/ClothTopsYshirtLongStripe.data__ClothParam.gyml
0x9c0c555f	Work/Data/ClothModelParam/ClothAllPlumpLongHamster.data__ClothModelParam.gyml
0x9c0eba93	LvUPGoods_Training_House_LDKCarpet_raw
0x9c175d66	RoomStyleWeeklyItem
0x9c1fb6cb	Brick01
0x9c27ef74	Player.GoodsInfo2.Lion
0x9c2aa882	Player.HabitInfo2.WalkLikeRobot
0x9c38e23e	MiiEvent_Event0008CH
0x9c3a5ca8	Mii.Belongings.RoomStyleInfo.Flag.Camouflage02
0x9c3b7ca5	Player.InteriorRoomStyleInfo.Cemetery00.State
0x9c426820	DailyLog.CurrentPlayMonth
0x9c44f97e	TreasureRecordEmotionTelopChatScaryAtLivingFloor
0x9c4b0196	Player.InteriorRoomStyleInfo.WesternStyle02.IsNewlyOwned
0x9c4d3e2b	Player.InteriorRoomStyleInfo.Damask05.OwnNum
0x9c4e37f2	Trouble_DepressStopConfession_Failure
0x9c4e47cf	Player.InteriorRoomStyleInfo.HoneycombTile01
0x9c4fcc82	HostIOPhotoHalf
0x9c584483	Factry00
0x9c5a11d1	Mii.Trouble.Info.TargetMiiIndex
0x9c5c04de	EmotionBall
0x9c67a54b	ClothTopsOuterLongMA1
0x9c6f29b6	MiiEvent_Event0043FL
0x9c735a19	Work/Data/ClothModelParam/ClothAccessoryNeckSkull.data__ClothModelParam.gyml
0x9c783f2f	ObjHeart00_Mirror
0x9c7aa28b	Mii.Belongings.HabitOwnInfo.StandToeOut
0x9c84bdf3	TreasureBookEmotionTelopChatBlushAtRoom
0x9c89679b	Work/Data/ClothModelParam/ClothTopsYshirtLongHeart.data__ClothModelParam.gyml
0x9c92d7a2	Work/Data/ClothParam/ClothTopsOuterLongBoaFleece.data__ClothParam.gyml
0x9c92fd11	Baby01
0x9c93aed1	Mii.Belongings.HabitOwnInfo.GetAngryTypeRegretfulTears.State
0x9c95be11	Player.InteriorRoomStyleInfo.SF02.IsNewlyOwned
0x9c9795f8	LiveTogetherCancel
0x9c97c856	NoGroup_Event0011CH
0x9c9dc39e	Player.InteriorRoomStyleInfo.Party05.IsNewlyOwned
0x9c9f4bd8	Childcare.Pending.HabitOwnInfo.EatCrisp.State
0x9ca66b31	Player.GoodsInfo2.CDRock.IsNewlyOwned
0x9caf2d25	Player.InteriorRoomStyleInfo.LightStick01.IsNewlyOwned
0x9cb9f35b	ObjFlowerCosmos_01
0x9cb9f5ec	MiiEvent_Event0003FL
0x9cbb7db9	Group_Event0027
0x9cbcb50f	ClothTopsTshirtSleevelessBasketball
0x9cc2e7b9	Work/Data/ClothModelParam/ClothTopsTshirtLongPinBorder.data__ClothModelParam.gyml
0x9cc40266	TreasureRecordEmotionTelopChatDifficultAtLivingFloor
0x9cce44b4	Player.InteriorRoomStyleInfo.Dot01.FirstObtainedSec
0x9ccecf97	Work/Data/ClothModelParam/ClothHeadwearHatCloche.data__ClothModelParam.gyml
0x9ccf22b7	Mii.MiiMisc.EntryInfo.SortIndex
0x9cd00ae5	DemoPR000026
0x9cd05533	ClothHeadwearOrnamentTopKeyHolder
0x9cd37a8c	Work/Data/ClothModelParam/ClothTopsTshirtHalfAnimal.data__ClothModelParam.gyml
0x9cdc5cd3	IsEmissionNightOnly
0x9cdd7003	Player.HabitInfo2.GreetingMacho.IsNewlyOwned
0x9ce00072	Childcare.Pending.HabitOwnInfo.FaceBliss.State
0x9ce2aa19	Player.GoodsInfo2.DuraluminCase
0x9ce2b699	Work/Confluence/PageInfo/HairAllLegacy063.pp__Confluence__PageInfo.gyml
0x9cec0fbe	Player.InteriorRoomStyleInfo.Classroom00.LastObtainedSec
0x9cec591b	EmotionTelopChatSurpriseSitOnTheGroundCircle
0x9ceeef81	Goods_PaintKit
0x9cf8d31f	MonitorRoom02
0x9cf8d32a	Work/Data/ClothModelParam/ClothBottomsPantsLongJersey.data__ClothModelParam.gyml
0x9d0370d3	Kangaroo
0x9d050b04	ClothBottomsPantsWideCargo
0x9d07760b	Work/Mii/EyeAccessoryParam/Eye038.mii__EyeAccessoryParam.gyml
0x9d079e61	Childcare.Pending.HabitOwnInfo.StandRhythm.State
0x9d091913	Trouble_FightNonreconciliation_Failure
0x9d0a0893	Player.InteriorRoomStyleInfo.WoodBoard05.IsNewlyOwned
0x9d0b7260	Work/Confluence/PageInfo/HairParts024.pp__Confluence__PageInfo.gyml
0x9d283f9a	MiiEvent_Event0031FL
0x9d2a3f49	Alien
0x9d2f2b97	NoGroup_Event0023CH
0x9d37ca97	Work/Confluence/PageInfo/HairBack054.pp__Confluence__PageInfo.gyml
0x9d3c40d2	DailyLog.CurrentSumDay
0x9d3ee7a9	StandToeOut
0x9d42387c	Nekojarashi
0x9d424d9a	Work/Data/CoordinateClothInfo/Coordinate0338.data__CoordinateClothInfo.gyml
0x9d48274e	Work/Component/DestinationInfo/HouseOneRoomDeck.actor__DestinationInfo.gyml
0x9d4e9b81	Work/Data/CoordinateClothInfo/Coordinate0036.data__CoordinateClothInfo.gyml
0x9d4fab9d	Player.InteriorRoomStyleInfo.StainedGlass02.IsNewlyOwned
0x9d58c8be	ObjCat00_CatTower
0x9d596dc3	Trouble_Common_Confession_Failure_3Ver
0x9d5a80a0	Player.HabitInfo2.StandToeOut
0x9d5e6d57	GoldBar
0x9d5f9d4f	Lace05
0x9d5fa842	Player.InteriorRoomStyleInfo.Camouflage01.FirstObtainedSec
0x9d6d14f2	Work/Data/ClothModelParam/ClothTopsTshirtLongPaisley.data__ClothModelParam.gyml
0x9d72ecb6	Mii.Belongings.HabitOwnInfo.StandCute.State
0x9d748103	House.RoomStyleInfo.Flag.Dilapidated00
0x9d76b189	Player.InteriorRoomStyleInfo.Heart00
0x9d79462a	Work/Data/Destination/ActionPoint/ObjSwingRider_Out.data__destination__ActionPoint.gyml
0x9d7a269a	EmotionTelopChatLoveSpeech
0x9d7c12a1	Player.InteriorRoomStyleInfo.Asianresort00
0x9d7ef4e2	Praise
0x9d7efe20	Carpet03
0x9d80204f	Work/Data/ClothModelParam/ClothHeadwearCoverNightCap.data__ClothModelParam.gyml
0x9d88373d	Player.GoodsInfo2.GameDance.LastObtainedSec
0x9d996851	Player.HabitInfo2.StandSweatLot.IsNewlyOwned
0x9d99ba94	UGC.Interior.IslandNameRegionLanguageID
0x9dab16f1	StandSweatLot
0x9db226c4	UGC.Food.NetworkUuid
0x9db50a8a	CDDance
0x9dbc70aa	Work/Data/ClothParam/ClothTopslongKimonoLongLinen.data__ClothParam.gyml
0x9dbef288	CoolModern01
0x9dc2d5ee	ColorBox06
0x9dc4b4fa	Player.GoodsInfo2.Pearl.IsNewlyOwned
0x9dc950d2	Player.SEVolume
0x9dc9556f	Jikkuri
0x9dcd43fc	IsOwn
0x9dd2701d	MinigameGroupMyRoom
0x9dd9fa9f	Player.GoodsInfo2.BookSomeonesNote.State
0x9ddaf6c8	Event0007FL
0x9ddbf189	Seaside_2x1
0x9dde1b7c	Group_Event0006
0x9de169d5	Mii.Belongings.HabitOwnInfo.EatCute.IsOwn
0x9de39903	Work/Data/ClothModelParam/ClothTopsYshirtLongDot.data__ClothModelParam.gyml
0x9def16d9	Mii.Belongings.HabitOwnInfo.StomachSmall.IsOwn
0x9df04e12	House_Outer
0x9df4ff9f	Work/Confluence/PageInfo/HairBack025.pp__Confluence__PageInfo.gyml
0x9e02368f	FloorObje_NoInit
0x9e06d714	Player.InteriorRoomStyleInfo.Japanese00.KeyHash
0x9e0c6f03	PhotoStudio.Picture
0x9e0eaf03	Misc_RunCircle_Outdoor
0x9e109ce6	Player.InteriorRoomStyleInfo.LightStick06.KeyHash
0x9e1f2017	Work/Data/ClothParam/ClothHeadwearCoverBeanie.data__ClothParam.gyml
0x9e20df9d	Player.InteriorRoomStyleInfo.Triangle05.LastObtainedSec
0x9e24e1f0	Player.InteriorRoomStyleInfo.Game00.InformedNewRelease
0x9e27a29b	Mii.Belongings.RoomStyleInfo.Flag.Sakura00
0x9e2b543b	Work/Data/ClothParam/ClothShoesHighcutTrekking.data__ClothParam.gyml
0x9e2c3492	Work/Data/ClothParam/ClothHeadwearCostumeReindeer.data__ClothParam.gyml
0x9e2dcc9e	BeardShort
0x9e31936f	Work/Data/ClothParam/ClothTopslongAlongHalfSaree.data__ClothParam.gyml
0x9e3aac10	Childcare.Pending.HabitOwnInfo.StomachSmall.IsOwn
0x9e3bc57a	Work/Data/ClothModelParam/ClothAccessoryBackCyberWing.data__ClothModelParam.gyml
0x9e3d06db	Travel
0x9e3d20b1	Player.InteriorRoomStyleInfo.SmallFlower03
0x9e3f4ea7	FacilityFamilyFerrisWheel_MeetingPlace3
0x9e3fdc71	ObjBeachParasol_02
0x9e416554	Player.HabitInfo2.WalkStoop.State
0x9e508c43	ToOtherObjectForPainting
0x9e50fd5b	TravelPlaceN005S2
0x9e527723	Irritate-Deject
0x9e564246	ClothBottomsPantsWideBasketball
0x9e5bbde6	Musician00
0x9e5d8a12	ProposalSuccess
0x9e5f0890	ClothBottomsSkirtMiniHeartBuckle
0x9e5fa4b1	Lover_Partner
0x9e7478c2	Work/Data/ClothParam/ClothSocksSocks.data__ClothParam.gyml
0x9e7499d1	Work/Data/ClothParam/ClothAccessoryBackHeart.data__ClothParam.gyml
0x9e78890b	Player.GoodsInfo2.Tuna.LastObtainedSec
0x9e7f0025	Trouble_ClothPBottomsA_Success
0x9e824815	Work/Component/DestinationInfo/RoomDoorRoom.actor__DestinationInfo.gyml
0x9e851356	Work/Data/CoordinateClothInfo/Coordinate0239.data__CoordinateClothInfo.gyml
0x9e8d6de5	ObjBathroom00_Ceiling
0x9e978f5e	UGC.Goods.IsEmissionNightOnly
0x9e9a42a1	UGC.Cloth.IsCopy
0x9ea09b1b	Player.InteriorRoomStyleInfo.Dog00
0x9ea7678d	Work/Data/CoordinateAttribute/Coordinate0105.data__CoordinateAttribute.gyml
0x9ea80441	TreasureGameEmotionTelopChatScaryAtLivingFloor
0x9ebf4aef	FacilityFamilyRestaurant_AllTable
0x9ec780ce	WordInfo
0x9eca83b2	Player.InteriorRoomStyleInfo.Minimul00.InformedNewRelease
0x9ecd4537	ClothTopslongOverallLongRacingSuit
0x9ece8427	Player.HabitInfo2.FaceBliss
0x9ee1ff6d	Work/Data/ClothParam/ClothAccessoryWaistRabbit.data__ClothParam.gyml
0x9ee44548	Classroom01
0x9ee69e0f	Work/Data/ClothModelParam/ClothAccessoryMufflerFlower.data__ClothModelParam.gyml
0x9ee8dae0	Rice
0x9eea7eba	TravelPlaceN018S4
0x9eee1e55	Work/Data/ClothParam/ClothTopslongDressSleevelessFairy.data__ClothParam.gyml
0x9f0071ef	NoGroup_Event0030FL
0x9f0161c1	IsDoneHairChangeTalk
0x9f035a23	Mii.Belongings.HabitOwnInfo.OftenCrossArms.IsChecked
0x9f06cc4d	TravelPlaceN016
0x9f0aa63d	ClothHeadwearHatBadgesCap
0x9f0c8b21	Lace04
0x9f159dfd	LvUPGoods_ReplicaSword_House_Room_raw
0x9f1a32a2	Player.InteriorRoomStyleInfo.SF00.OwnNum
0x9f211d30	Work/Data/CoordinateClothInfo/Coordinate0276.data__CoordinateClothInfo.gyml
0x9f21a74f	ClothGenre
0x9f229f84	Player.InteriorRoomStyleInfo.Triangle01.OwnNum
0x9f2a78a3	TargetCoordinateId
0x9f2cbae9	Player.BuildingShopItem.IsNeedShowNew
0x9f2fcef0	Work/Data/ClothModelParam/ClothHeadwearHatBear.data__ClothModelParam.gyml
0x9f3c575a	Work/Data/ClothParam/ClothTopslongSalopetteHalfJumpSuit.data__ClothParam.gyml
0x9f41779b	TreasureGoods_Pet_Chat_Outdoor_raw
0x9f45239e	StyleGroup_Stage00
0x9f45b184	Player.GoodsInfo2.TerrestrialGlobe.LastObtainedSec
0x9f47fcc1	Player.InteriorRoomStyleInfo.WesternStyle00.InformedNewRelease
0x9f4c06cf	Work/Data/ClothModelParam/ClothHeadwearProtectorHalfHelmet.data__ClothModelParam.gyml
0x9f53141b	NoGroup_FirstSightLove
0x9f55cd55	ItemTeaCup
0x9f5a5fd5	Work/Data/ClothModelParam/ClothTopsYshirtLongWideStripe.data__ClothModelParam.gyml
0x9f5a7424	Work/Data/ClothParam/ClothHeadwearHatNightCap.data__ClothParam.gyml
0x9f5ecb01	Work/Confluence/PageInfo/HairAllLegacy024.pp__Confluence__PageInfo.gyml
0x9f5fecf3	TouchMapObject
0x9f637623	Player.InteriorRoomStyleInfo.Triangle03.FirstObtainedSec
0x9f67c18d	GroupAction_Fight
0x9f6aacc5	Oily
0x9f6b3b5e	Work/Data/CoordinateClothInfo/Coordinate0237.data__CoordinateClothInfo.gyml
0x9f6bbb33	Childcare.Pending.HabitOwnInfo.StandSweatLot.IsChecked
0x9f6d6819	ItemColorBox00_Balanceball_Demo
0x9f70d610	ClothHeadwearMaskOgre
0x9f70e345	Communicate018
0x9f7351a8	Childcare.Pending.Name.PronounType
0x9f73e5c9	Mii.Belongings.HabitOwnInfo.EatWild.IsOwn
0x9f7af589	TreasureBookEmotionTelopChatBlushSitOnTheGround
0x9f7e76a5	ClothTopsCoatLongKnit
0x9f7f1c51	Player.InteriorRoomStyleInfo.Lace05.InformedNewRelease
0x9f7fa1d2	Player.GoodsInfo2.RubberString.IsNewlyOwned
0x9f7fe33c	Player.InteriorRoomStyleInfo.Beach00.InformedNewRelease
0x9f808801	Work/Data/ClothParam/ClothSocksWholeLace.data__ClothParam.gyml
0x9f8197ce	Minimul00
0x9f83cdd7	Player.HabitInfo2.WalkRhythm.OwnNum
0x9f84ff37	Player.GoodsInfo2.SugarGlider.OwnNum
0x9f8f4002	SofaCarpet
0x9f951be5	Player.InteriorRoomStyleInfo.Bathroom01.IsNewlyOwned
0x9f9a3fcf	Player.GoodsInfo2.ElectronicSubstrate.State
0x9fa00b2e	Work/Data/ClothModelParam/ClothTopsOuterLongYumekawaParka.data__ClothModelParam.gyml
0x9fa1d625	ClothTopslongBoxDressSleevelessFlapper
0x9fa1db59	Work/Data/ClothParam/ClothTopsTshirtHalfPhoto.data__ClothParam.gyml
0x9fa2ffdf	PrawnSalad
0x9fa491c0	Player.GoodsInfo2.BookSomeonesNote.OwnNum
0x9faa6e2d	ClothTopslongKimonoLongYukataMorningGlory
0x9fae5159	ClothHeadwearProtectorSamuraiHelmet
0x9fb0563c	Player.InteriorRoomStyleInfo.Marble01.InformedNewRelease
0x9fb293bd	Player.GoodsInfo2.GameDance.IsNewlyOwned
0x9fb59033	ClothTopsYshirtLongSuit
0x9fb67616	TreasureRecordEmotionTelopChatInterestingSitOnTheGround
0x9fb7dfcc	Player.InteriorRoomStyleInfo.Heart03.KeyHash
0x9fbfeaaa	KnittingNeedle_Use_Left
0x9fc2aaaa	No
0x9fc4d9e3	Childcare.Pending.HabitOwnInfo.EatSecretly
0x9fca078d	Clap
0x9fcb50c4	Player.InteriorRoomStyleInfo.Sloppy01.KeyHash
0x9fd11cd6	Player.GoodsInfo2.DVDCooking.State
0x9fd4ba25	Work/Confluence/PageInfo/HairAllLegacy081.pp__Confluence__PageInfo.gyml
0x9fd60ab8	TreasureGoods_Book_House_Deject
0x9fd718d2	Work/Data/ClothModelParam/ClothAccessoryBackStaff.data__ClothModelParam.gyml
0x9fd752d8	Work/Data/ClothParam/ClothHeadwearHatStudent.data__ClothParam.gyml
0x9fdd6eb5	Player.GoodsInfo2.BookPicture
0x9fe8260c	Player.InteriorRoomStyleInfo.Sloppy00.LastObtainedSec
0x9ffc36fe	Player.HabitInfo2.WalkLikeModel
0x9ffd0d7a	TravelPlaceN015
0xa00531e5	EmotionTelopChatSadGuitarShowAtRoom
0xa0058500	Relation.Info.DirectionalInfo.NickNameToOtherType
0xa00fac00	ClothHeadwearMaskMask
0xa0159212	Place_MapObj_Bonfire_withLovers_raw
0xa0178055	Player.InteriorRoomStyleInfo.Halloween00.InformedNewRelease
0xa02154ce	Player.GoodsInfo2.DVDAction.IsNewlyOwned
0xa02d2f2e	ObjSafetyCone_01
0xa02d6796	Work/Data/ClothModelParam/ClothHeadwearHatOutdoorBotanical.data__ClothModelParam.gyml
0xa02e6b4b	Player.GoodsInfo2.BeardedDragon.IsNewlyOwned
0xa02f1592	ObjFormula00_Stepladder
0xa02f6598	Bread
0xa03122a4	ClothAllMascotLongRabbit
0xa03666dc	Work/Data/CoordinateAttribute/Coordinate0061.data__CoordinateAttribute.gyml
0xa0378bc4	ClothBottomsSkirtLongDot
0xa037e7a1	Party05
0xa038ddc5	Player.GoodsInfo2.Maracas.OwnNum
0xa04e1ab0	FountainEmotionBall
0xa04ec338	Trial.IsFinishedPR
0xa055afa9	gn4
0xa055f1be	Work/Data/CoordinateAttribute/Coordinate0139.data__CoordinateAttribute.gyml
0xa0586f7e	Player.InteriorRoomStyleInfo.NightView00.OwnNum
0xa05a2d3e	Player.InteriorRoomStyleInfo.Japanese01.KeyHash
0xa05d1de2	MiiAandB_DemoNews
0xa060c827	FaceInfo
0xa060e7eb	CameraMeetingMii
0xa065563c	StandLeanForward
0xa06a3a4d	Work/Mii/EyeAccessoryParam/Eye068.mii__EyeAccessoryParam.gyml
0xa06d8212	ClothTopslongAlongLongVintage
0xa06e27a4	ItemConstruction00_GuardmanRobot_Demo
0xa06f170c	Player.HabitInfo2.StandProudly.State
0xa06f5f11	Player.InteriorRoomStyleInfo.Fruit02.FirstObtainedSec
0xa07119ee	Work/Data/ClothParam/ClothTopslongOverallHalfWader.data__ClothParam.gyml
0xa079a3cb	Work/Data/ClothParam/ClothAllBodySuitLongBallet.data__ClothParam.gyml
0xa07e2496	Work/Data/ClothParam/ClothAccessoryBackStar.data__ClothParam.gyml
0xa07e27ed	InvitingDemo_LoverImagination
0xa080c41e	ClothShoesLooseSocksColor
0xa0819956	Trouble_HungryMeat_Success
0xa0842da1	MiiEvent_Event0015CH
0xa086dc1c	Work/Data/CoordinateAttribute/Coordinate0329.data__CoordinateAttribute.gyml
0xa08abd36	Mii.MiiMisc.EatInfo.LastEatId.UgcIndex
0xa0909077	NoDir1Grid_Sprinkler
0xa091a626	EmotionTelopChatLoveSitKnittingOnTheHouseDeck
0xa0996c55	Random
0xa09a9a93	Work/Data/ClothParam/ClothAllCostumeLongCow.data__ClothParam.gyml
0xa09acc3c	Work/Data/ClothParam/ClothHeadwearHatGuapimao.data__ClothParam.gyml
0xa09c3e39	Player.InteriorRoomStyleInfo.Fruit07.IsNewlyOwned
0xa09c53f7	SeasonalLiberation
0xa09c7f34	PlayTimeCameraDistanceLevel
0xa0a0a6ae	Coordinate0019
0xa0a1331b	Work/Data/ClothModelParam/ClothShoesStandardSlipon.data__ClothModelParam.gyml
0xa0ad4e6c	ObjLocker00_Ball
0xa0ae32ea	Normal00
0xa0b72f2d	RightWindow
0xa0bd10d3	Mii.Belongings.HabitOwnInfo.GreetingAnnoying.IsOwn
0xa0bd3fdc	ClothAllCostumeLongEgg
0xa0bd4c3e	Childcare.Pending.HabitOwnInfo.OftenCrossArms.State
0xa0be6c0b	Player.InteriorRoomStyleInfo.Candy00.IsNewlyOwned
0xa0c10a71	Player.GoodsInfo2.TomodachiCollection.IsNewlyOwned
0xa0c885e8	Player.InteriorRoomStyleInfo.Japanese01.OwnNum
0xa0cb9ed9	UgcTextIndex
0xa0cd90e9	BeFriendsAgain
0xa0d8b5db	ClothHeadwearMaskKatrina
0xa0da4196	Trouble_Cloth2Fresh_Failure
0xa0ded6eb	ConfessionFailureRival
0xa0e02763	Player.InteriorRoomStyleInfo.Fantasy00.OwnNum
0xa0e088eb	Player.HabitInfo2.EatCute.OwnNum
0xa0e20d51	Wedding02
0xa0ec0923	Mii.Belongings.RoomStyleInfo.Flag.Bathroom04
0xa0ecc9eb	Player.InteriorRoomStyleInfo.InterviewBoard00
0xa0f0f253	Player.InteriorRoomStyleInfo.LockerRoom02.OwnNum
0xa0f214d0	Monitor02
0xa0fd01aa	Player.GoodsInfo2.Jellyfish.OwnNum
0xa0fee7a5	MiiEvent_Event0049FL
0xa0ff60cd	ItemDrinkCan_03
0xa1009966	Difficult
0xa103f437	House.RoomStyleInfo.Flag.Game00
0xa104b391	ItemRocketBase
0xa104dca2	Player.GoodsInfo2.Crover.OwnNum
0xa1050b1e	Player.GoodsInfo2.SpeechBubbleGold.IsNewlyOwned
0xa10cc558	TreasureAnythingEmotionTelopChatInterestingSitOnDiningTable
0xa10dfba9	PlayerName
0xa11068e6	Player.InteriorRoomStyleInfo.Stuffed03.State
0xa1126d32	UGC.MapFloor.State
0xa11ce072	Work/Confluence/PageInfo/HairAllLegacy084.pp__Confluence__PageInfo.gyml
0xa11d0115	Work/Data/ClothModelParam/ClothTopsTshirtLongSkull.data__ClothModelParam.gyml
0xa1207086	Player.InteriorRoomStyleInfo.WhiteRoom00.State
0xa121baa1	VacantlandWithDemo
0xa122d1d6	Pet
0xa122dd28	NoGroup_FocusLeadingFirstSightLove
0xa1241945	Work/Data/CoordinateClothInfo/Coordinate0313.data__CoordinateClothInfo.gyml
0xa1245b6d	Event0020CH
0xa1282cae	EmotionTelopChatSadSitOnSofa
0xa12926a3	Mii.Belongings.HabitOwnInfo.WalkNoSwinging.IsOwn
0xa12a2f17	Work/Data/ClothModelParam/ClothHeadwearGlassBottomBottom.data__ClothModelParam.gyml
0xa132bd6e	Player.InteriorRoomStyleInfo.Botanical00.KeyHash
0xa135bcb4	Work/Confluence/PageInfo/HairAllLegacy124.pp__Confluence__PageInfo.gyml
0xa13f8161	Work/Data/ClothModelParam/ClothTopslongAlongHalfNegligee.data__ClothModelParam.gyml
0xa142272d	Player.InteriorRoomStyleInfo.Wedding00.KeyHash
0xa144a3ce	Work/Data/CoordinateAttribute/Coordinate0306.data__CoordinateAttribute.gyml
0xa1470e56	ClothBottomsSkirtMiniDenimMini
0xa147fb37	Hash
0xa1494f66	Player.GoodsInfo2.BrushPlatinum.State
0xa14c1b16	ObjArchAir_02
0xa1503fe1	MiniTerrarium
0xa15057a6	ItemDrinkCan_04
0xa1538671	Work/Data/ClothParam/ClothAccessoryBackDevil.data__ClothParam.gyml
0xa155274b	Tile
0xa156d968	ClothTopslongAlineSleevelessParty
0xa157b401	Childcare.Pending.HabitOwnInfo.FaceSmug.State
0xa15c0ae3	Player.GoodsInfo2.KnittingSet.OwnNum
0xa1637388	ClothTopsOuterLongFlower
0xa1686fca	IslandWord
0xa16bbde0	Player.InteriorRoomStyleInfo.Strata00.KeyHash
0xa171f01b	Work/Data/ClothModelParam/ClothTopslongDressSleevelessColor.data__ClothModelParam.gyml
0xa172da73	Player.GoodsInfo2.Flamingo.IsNewlyOwned
0xa175e8b0	NotOnesideLove1NotFight
0xa1760cdc	Mii.Trouble.Info.TargetUgcFoodIndex
0xa1832535	Player.InteriorRoomStyleInfo.Party03.FirstObtainedSec
0xa186914c	Work/Data/ClothParam/ClothShoesBootsLongLeather.data__ClothParam.gyml
0xa186fb6c	Work/Mii/EyeAccessoryParam/Eye058.mii__EyeAccessoryParam.gyml
0xa18d454e	MapObjectFacility_Name
0xa18fe345	Work/Confluence/PageInfo/HairAll049.pp__Confluence__PageInfo.gyml
0xa1904969	House.RoomStyleInfo.Flag.WoodBoard03
0xa190eb34	Player.GoodsInfo2.BookLove.IsNewlyOwned
0xa19de67a	Player.InteriorRoomStyleInfo.Baby00.OwnNum
0xa19f5e01	Work/Data/ClothModelParam/ClothHeadwearOrnamentSideFlapper.data__ClothModelParam.gyml
0xa19fc547	OneRoomIntInterviewBoard00
0xa1a1a89a	Player.InteriorRoomStyleInfo.Classroom01
0xa1a6543a	Childcare.Pending.HabitOwnInfo.WalkFloat.State
0xa1a80a03	Mii.Belongings.HabitOwnInfo.FaceWink.IsOwn
0xa1a82d93	TreasureBookEmotionTelopChatNoFeaturesSitOnSofa
0xa1aa8bbc	Mii.Belongings.RoomStyleInfo.Flag.Log00
0xa1b0d7df	Robe
0xa1b743e5	House.RoomStyleInfo.Flag.Garage02
0xa1b9aaf3	Work/Confluence/PageInfo/HairBack046.pp__Confluence__PageInfo.gyml
0xa1ba7ac6	Shoji03
0xa1c61c48	Player.InteriorRoomStyleInfo.Wedding02.KeyHash
0xa1cb6eef	Room_PrivateRoomDeco
0xa1dd3d0d	Mii.MiiMisc.ClothInfo.Topslong
0xa1deeaa6	Work/Data/ClothModelParam/ClothHeadwearFullfaceRobot.data__ClothModelParam.gyml
0xa1df94c5	Player.InteriorRoomStyleInfo.Shoji02.FirstObtainedSec
0xa1e296c0	Player.InteriorRoomStyleInfo.Hospital00.KeyHash
0xa1e2abaa	Mii.Belongings.HabitOwnInfo.VoiceShiny.IsChecked
0xa1e72939	Player.GoodsInfo2.CoinSilver
0xa1f11fbd	PaintedWood05
0xa1f3bcea	Player.GoodsInfo2.JewelleryBox.LastObtainedSec
0xa1fe68d3	DemoDM104041
0xa2033eea	Player.GoodsInfo2.BookPlant.State
0xa2085c99	FacilityMarketRoot
0xa209f965	Player.GoodsInfo2.DVDWideShow.LastObtainedSec
0xa20b1cb3	Work/Data/Destination/ActionPoint/FacilityFountain_DonationBoxCenter.data__destination__ActionPoint.gyml
0xa20df1d1	UGC.Interior.EntryTime
0xa215624e	Work/Data/ClothModelParam/ClothSocksTwoLineShort.data__ClothModelParam.gyml
0xa218d567	Player.HabitInfo2.StandShakeHip.LastObtainedSec
0xa21a9461	Work/Data/Destination/DemoArea/FacilityPhotoStudio_Entrance.data__destination__DemoArea.gyml
0xa2214911	Place_MapObj_Fireworks_withLoversOnly_raw
0xa221eb37	Player.InteriorRoomStyleInfo.Stadium00
0xa226696d	Work/Data/ClothParam/ClothTopslongBoxDressHalfToga.data__ClothParam.gyml
0xa2270c98	ClothTopslongAlongLongFurCoat
0xa227265c	Work/Data/ClothParam/ClothBottomsPantsWideChain.data__ClothParam.gyml
0xa22d1881	Work/Data/CoordinateAttribute/Coordinate0258.data__CoordinateAttribute.gyml
0xa2306823	Player.HabitInfo2.StandRhythm.LastObtainedSec
0xa235a8eb	FaceAge
0xa237f4d2	Work/Data/ClothParam/ClothTopslongBoxDressLongDenim.data__ClothParam.gyml
0xa23b09ba	ObjTreeBroadleaf_Center
0xa23d250f	Player.InteriorRoomStyleInfo.Triangle00.InformedNewRelease
0xa24417fb	Player.GoodsInfo2.PlasticModelParts
0xa246567e	Work/Data/ClothModelParam/ClothAccessoryWaistDevil.data__ClothModelParam.gyml
0xa24e598e	EmotionTelopChatSadLamp
0xa2502528	ObjSeesaw_center_02
0xa2515967	Player.InteriorRoomStyleInfo.SmallFlower03.FirstObtainedSec
0xa259f63a	Childcare.Pending.HabitOwnInfo.StandAffected.IsChecked
0xa25fc104	WatchedMiiIndex
0xa261583a	House.RoomStyleInfo.Flag.Heart02
0xa265753e	Player.GoodsInfo2.Egg
0xa26b930a	AiCountByPickUp
0xa26d7dd1	ClothHeadwearHatBear
0xa27128f5	ClothShoesBootsShortNubuck
0xa2730dae	MapObjectLarge
0xa27341ed	Clover
0xa273803a	ClothAccessoryBackCyberWing
0xa2749619	Player.InteriorRoomStyleInfo.Brick00.OwnNum
0xa274c073	Off
0xa275009b	Player.GoodsInfo2.TrophyPlatinum.OwnNum
0xa277cb6d	NoGroup_Event0036CH
0xa2782478	Mii.Belongings.HabitOwnInfo.GreetingLazy.IsChecked
0xa279320c	Player.LastClockSnapshot
0xa27c04fd	ClothHeadwearCostumeDinosaur
0xa27f4e0a	Work/Data/ClothParam/ClothAllCylinderLongPepper.data__ClothParam.gyml
0xa2805aa1	Player.GoodsInfo2.Lure
0xa281db34	Tile_Road
0xa281ea95	JewelleryBox
0xa2849603	Player.HabitInfo2.GreetingOsu.OwnNum
0xa286a7eb	Player.InteriorRoomStyleInfo.Dot01.IsNewlyOwned
0xa2943021	IntroductionSecondFriend
0xa295e7b5	ClothHeadwearHatSchool
0xa29e5216	Player.InteriorRoomStyleInfo.Lace03.LastObtainedSec
0xa2a3032e	Coordinate0166
0xa2a612d3	Player.GoodsInfo2.AnimalFlowerpot.LastObtainedSec
0xa2a6e96c	Player.InteriorRoomStyleInfo.Damask03.OwnNum
0xa2a6fec4	Player.GoodsInfo2.Beetle.IsNewlyOwned
0xa2a89c58	Mii.Belongings.RoomStyleInfo.Flag.Triangle00
0xa2b94717	Cemetery00
0xa2bdac45	Player.HabitInfo2.GreetingTypeCackle.LastObtainedSec
0xa2c19727	Player.InteriorRoomStyleInfo.Dog00.OwnNum
0xa2c19a60	PushUpExerciseField
0xa2c67b31	HairFrontFromTail
0xa2c7b7e5	RoomTable
0xa2cb575e	Work/Data/ClothModelParam/ClothBottomsSkirtBoxKnit.data__ClothModelParam.gyml
0xa2cda28b	Player.InteriorRoomStyleInfo.WoodBoard01.OwnNum
0xa2cde69d	Work/Data/ClothParam/ClothShoesSandalBijoux.data__ClothParam.gyml
0xa2cfe425	Mii.Belongings.HabitOwnInfo.WalkLikeRobot.IsOwn
0xa2d1ca83	NoGroup_Event0042CH
0xa2d43174	Stink
0xa2d9c3ba	Mii.Belongings.HabitOwnInfo.EatSecretly.State
0xa2da5ee9	DailyLog.MiiEventOnFocusLeadingMiiCount
0xa2e345c0	Work/Data/ClothParam/ClothAllCupLongSoftcream.data__ClothParam.gyml
0xa2eacb08	Childcare.Pending.WordInfo.WordArray.WordHowToCall
0xa2ee5e0f	HairTwoBlockType
0xa2f27969	DailyLog.InnerRoomLivingRoomChangeCount
0xa2f92241	House.WordAttrGrammaticality
0xa2f9bbeb	TravelPlaceN002
0xa2f9cb6b	WesternStyle02
0xa2fbdcf0	Work/Data/ClothParam/ClothBottomsPantsLongSports.data__ClothParam.gyml
0xa2fc7e91	Work/Data/CoordinateClothInfo/Coordinate0007.data__CoordinateClothInfo.gyml
0xa2fd3681	Work/Data/ClothModelParam/ClothTopsYshirtLongCA.data__ClothModelParam.gyml
0xa302881d	Player.GoodsInfo2.SeaUrchinBone.OwnNum
0xa308087b	Player.InteriorRoomStyleInfo.SF03.IsNewlyOwned
0xa312f7b3	OnesideLoveDuringChat
0xa31619d2	Player.GoodsInfo2.DVDLove.IsNewlyOwned
0xa316cdc1	ClothAccessoryWaistBear
0xa318e032	Player.GoodsInfo2.SuspiciousSwitch.IsNewlyOwned
0xa31978dd	SecondPerson
0xa3206403	Accessory
0xa32be721	Work/Data/ClothParam/ClothHeadwearHatTyrolean.data__ClothParam.gyml
0xa32f7e47	Liberation.LiberateRightStock
0xa335054a	House.RoomStyleInfo.Flag.Gym00
0xa335cd92	Friend_Onesidelove_NotFight
0xa338983f	Trouble_FriendCupid_Success2
0xa33ca567	StreetDanceSet
0xa3414e00	Work/Data/ClothParam/ClothHeadwearOrnamentTopFlower.data__ClothParam.gyml
0xa3422a98	Kitchen02
0xa3457c80	Work/Data/ClothParam/ClothTopsBandana.data__ClothParam.gyml
0xa34d9263	Childcare.Pending.HabitOwnInfo.UntidySleeper
0xa34e3d8b	Work/Data/ClothParam/ClothHeadwearOrnamentSideStraw.data__ClothParam.gyml
0xa3520db1	Player.InteriorRoomStyleInfo.SmallFlower03.IsNewlyOwned
0xa353e48e	LvUPGoods_Training_House_Room_raw
0xa355ce5a	Work/Data/CoordinateAttribute/Coordinate0075.data__CoordinateAttribute.gyml
0xa3615a5f	Mii.Belongings.RoomStyleInfo.Flag.Halloween00
0xa36bac9a	ASVariation
0xa3703ecd	Childcare.Pending.HabitOwnInfo.GreetingAnnoying
0xa37abad6	Work/Confluence/PageInfo/HairFront059.pp__Confluence__PageInfo.gyml
0xa37ac93c	DemoDM104039
0xa37d8431	TreasureAnythingEmotionTelopChatImpressedSitOnTerraceBench
0xa37f4d13	ClothTopsTshirtLongPastelJacket
0xa3815c62	Work/Data/ClothParam/ClothHeadwearHatStrawberry.data__ClothParam.gyml
0xa38a82c9	DirectDesignate
0xa38aeae9	Work/Data/ClothModelParam/ClothHeadwearProtectorRugby.data__ClothModelParam.gyml
0xa38e849e	Player.InteriorRoomStyleInfo.Hospital00.OwnNum
0xa38f15b6	Work/Data/ClothParam/ClothHeadwearHatFelt.data__ClothParam.gyml
0xa3912964	ClothAccessoryNeckToy
0xa393a3b2	Tender
0xa39744e9	UGC.Interior.State
0xa39d8c28	Mii.Belongings.RoomStyleInfo.Flag.Candy02
0xa39fa6ec	EmotionTelopChatLaughSitOnSofa
0xa3a2871e	Player.InteriorRoomStyleInfo.Abduction00.IsNewlyOwned
0xa3a2bc90	Trouble_OnesideLove_From
0xa3a47775	Work/Data/ClothModelParam/ClothTopslongAlineHalfJumperSkirt.data__ClothModelParam.gyml
0xa3a6148b	Work/Data/CoordinateClothInfo/Coordinate0012.data__CoordinateClothInfo.gyml
0xa3a6c79c	GraduateEarlyStage
0xa3abec88	LockerRoom02
0xa3ac9120	ClothAccessoryChestBadgeText
0xa3b3a2f0	Player.InteriorRoomStyleInfo.Asianresort01.KeyHash
0xa3b4eb6e	CDFeature
0xa3b5038c	European01
0xa3b7c5c2	Player.InteriorRoomStyleInfo.Bathroom04.LastObtainedSec
0xa3bb66b2	Player.GoodsInfo2.Parrot.LastObtainedSec
0xa3c60c20	CameraMeetingItemMyRoom
0xa3cf143b	Work/Data/ClothParam/ClothAccessoryNeckNameplate.data__ClothParam.gyml
0xa3db7114	Game
0xa3e63520	Trouble_IslandEditRoadToFacility_Success
0xa3e87f75	TravelPosBackLine
0xa3ec786e	Player.InteriorRoomStyleInfo.Simple00.IsNewlyOwned
0xa3f3d29f	Group_Triangle
0xa3f53344	ClothTopsYshirtPuffBlouse
0xa3f6da3e	ClothSocksNordic
0xa3fef41d	SmallFlower00
0xa3fffc8f	Misc_Stretch_Outdoor
0xa4005fd1	IsLocalNetworkExplained
0xa4043ab5	NoGroup_OnesideLoveDuringChat
0xa4077361	Childcare.Pending.HabitOwnInfo.StandShakeHip.IsChecked
0xa40cc150	Mii.Belongings.HabitOwnInfo.StandShy.IsChecked
0xa40cdcd3	ItemWedding00_Board
0xa40f0589	NoGroup_Event0035FL
0xa4121d04	Player.GoodsInfo2.Goldfish.State
0xa415038f	Turquoise
0xa41644e8	Player.InteriorRoomStyleInfo.Sauna00.InformedNewRelease
0xa41bd191	Goods_OnlyPet
0xa41c0760	RoomDoorRoom_RightDoorKnob
0xa41c8141	Work/Data/ClothModelParam/ClothTopsTshirtLongSimple.data__ClothModelParam.gyml
0xa420ebf7	RadenAccessoryCase
0xa424b915	Childcare.Pending.CharacterParam
0xa42625d2	Unlock.OuterHouseChangeCount
0xa42a8c83	Work/Data/ClothParam/ClothHeadwearHatMetro.data__ClothParam.gyml
0xa42baab8	Player.InteriorRoomStyleInfo.Chinese01
0xa42d08f2	Work/Data/ClothParam/ClothTopslongBoxDressLongParka.data__ClothParam.gyml
0xa42d869f	Stepladder
0xa4308b13	Player.GoodsInfo2.TrainModel
0xa4331e15	HairSide
0xa433ceeb	Coordinate0293
0xa4343726	UniversalBillboardItemUI_Use_Both
0xa43472cd	ClothTopslongDressHalfKatrina
0xa43ef08d	ClothBottomsSkirtLongDenimMaxi
0xa43f0841	Event0029CH
0xa440d102	Player.HabitInfo2.FaceCloseEyes
0xa442959e	Cobblestone_Road
0xa445245d	Work/Data/ClothModelParam/ClothTopsYshirtHalfNurse.data__ClothModelParam.gyml
0xa4464ffd	Work/Data/ClothParam/ClothTopslongBoxDressHalfNurse.data__ClothParam.gyml
0xa452359e	NoDir1Grid_TreeShake
0xa4536c1a	ObjCoolModern00_Light
0xa4552121	ObjFlowerAnemone_01
0xa456661b	Antique02
0xa45721ee	EmotionTelopChatFervorSitKnittingOnTheBench
0xa45b0754	SuspendingAndFinished_Custom
0xa45d5041	TreasureMap
0xa45f44be	Player.HabitInfo2.TakeItOutOnObject.IsNewlyOwned
0xa460feb8	TreasureAnythingEmotionTelopChatNoveltyAtRestaurant
0xa4787bfa	Player.HabitInfo2.WalkStoop.LastObtainedSec
0xa478b266	Player.HabitInfo2.VoiceGloomy.OwnNum
0xa47b4d9c	Work/Confluence/PageInfo/HairAll072.pp__Confluence__PageInfo.gyml
0xa480230c	Player.GoodsInfo2.SonohenNoIshikoro.LastObtainedSec
0xa48a5458	Work/Data/ClothModelParam/ClothSocksPedicel.data__ClothModelParam.gyml
0xa48d8c31	Work/Data/ClothParam/ClothShoesLoaferLaceUp.data__ClothParam.gyml
0xa48fbb4a	Player.GoodsInfo2.BookManga.State
0xa491053b	Player.InteriorRoomStyleInfo.Garage05.LastObtainedSec
0xa49190ff	ClothAccessoryNeckFlower
0xa496cdb2	Player.GoodsInfo2.Knob.IsNewlyOwned
0xa498146f	Work/Data/ClothModelParam/ClothAccessoryNeckHeart.data__ClothModelParam.gyml
0xa49b3d28	HairTail
0xa49ee3cd	Player.InteriorRoomStyleInfo.StainedGlass01.InformedNewRelease
0xa4a5e79b	Work/Data/ClothParam/ClothTopslongDressLongStrap.data__ClothParam.gyml
0xa4a722c2	Work/Data/CoordinateClothInfo/Coordinate0231.data__CoordinateClothInfo.gyml
0xa4afd856	Pebble
0xa4aff88d	FoodAndGoods04
0xa4b08901	Player.InteriorRoomStyleInfo.WoodBoard01.LastObtainedSec
0xa4b27207	Player.GoodsInfo2.Hamster
0xa4bb06a5	Work/Data/ClothParam/ClothAllCupLongLatte.data__ClothParam.gyml
0xa4be088b	Mii.Trouble.Info.TargetUgcGoodsIndex
0xa4bff60f	Player.GoodsInfo2.GamePuzzle
0xa4c1a481	Player.FoodInfo
0xa4c939c6	LoverSuitable
0xa4cc73aa	Player.InteriorRoomStyleInfo.Factry00.OwnNum
0xa4cf22ec	Player.InteriorRoomStyleInfo.Otaku00.State
0xa4cfa744	FaceCloseEyes
0xa4d53cab	Work/Data/ClothParam/ClothBottomsBase.data__ClothParam.gyml
0xa4d80ea2	ClothTopsOuterLongDamaged
0xa4e28eba	Mii.Belongings.HabitOwnInfo.LifeTimeNightOwl
0xa4e565d9	Player.InteriorRoomStyleInfo.MultiDot00.State
0xa4e65f79	Liberation.FountainLevel
0xa4e85cd0	House.RoomStyleInfo.Flag.Heart03
0xa4e88f87	Player.GoodsInfo2.CrownCap.IsNewlyOwned
0xa4e8c22b	Childcare.Pending.HabitOwnInfo.GreetingTypeShallow
0xa4ec629a	Player.InteriorRoomStyleInfo.Camouflage00.State
0xa4eddd91	Player.GoodsInfo2.Compass.State
0xa4ee264c	DemoDM104098S01
0xa4efd875	Mii.Belongings.HabitOwnInfo.WalkRhythm.IsChecked
0xa4f09bc5	Pet07
0xa4f0bb7c	DemoDM104092MyRoom
0xa4fde2dd	Player.InteriorRoomStyleInfo.Gym00.KeyHash
0xa5037ca7	ClothAllCarLongPoliseCar
0xa5055e71	ResultFirstFocusLeading
0xa509833f	Mii.MiiMisc.EatInfo.LastEatId
0xa51aba2b	Work/Data/ClothParam/ClothShoesBootsShortNubuck.data__ClothParam.gyml
0xa51d6268	Player.InteriorRoomStyleInfo.SFX01.IsNewlyOwned
0xa52c2b4f	MultiStripe06
0xa534efe9	Trouble_DatePlace_Success
0xa535ebaa	Player.GoodsInfo2.TreasureMap
0xa5365942	LvUPGoods_StreetDance_House_Room_raw
0xa541a703	Player.InteriorRoomStyleInfo.LightStick05.OwnNum
0xa54673f7	Player.GoodsInfo2.CDNurseryRhyme.LastObtainedSec
0xa547baf6	House.RoomStyleInfo.Flag.Halloween00
0xa54c0c49	ItemMug_02
0xa54db317	ItemSakura00_LunchA
0xa555296b	Player.InteriorRoomStyleInfo.Gym00.State
0xa5584e67	ObjLighthouse_01
0xa558619c	ObjLightStick00_FloorLight
0xa560ee28	Work/Data/ClothParam/ClothAccessoryBase.data__ClothParam.gyml
0xa567d628	ClothAccessoryBagSchool
0xa5680d1c	Work/Data/CoordinateClothInfo/Coordinate0220.data__CoordinateClothInfo.gyml
0xa569c748	House.RoomStyleInfo.Flag.BigFlower01
0xa56db25e	Work/Data/ClothParam/ClothAccessoryMufflerFringeStole.data__ClothParam.gyml
0xa56e42ec	UGC.FacePaint.Hash
0xa5730394	FirstFocusLeading
0xa5763094	Work/Data/CoordinateAttribute/Coordinate0158.data__CoordinateAttribute.gyml
0xa57aabfe	Player.GoodsInfo2.VenetianGlass
0xa57fe16a	Work/Data/ClothParam/ClothTopslongBoxDressSleevelessSlip.data__ClothParam.gyml
0xa5810703	Work/Data/ClothModelParam/ClothTopslongAlineSleevelessMarine.data__ClothModelParam.gyml
0xa5871010	Coordinate0085
0xa5880b19	IntroductionUgcHungry
0xa5884ca8	TreasureAnythingEmotionTelopChatNoveltySitOnTheGround
0xa58f70d5	Liberation.ComeTrueCount
0xa5910e62	Work/Data/ClothParam/ClothAccessoryBackTurtle.data__ClothParam.gyml
0xa5979979	Player.InteriorRoomStyleInfo.SmallFlower00.FirstObtainedSec
0xa5998937	Place_House_HouseDeck
0xa5998ffd	Goods06
0xa59e45d8	ObjectTouchType
0xa59f8d04	Work/Data/ClothParam/ClothShoesHighcutSpace.data__ClothParam.gyml
0xa5a099a1	Work/Data/ClothModelParam/ClothHeadwearMaskPierrot.data__ClothModelParam.gyml
0xa5a1217f	Work/Data/CoordinateClothInfo/Coordinate0275.data__CoordinateClothInfo.gyml
0xa5a4bd8b	OverrideWallUgcHash
0xa5b6e018	Work/Data/ClothModelParam/ClothBottomsPantsWideSimple.data__ClothModelParam.gyml
0xa5b9ced7	Work/Data/ClothParam/ClothAccessoryNeckStethoscope.data__ClothParam.gyml
0xa5bbe464	Work/Data/ClothModelParam/ClothTopslongSalopetteHalfAllinOne.data__ClothModelParam.gyml
0xa5be741f	Work/Data/ClothModelParam/ClothTopslongAlongHalfCachecoeur.data__ClothModelParam.gyml
0xa5c19e74	ClothSocksSushi
0xa5c801e3	MiddleCenter
0xa5cacbf0	Mii.Belongings.RoomStyleInfo.Flag.Minimul01
0xa5cc5f51	ObjStepWood_06
0xa5d95783	Work/Data/CoordinateAttribute/Coordinate0300.data__CoordinateAttribute.gyml
0xa5d9b3a0	Player.GoodsInfo2.CrystalBall.OwnNum
0xa5da01ed	Mii.Belongings.RoomStyleInfo.Flag.LightStick02
0xa5e069e0	ObjArchAir
0xa5e82b03	Player.InteriorRoomStyleInfo.Garden00.InformedNewRelease
0xa5e95175	BoostEndFlag
0xa5ee24ba	IsNotifiedBloodTypeCouple
0xa5f054d3	Player.InteriorRoomStyleInfo.Shoji01.State
0xa5f29fb8	House.RoomStyleInfo.Flag.Horror01
0xa5f3d425	Work/Data/ClothParam/ClothHeadwearHatRoll.data__ClothParam.gyml
0xa5f48e41	Player.InteriorRoomStyleInfo.Cute00
0xa5f59ef0	UGC.Text.TextData.RegionLanguageID
0xa5ff3685	SpeechBubbleBronze
0xa5ff82d6	Straddling
0xa600cc6a	NoGroup_Event0037FL
0xa60773ea	Work/Data/ClothParam/ClothHeadwearCostumeStar.data__ClothParam.gyml
0xa608a38c	ClothBottomsPantsLongJersey
0xa60f72e0	Peso
0xa616bb83	ClothHeadwearHatSquare
0xa6172883	Player.GoodsInfo2.Camera
0xa61a8013	Player.GoodsInfo2.Rose
0xa61e355b	ClothTopslongMuscleLongSinglet
0xa620cacc	Work/Data/ClothParam/ClothAllMascotLongReindeer.data__ClothParam.gyml
0xa62677d3	Player.GoodsInfo2.AromaCandle.State
0xa6295842	StomachSmall
0xa62fe2b2	Childcare.Pending.HabitOwnInfo.GreetingLazy.IsChecked
0xa63143ed	FacilityItemShopSwitch
0xa633b0df	EmotionTelopChatDateWalkingRelaxSitOnTheHouseDeck
0xa6376c05	Work/Confluence/PageInfo/HairFront018.pp__Confluence__PageInfo.gyml
0xa63ad110	Work/Data/ClothModelParam/ClothTopsUnderwear.data__ClothModelParam.gyml
0xa63adf1f	LoverReconciliationSuccess
0xa63d3d14	Work/Data/ClothModelParam/ClothBottomsSkirtBoxMini.data__ClothModelParam.gyml
0xa63ec11b	Train00
0xa63ec485	BookSideBoth_Use
0xa644ec81	Work/Data/ClothModelParam/ClothHeadwearGlassEyeMask.data__ClothModelParam.gyml
0xa65420ca	DreamSleeping
0xa655c0cd	ClothTopsTshirtHalfSkipper
0xa65a2dc1	Event0021FL
0xa65ce5a1	Work/Data/ClothModelParam/ClothAccessoryWaistMonster.data__ClothModelParam.gyml
0xa65f1154	Player.InteriorRoomStyleInfo.Dog01.OwnNum
0xa65fd0f3	Player.InteriorRoomStyleInfo.Minimul00
0xa661b6d1	Work/Confluence/PageInfo/HairFront024.pp__Confluence__PageInfo.gyml
0xa66367eb	UGC.Goods.HowToCallGoodsText
0xa66ccacd	ItemFlashlight
0xa670be18	LvUPGoods_StreetDance_Outdoor_raw
0xa67172bd	ObjNobility00_Fireplace
0xa6718c8a	Player.InteriorRoomStyleInfo.SF05.IsNewlyOwned
0xa6762418	Mii.Belongings.RoomStyleInfo.Flag.Cute01
0xa679505e	Facility_Location
0xa67e1c1b	GuitarSong
0xa6811395	Childcare.Pending.HabitOwnInfo.WalkRhythm.State
0xa6830389	Player.InteriorRoomStyleInfo.Fruit04.LastObtainedSec
0xa6847a38	Work/Data/Destination/ActionArea/FacilityClothShop_Front.data__destination__ActionArea.gyml
0xa685cd02	MultiDot00
0xa6865c10	Player.InteriorRoomStyleInfo.Stuffed02.InformedNewRelease
0xa6877b8e	Factory00
0xa6883370	ObjRetropop00_Stool
0xa68950cd	Mii.Belongings.HabitOwnInfo.GreetingOsu
0xa689ebcb	Player.InteriorRoomStyleInfo.Office01.IsNewlyOwned
0xa68e1686	Work/Data/ClothModelParam/ClothBottomsPantsLongCyber.data__ClothModelParam.gyml
0xa693bf5e	Work/Data/ClothParam/ClothBottomsSkirtLongFolklore.data__ClothParam.gyml
0xa6990d7b	NoGroup_Event0016CH
0xa69be3f2	Player.InteriorRoomStyleInfo.WhiteRoom00.LastObtainedSec
0xa69e65b1	Player.InteriorRoomStyleInfo.HoneycombTile01.KeyHash
0xa6a47e96	House.RoomStyleInfo.Flag.Sushi00
0xa6a54ddc	Work/Data/ClothModelParam/ClothHeadwearHatCossack.data__ClothModelParam.gyml
0xa6a853a2	ObjRetropop00_Standlight
0xa6b69bbe	Player.InteriorRoomStyleInfo.Damask00.OwnNum
0xa6bb656f	Childcare.Pending.HabitOwnInfo.GreetingOsu.State
0xa6c0940e	NoGroup_Event0049FL
0xa6c68ced	Honeycomb00
0xa6c7d70d	MinigameSilhouetteQuizType
0xa6c93ae0	Work/Data/CoordinateClothInfo/Coordinate0104.data__CoordinateClothInfo.gyml
0xa6cb5b35	ObjHoneycomb00_Stool
0xa6cb94a9	GlassType
0xa6d64562	Work/Data/ClothModelParam/ClothHeadwearFullmaskHero.data__ClothModelParam.gyml
0xa6dc5560	Unlock.MiiLevelUpCount
0xa6dcb1e9	StyleGroup_Nobility00
0xa6f07ef9	Player.InteriorRoomStyleInfo.Lace02.InformedNewRelease
0xa6f43c05	Work/Data/ClothModelParam/ClothBottomsSkirtLongStripe.data__ClothModelParam.gyml
0xa6f611c7	Work/Data/ClothParam/ClothHeadwearOrnamentSideIdol.data__ClothParam.gyml
0xa6f61902	Player.HabitInfo2.EatCute.IsNewlyOwned
0xa704f340	Trouble_DepressSeparate_Success
0xa7053e66	Work/Data/ClothParam/ClothHeadwearOrnamentTopInsect.data__ClothParam.gyml
0xa708ea88	Trouble_FinishFight_3Ver
0xa70ec5ab	Work/Confluence/PageInfo/HairFront082.pp__Confluence__PageInfo.gyml
0xa713ac42	ClothHeadwearHatSanta
0xa714fadd	Player.GoodsInfo2.WickerBasket.State
0xa7197d4f	Eye
0xa71d17b8	Player.InteriorRoomStyleInfo.SmallFlower00.InformedNewRelease
0xa71dec96	TreasureAnythingEmotionTelopChatBlushAtRoom
0xa726e14a	GuitarCycleLDK
0xa72b23bc	Work/Data/ClothParam/ClothAccessoryWaistDevil.data__ClothParam.gyml
0xa72b512d	ClothHeadwearHatNewsboyCheck
0xa72e4e13	Work/Data/CoordinateAttribute/Coordinate0143.data__CoordinateAttribute.gyml
0xa73ef85e	Work/Data/ClothParam/ClothAccessoryBackRose.data__ClothParam.gyml
0xa7410133	Work/Data/ClothParam/ClothTopslongBoxDressLongKnit.data__ClothParam.gyml
0xa742dffd	Work/Data/ClothModelParam/ClothBottomsSkirtBoxCamouflage.data__ClothModelParam.gyml
0xa74d1ca0	Unlock.FountainWishComeTrueCount
0xa74ffa14	UGC.MapObject.EntryTime
0xa7505b8c	Player.GoodsInfo2.DVDAnimation
0xa752c2b2	Player.InteriorRoomStyleInfo.WesternStyle00
0xa755251d	UGC.FacePaint.IsNewlyOwned
0xa7588d40	Player.InteriorRoomStyleInfo.Candy02.State
0xa75af3e6	BlowBubblesCycleWithDemo
0xa75bbd93	NoJudge
0xa75c69e8	RoomDollHouseLDK_FrontLeft
0xa75c8225	Big
0xa76407f1	Work/Confluence/PageInfo/HairAll083.pp__Confluence__PageInfo.gyml
0xa7648ac3	Work/Data/ClothModelParam/ClothHeadwearGlassHeart.data__ClothModelParam.gyml
0xa7671a3f	Work/Data/CoordinateClothInfo/Coordinate0082.data__CoordinateClothInfo.gyml
0xa7683b9b	Player.GoodsInfo2.Vihta.State
0xa76889c2	Mii.Belongings.RoomStyleInfo.Flag.Cute00
0xa76a797f	ItemDrinkCan_02
0xa76eb635	Work/Confluence/PageInfo/HairBack030.pp__Confluence__PageInfo.gyml
0xa7735f22	DemoDM104076
0xa77565dd	ClothShoesSneakerDad
0xa77ac939	Childcare.Pending.HabitOwnInfo.GreetingTypeNoting.IsChecked
0xa77dbd19	Work/Mii/EyeAccessoryParam/Eye017.mii__EyeAccessoryParam.gyml
0xa77eaa23	FightSuccessConfession
0xa783f635	Player.InteriorRoomStyleInfo.Cute01.IsNewlyOwned
0xa78563d0	Work/Data/ClothParam/ClothAccessoryChestRose.data__ClothParam.gyml
0xa786d484	Trouble_ChangeHair_Success
0xa78a3198	Player.GoodsInfo2.BalletSet.State
0xa78c895c	DisableSkip
0xa78d8ff0	ClothHeadwearCostumeReindeer
0xa78ffa9c	Player.GoodsInfo2.CallBell.OwnNum
0xa79434ce	TreasurePetEmotionTelopChatNoFeaturesAtLivingFloor
0xa7952a5a	ItemSloppy00_Scrap
0xa796f2ad	Work/Data/ClothParam/ClothTopsMantleLongPrince.data__ClothParam.gyml
0xa798789f	Player.HabitInfo2.StandAffected.State
0xa79d8149	Work/Data/ClothParam/ClothTopsCoatLongFairy.data__ClothParam.gyml
0xa79da064	Unlock.ShopPaidMoneyBuildingMapObje
0xa79ee72c	Player.InteriorRoomStyleInfo.Stuffed02.KeyHash
0xa7a0773c	UGC.Exterior.UgcMapObjectType
0xa7a4455c	News.TextOnlyMii.MiiIndex
0xa7a6f9b9	Player.InteriorRoomStyleInfo.Stage00.LastObtainedSec
0xa7a9a711	ClothAccessoryWaistTurkey
0xa7abc5c6	Mii.Belongings.RoomStyleInfo.Flag.Minimul07
0xa7ad0c97	Work/Data/ClothParam/ClothTopsLace.data__ClothParam.gyml
0xa7adb04c	ObjCamouflage00_Stove
0xa7b70f90	Player.GoodsInfo2.PostcardSet
0xa7bb2e42	Offset
0xa7bcfd31	Player.InteriorRoomStyleInfo.Camouflage01.OwnNum
0xa7bebae8	MiiEvent_Event0045FL
0xa7c103c1	FocusLeadingResolveAccidentFallDown
0xa7c7909c	ClothBottomsPantsWideCowboy
0xa7ce9129	LookSkyNight
0xa7cfc6f1	ClothShoesSkateFigure
0xa7d07417	Player.GoodsInfo2.KokeshiDoll
0xa7d2d0cb	Player.InteriorRoomStyleInfo.MultiDot02.OwnNum
0xa7d44393	NoGroup_Event0012FL
0xa7d7cfd2	Player.InteriorRoomStyleInfo.Temple00.LastObtainedSec
0xa7e38eed	Childcare.Pending.CharacterParam.Commonsense
0xa7ea3bbc	Unlock.MiiEventOnFollowingMiiCount
0xa7f24e3e	Meat
0xa7f49d34	Place_MapObj_ALL_WithLovers_raw
0xa7fc0eaf	YL
0xa811b3ef	FocusLeadingChat
0xa81261ab	ClothHeadwearHatWitch
0xa817fdd4	Player.GoodsInfo2.KnittingSet.IsNewlyOwned
0xa820901f	DemoSB088005
0xa821c35c	ASCommand
0xa826c7b2	Group_Event0022
0xa8278419	ObjBeachParasol_03
0xa829da1d	Player.LastBazaarPurchasedTime
0xa82d7046	ObjKitchen00_CeilingShelf
0xa835ca82	Effect_06
0xa8366556	UGC.Goods.NetworkDeliverCount
0xa838e398	HouseDollHouseToiletWindowIcon
0xa83caf50	Player.GoodsInfo2.BrushPlatinum.IsNewlyOwned
0xa83eada6	EmotionTelopChatRelaxSitOnTheGroundCircle
0xa83f4109	HouseDollHouseBathWindow
0xa83facac	DonationBox
0xa8416e39	Trouble_Proposal_Failure
0xa842ab70	Country07
0xa8431ef1	GreetingTypeShallow
0xa8449915	Place_MapObj_Seesaw_raw
0xa84b9244	IntervieweeMii
0xa84fb48d	SystemCape_Edge
0xa850ee1a	Event0013FL
0xa8528f48	Dumbbell_Use_Right
0xa8562c86	Player.InteriorRoomStyleInfo.Dinosaur01
0xa8565f6d	Work/Component/DestinationInfo/FacilityFamilyRestaurant.actor__DestinationInfo.gyml
0xa85c7685	NextGeneratableTroubleIslandEditTime
0xa86ad7bf	AdditionalActionAfterPostDemoRunToHomeSurprisedly
0xa86f3787	ObjPinwheel_01
0xa87363e6	Disable
0xa876ae07	EatDiningTableGroup
0xa87b5e22	Work/Data/ClothModelParam/ClothTopsYshirtLongRunning.data__ClothModelParam.gyml
0xa87bd647	Player.InteriorRoomStyleInfo.Dot03.LastObtainedSec
0xa87e25f0	Player.GoodsInfo2.Carnation.OwnNum
0xa88537bf	DailyLog.ContentsCountByFocusLeading
0xa887ee1e	Player.GoodsInfo2.CoconutBowl.State
0xa88b1a83	Work/Data/ClothModelParam/ClothTopsTshirtHalfGilet.data__ClothModelParam.gyml
0xa88b423e	Work/Data/ClothParam/ClothShoesMuleRibbon.data__ClothParam.gyml
0xa8979ada	DailyLog.NoInputPlayTimeCameraDistanceLevel
0xa89a9217	ClothTopslongOverallSleevelessSamba
0xa89a92c1	IsFight
0xa89e02f6	FlagStreetAttrTaste
0xa89fb94f	Work/Data/CoordinateAttribute/Coordinate0212.data__CoordinateAttribute.gyml
0xa8a150cd	Work/Confluence/PageInfo/HairAllLegacy089.pp__Confluence__PageInfo.gyml
0xa8a337f6	Player.HabitInfo2.EatCrisp.OwnNum
0xa8a691fa	Player.InteriorRoomStyleInfo.Dot00.KeyHash
0xa8aab46d	Player.HabitInfo2.FaceSmug.IsNewlyOwned
0xa8abf8da	Work/Data/CoordinateClothInfo/Coordinate0037.data__CoordinateClothInfo.gyml
0xa8b03bf1	PriorityE
0xa8b0cba8	Event0025CH2
0xa8b606e6	Childcare.Pending.HabitOwnInfo.GreetingShy.State
0xa8be0291	TreasureGameEmotionTelopChatInterestingAtLivingFloor
0xa8c31fdc	Trouble_Dummy_Success
0xa8c3fb53	Player.InteriorRoomStyleInfo.WoodBoard05.OwnNum
0xa8cba378	DollHouseSofa
0xa8d1f500	Player.InteriorRoomStyleInfo.Otaku02.State
0xa8d62a79	Player.InteriorRoomStyleInfo.Formula01.FirstObtainedSec
0xa8d8940d	Mii.Belongings.RoomStyleInfo.Flag.Gym01
0xa8d9a214	ClothAccessoryChestBird
0xa8e0e412	Mii.Belongings.HabitOwnInfo.FaceSmug.State
0xa8e687a2	Player.HabitInfo2.EatElegantly.OwnNum
0xa8e78f83	Work/Data/Destination/ActionPoint/FacilityFamilyRestaurant_DoorInside.data__destination__ActionPoint.gyml
0xa8e7bb16	Player.GoodsInfo2.Dog
0xa8eda7bf	FacilityItemShopPet
0xa8f158f0	Work/Data/CoordinateClothInfo/Coordinate0073.data__CoordinateClothInfo.gyml
0xa8f32650	Player.InteriorRoomStyleInfo.DropCurtain00
0xa8f8fccc	Work/Data/CoordinateAttribute/Coordinate0217.data__CoordinateAttribute.gyml
0xa8fbc201	Retropop00
0xa8fc2a78	Trouble_LiveTogetherThanks_Failure
0xa8fce865	Cube
0xa9021713	Both
0xa902c1a3	Work/Data/ClothParam/ClothAllMascotLongTiger.data__ClothParam.gyml
0xa90891fa	FocusLeadingResolveAccident
0xa90c0dae	ClothTopslongKimonoLongKinagashi
0xa90d0453	Atelier00
0xa90dc273	Work/Data/ClothModelParam/ClothAllMascotLongDog.data__ClothModelParam.gyml
0xa90ed1f5	ClothShoesLoaferBuckle
0xa9116402	UGC.Interior.UgcInteriorMaterialType
0xa912e3f1	MiiEvent_Event0050CH
0xa91347db	Work/Data/ClothModelParam/ClothBottomsPantsLongSlacksCheck.data__ClothModelParam.gyml
0xa9141088	Work/Data/ClothParam/ClothHeadwearOrnamentFrontBigRibbon.data__ClothParam.gyml
0xa917c837	Player.GoodsInfo2.StoneSpecimen.IsNewlyOwned
0xa91ed418	ClothAllCostumeLongFriedShrimp
0xa9298d55	House.RoomStyleInfo.Flag.WesternStyle07
0xa92e92fa	Undefined_Undefined
0xa931c870	HouseDollhouseDeckIcon
0xa9338173	Work/Data/ClothParam/ClothBottomsSkirtBoxKnit.data__ClothParam.gyml
0xa935c961	Player.HabitInfo2.StandHandsFront.LastObtainedSec
0xa935e325	Work/Data/CoordinateAttribute/Coordinate0058.data__CoordinateAttribute.gyml
0xa936dffe	ItemVendingMachine_Demo
0xa93f773a	Player.GoodsInfo2.Loofah.IsNewlyOwned
0xa9428b44	Mii.Belongings.RoomStyleInfo.Flag.StainedGlass01
0xa943ba10	Work/Data/ClothModelParam/ClothAccessoryNeckCamera.data__ClothModelParam.gyml
0xa94461e2	Work/Data/CoordinateAttribute/Coordinate0196.data__CoordinateAttribute.gyml
0xa945b8f9	Branch_OnesideLoveAnyone
0xa9496562	ClothHeadwearHatJockey
0xa954ae61	Player.GoodsInfo2.BookSelfDevelopment
0xa958539d	Player.GoodsInfo2.GrandsonsHand
0xa95864dd	Childcare.Pending.HabitOwnInfo.WalkScurry.State
0xa95a0527	Player.RoomStyleWeeklyItem.IsNeedShowNew
0xa95d44e0	Player.InteriorRoomStyleInfo.Club00.InformedNewRelease
0xa9688a29	Work/Data/ClothModelParam/ClothTopslongDressHalfPolkaDot.data__ClothModelParam.gyml
0xa96c54cd	Cat01
0xa96e173e	Work/Data/ClothParam/ClothTopsCoatLongCook.data__ClothParam.gyml
0xa96ee849	ObjSwingRider_06
0xa9724552	Art00
0xa97a0444	Player.GoodsInfo2.Pinecone
0xa97d55c0	Work/Data/ClothModelParam/ClothHeadwearHatFleece.data__ClothModelParam.gyml
0xa9854350	Player.InteriorRoomStyleInfo.Heart02.KeyHash
0xa985909d	Mii.Belongings.HabitOwnInfo.VoiceSmall.IsChecked
0xa986b812	ObjDrinkingFountain_07
0xa98dee36	Mii.Belongings.HabitOwnInfo.WalkStoop.IsOwn
0xa98f87ce	Work/Data/ClothParam/ClothHeadwearHatCossack.data__ClothParam.gyml
0xa993e553	FacilityPark_SpaceCenterPos
0xa994dbad	UGC.SuspendData.AttrLookType
0xa996271a	ClothBottomsSkirtMiniDoubleButton
0xa997c1ad	EatCool
0xa998b3d2	TreasureRecordEmotionTelopChatImpressedSitOnTheGround
0xa9a19361	EmotionTelopChatDateWalkingRelaxFireWorks
0xa9a27a18	Place_House_Sofa
0xa9a9eccc	Work/Confluence/PageInfo/HairAllLegacy011.pp__Confluence__PageInfo.gyml
0xa9aad8ef	Mii.Belongings.RoomStyleInfo.Flag.LightStick04
0xa9b5b6cc	ExecuterAndSource
0xa9b6478b	Player.InteriorRoomStyleInfo.WoodBoard03.State
0xa9bc9d8b	Childcare.Pending.CharacterParam.Gaiety
0xa9bf027c	DemoPR000093
0xa9c2759d	Nothing
0xa9c5cfb8	UGC.MapObject.TextureSourceType
0xa9d167cb	NoGroup_Event0003CH
0xa9d43e0a	TreasureAnythingEmotionTelopChatImpressedSitOnTheGroundCircle
0xa9d45cc4	Childcare.Pending.HabitOwnInfo.GetAngryTypeBrightly.State
0xa9d7d1bb	Player.GoodsInfo2.BookhHistorical.LastObtainedSec
0xa9db91f5	ObjClassroom00_BlackBoardE
0xa9e04050	Work/Data/ClothModelParam/ClothTopslongBoxDressSleevelessFlapper.data__ClothModelParam.gyml
0xa9e0bf83	Player.GoodsInfo2.BaoshanDecoration.OwnNum
0xa9ef667a	Player.GoodsInfo2.Ruby.State
0xaa006cba	Work/Data/ClothParam/ClothTopslongDressLongNoble.data__ClothParam.gyml
0xaa099f58	Mii.Belongings.HabitOwnInfo.GreetingTypeCackle.State
0xaa0a03b3	DailyLog.DailyLastNoInputPlayTime
0xaa0f3789	Know_Friend_Lover_Family
0xaa109cdf	Work/Confluence/PageInfo/HairFront025.pp__Confluence__PageInfo.gyml
0xaa11dcca	DemoPR000103
0xaa150fec	ClothBottomsPantsWideLeather
0xaa1f82b8	Time
0xaa21aef8	ClothTopslongBoxDressLongGown
0xaa22f521	ObjColorBox00_ShelfE
0xaa277d05	Player.InteriorRoomStyleInfo.Stuffed01.KeyHash
0xaa27bc23	Work/Data/ClothModelParam/ClothAccessoryWaistShrimp.data__ClothModelParam.gyml
0xaa281802	Bouquet
0xaa2e1f85	HouseTableDemoChat00
0xaa30887d	IconMii
0xaa34e848	Player.InteriorRoomStyleInfo.Triangle05.FirstObtainedSec
0xaa35202e	NoGroup_Event0030CH2
0xaa38969e	Trouble_Cloth2Stylish_Success
0xaa3bc3d3	Player.GoodsInfo2.BigPot
0xaa43c0b8	Work/Confluence/PageInfo/HairFront003.pp__Confluence__PageInfo.gyml
0xaa43efe2	SilhouetteGameNoting
0xaa541b3a	UGC.Exterior.PlayerName
0xaa549f20	Work/Data/ClothParam/ClothTopslongBoxDressSleevelessHalterNeck.data__ClothParam.gyml
0xaa579c1d	LyingAndSleep
0xaa5cc447	Goods03
0xaa610227	Player.InteriorRoomStyleInfo.SmallFlower07.KeyHash
0xaa62e4a5	Group_Event0005
0xaa64ccd0	FacilityBuildingShop_ViewPos
0xaa6a2ad7	Place_Facility_Restaurant_NotChat_raw
0xaa6c74cc	Player.GoodsInfo2.CDIdol.LastObtainedSec
0xaa6d0c15	Ebifurai
0xaa6ef017	Work/Data/CoordinateAttribute/Coordinate0113.data__CoordinateAttribute.gyml
0xaa71555b	Work/Data/ClothParam/ClothBottomsSkirtMiniDoubleButton.data__ClothParam.gyml
0xaa741465	Work/Data/ClothModelParam/ClothShoesLoaferLaceUp.data__ClothModelParam.gyml
0xaa75cf08	ClothHeadwearOrnamentSideFlower
0xaa774a93	Player.InteriorRoomStyleInfo.Halloween00
0xaa78637b	Childcare.Pending.HabitOwnInfo.StandHandsFront
0xaa79be87	ClothTopslongAlongHalfCheck
0xaa7a1eac	UGC.Text.TextData.Text
0xaa7b71c4	Trouble_DepressDivorced_Failure
0xaa80eaf3	ObjTrafficLight_05
0xaa81c246	Mii.Belongings.HabitOwnInfo.VoiceLoud.State
0xaa840297	Work/Data/ClothModelParam/ClothBottomsPantsWideCargoHalf.data__ClothModelParam.gyml
0xaa87859c	Player.GoodsInfo2.GoldCup.OwnNum
0xaa93397c	ClothHeadwearHatHologram
0xaa9693ec	GreetingMacho
0xaa9a1175	Player.GoodsInfo2.KeseranPasaran.LastObtainedSec
0xaa9cfeaf	Player.InteriorRoomStyleInfo.Strata00.State
0xaa9db948	Mii.Belongings.RoomStyleInfo.Flag.Club00
0xaaa1c9f5	Work/Mii/EyeAccessoryParam/Eye014.mii__EyeAccessoryParam.gyml
0xaaa4d19e	Player.InteriorRoomStyleInfo.Book00.OwnNum
0xaab1f84e	Work/Data/CoordinateAttribute/Coordinate0313.data__CoordinateAttribute.gyml
0xaab3a876	ColorBox05
0xaab4e965	Mii.MiiMisc.BirthdayInfo
0xaac2eb93	UgcFoodAndGoods03
0xaac540c3	ObjNobility00_Chair
0xaac868b2	FacilityFerrisWheel_ViewPos
0xaacb89ae	House.RoomStyleInfo.Flag.HoneycombTile00
0xaacfc830	Party01
0xaad82ed0	ObjBeachParasol_06
0xaad87135	ClothTopsTshirtHalfGilet
0xaade8e2b	Player.InteriorRoomStyleInfo.HoneycombTile02.State
0xaae12982	Pair
0xaae2ecfc	Player.InteriorRoomStyleInfo.Gym00.InformedNewRelease
0xaae6ae78	Player.HabitInfo2.StandShy.State
0xaaebe7ba	Player.InteriorRoomStyleInfo.BigFlower02.LastObtainedSec
0xaaee09ae	Work/Data/CoordinateClothInfo/Coordinate0015.data__CoordinateClothInfo.gyml
0xaaf61b8a	Player.InteriorRoomStyleInfo.Garage06.IsNewlyOwned
0xaaf6d46b	Player.InteriorRoomStyleInfo.MonitorRoom02.InformedNewRelease
0xaaf7508f	Work/Data/ClothModelParam/ClothAccessoryBagStuds.data__ClothModelParam.gyml
0xaafbfc7c	Work/Data/CoordinateAttribute/Coordinate0077.data__CoordinateAttribute.gyml
0xaafc8ab8	Liberation.SeasonUnlockBeginTime
0xab02f20e	Player.InteriorRoomStyleInfo.Wedding01.State
0xab04b853	Trouble_Separate_Failure
0xab163cba	DemoPR000088
0xab185a53	Irritate
0xab1e00c2	SaveDataVersion
0xab2064d0	ClothShoesBootsShortRibbon
0xab227b6b	ItemRocketPlatform
0xab25e6df	ObjSprinkler_01
0xab276bc7	Work/Data/ClothModelParam/ClothBottomsPantsLongChinoHalf.data__ClothModelParam.gyml
0xab277b66	TopsUGCIndex
0xab30184e	Work/Data/ClothModelParam/ClothShoesBootsLongSanta.data__ClothModelParam.gyml
0xab31297d	Work/Data/ClothModelParam/ClothTopsYshirtPuffSmock.data__ClothModelParam.gyml
0xab317df0	Communicate017
0xab3a9962	NoGroup_OnesideTriangleDeject
0xab3d5179	ClothTopsYshirtLongCA
0xab4003f6	Player.GoodsInfo2.Haniwa.IsNewlyOwned
0xab49c1d7	ClothHeadwearOrnamentSidePinSeashell
0xab5034ef	Player.InteriorRoomStyleInfo.Sloppy00.FirstObtainedSec
0xab507aea	Work/Data/CoordinateClothInfo/Coordinate0095.data__CoordinateClothInfo.gyml
0xab545aec	EmotionTelopChatLaughSitOnTheBench
0xab5d8dd9	ObjNobility00_Table
0xab60b9d9	StyleGroup_Flowergarden00
0xab64794f	ItemInstantNoodle
0xab67ca9b	CloserEachOther
0xab68b2ab	ClothBottomsPantsWideDenimPrinted
0xab6983c8	Work/Data/ClothModelParam/ClothSocksKneeSocksRainbow.data__ClothModelParam.gyml
0xab6bb0f1	Work/Data/CoordinateAttribute/Coordinate0073.data__CoordinateAttribute.gyml
0xab6fecc1	Player.InteriorRoomStyleInfo.Temple00.OwnNum
0xab731c03	Work/Data/ClothModelParam/ClothAllBase.data__ClothModelParam.gyml
0xab74213a	VoiceSmall
0xab7ce4b5	Player.InteriorRoomStyleInfo.HoneycombTile03.FirstObtainedSec
0xab7df3ed	Work/Data/ClothModelParam/ClothBottomsSkirtMiniTulle.data__ClothModelParam.gyml
0xab80ed60	Place_House_DiningTable_NotGoods
0xab8ae08b	Mii.MiiMisc.BirthdayInfo.Day
0xab8c2a5f	Mii.Belongings.HabitOwnInfo.WalkRhythm.State
0xab8c9598	Work/Data/ClothParam/ClothSocksTwoLineShort.data__ClothParam.gyml
0xab8d53d0	ObjLighthouse
0xab8ecf3e	Player.InteriorRoomStyleInfo.BigFlower01.KeyHash
0xab9154c3	GreetingShy
0xab931526	ObjStepWood_07
0xab95bd7b	Player.HabitInfo2.EatSecretly.OwnNum
0xab95ccaa	Work/Data/ClothParam/ClothHeadwearCostumeFish.data__ClothParam.gyml
0xab96b799	Evening-Night-Midnight
0xab975f76	ObjColorBox00_WallDeco
0xab99c524	Player.GoodsInfo2.CDReggae.State
0xab99ed7a	SnoreLoudly
0xab9c563c	Work/Data/ClothParam/ClothTopslongOverallLongRiderSuit.data__ClothParam.gyml
0xab9fafe3	House.RoomStyleInfo.Flag.Stadium02
0xab9fddc9	ClothBottomsUgcSkirtLong
0xaba22660	Mii.Belongings.RoomStyleInfo.Flag.Galaxy00
0xaba57e37	Work/Data/CoordinateClothInfo/Coordinate0054.data__CoordinateClothInfo.gyml
0xabae0cb0	FocusLeadingReaction
0xabb09e9b	Liberation.SeasonInfo.IsLayingLifted
0xabb1c02c	RestaurantDemoFood00
0xabb1c466	TravelPlaceN001
0xabb8b268	Player.GoodsInfo2.BlackTipReefShark.OwnNum
0xabb8bb21	Player.InteriorRoomStyleInfo.StainedGlass00
0xabb97959	Good00
0xabc2fc93	Player.InteriorRoomStyleInfo.Horror00.FirstObtainedSec
0xabc339ca	Player.GoodsInfo2.Rabbit.LastObtainedSec
0xabc36d9f	Deject
0xabc5f643	ClothTopsOuterLongHoliday
0xabcb03bc	Player.InteriorRoomStyleInfo.Snow00.OwnNum
0xabcedb6c	Mii.Belongings.HabitOwnInfo.WalkToeIn
0xabd0301d	Garden00
0xabd386b3	Work/Data/Destination/DemoArea/RoomDollHouseLDK_FreeSpace.data__destination__DemoArea.gyml
0xabd97a36	CoupleDivorceTimeover
0xabda3188	ClothShoesPointedWitch
0xabdbf00c	Money
0xabdd47c1	EmotionTelopChatLaughBonfire
0xabde2743	ClothBottomsSkirtMiniTulle
0xabdf62b7	Coordinate0209
0xabe2894a	Player.InteriorRoomStyleInfo.Minimul02.InformedNewRelease
0xabec98f0	Player.InteriorRoomStyleInfo.Sloppy00.IsNewlyOwned
0xabedfdad	ItemCutCake_05
0xabf086ae	LvUPGoods_Karate_Here_raw
0xabf5cf6c	Work/Data/CoordinateAttribute/Coordinate0293.data__CoordinateAttribute.gyml
0xabf631b1	Trouble_IntroductionFirstDressUp_Success
0xabf69138	LvUPGoods_ALL_House_Room_NotChat_raw
0xabf84831	Freckles
0xabff8d24	EmotionTelopChatLaughSitOnOldMan
0xac057d34	ItemGuitar
0xac058093	TreasureGoods_Record_House_LDKCarpet_raw
0xac0d6870	Work/Confluence/PageInfo/HairFront033.pp__Confluence__PageInfo.gyml
0xac239fa8	Player.InteriorRoomStyleInfo.Otaku04.KeyHash
0xac25ab20	Player.HabitInfo2.GetAngryTypeBrightly
0xac304db6	Work/Data/ClothModelParam/ClothTopslongAlongLongNatural.data__ClothModelParam.gyml
0xac3c79cf	Mii.Belongings.RoomStyleInfo.Flag.StarPrint03
0xac3f2479	Work/Data/ClothParam/ClothAllBoxLongCardboard.data__ClothParam.gyml
0xac3ff5c2	ClothBottomsSkirtMiniFrill
0xac403a9d	TreasureBookEmotionTelopChatBlushSitOnSofa
0xac42335e	Work/Data/ClothParam/ClothTopsYshirtLongGinghamCheck.data__ClothParam.gyml
0xac434d38	Mii.Belongings.RoomStyleInfo.Flag.Temple00
0xac44e78d	Work/Confluence/PageInfo/HairAllLegacy073.pp__Confluence__PageInfo.gyml
0xac45e2a5	SitUp
0xac473c17	Player.InteriorRoomStyleInfo.Western00
0xac499210	TroubleCoolDownOneSideLoveGenerate
0xac58e9ae	TreasureGameEmotionTelopChatDifficultSitOnFerrisWheelEntrance
0xac67e25f	BuyMarketSale
0xac6c38de	Work/Data/CoordinateAttribute/Coordinate0201.data__CoordinateAttribute.gyml
0xac6f0d0e	Childcare.Reserve.ParentMiiIndex
0xac70008a	Work/Data/CoordinateAttribute/Coordinate0160.data__CoordinateAttribute.gyml
0xac7065c5	Childcare.Pending.HabitOwnInfo.LifeTimeNightOwl
0xac72d59f	Figure04
0xac75ab9e	GroupAction_BeFriendsAgain
0xac78818a	Work/Data/ClothModelParam/ClothAccessoryChestNameTag.data__ClothModelParam.gyml
0xac7abfc4	ClothHeadwearFullmaskPaperBag
0xac7e7959	Mii.Belongings.RoomStyleInfo.Flag.Fantasy00
0xac80f0b4	StyleGroup_Shoji00
0xac82cc55	Work/Data/ClothModelParam/ClothBottomsSkirtLongPatchwork.data__ClothModelParam.gyml
0xac83a8a6	Player.GoodsInfo2.Robot.State
0xac8e360e	Work/Data/CoordinateAttribute/Coordinate0221.data__CoordinateAttribute.gyml
0xac952815	House.RoomStyleInfo.Flag.SmallFlower06
0xac95cf4e	Base
0xac9950ed	Mii.MiiMisc.UgcInfo.PlayerNameRegionLanguageID
0xac9bc036	Work/Data/CoordinateAttribute/Coordinate0057.data__CoordinateAttribute.gyml
0xac9d335d	Proactive
0xac9fccf7	Player.GoodsInfo2.Lion.LastObtainedSec
0xaca685c9	Yuan
0xaca92063	Player.GoodsInfo2.StuffedToyBear
0xaca98993	ReverseInviting
0xacb246d3	Player.GoodsInfo2.MakeupBox.State
0xacb32e67	FightNormal
0xacbce196	ObjBeachBed_05
0xacbce8e1	Work/Data/ClothParam/ClothTopsYshirtLongOffice.data__ClothParam.gyml
0xacc1e99c	ObjStepIron_07
0xacc6e93b	ObjShowa00_TV
0xaccae608	DropFromTree_OBJ_CH
0xaccb465e	Player.GoodsInfo2.CDJazz
0xaccedf4f	Face
0xacd83921	Work/Data/ClothParam/ClothTopsTshirtLongPinBorder.data__ClothParam.gyml
0xacdc246a	EatInfo
0xace5b915	NameRegionLanguageID
0xace683a1	ClothAccessoryNeckPearl
0xaced7d87	DemoPR000001
0xacee6839	Player.GoodsInfo2.Pinata.State
0xacf1f77f	ClothHeadwearCostumeTriceratops
0xacf38552	Childcare.Pending.HabitOwnInfo.WalkToeIn.IsOwn
0xacf737dd	Branch_EnterPhotoStudioCount9998OrLess
0xad008056	SoccerBallTogether
0xad192a40	Trouble_GoodsGame_Success
0xad1a19b7	Player.InteriorRoomStyleInfo.Pirate00.OwnNum
0xad1a963f	Facility_Shop
0xad1f9844	Country05
0xad218d02	Misc_RelaxFloor_Outdoor
0xad2492e4	Player.GoodsInfo2.BrushSilver.IsNewlyOwned
0xad2a52a5	Player.InteriorRoomStyleInfo.Abduction00.InformedNewRelease
0xad385248	PriorityI
0xad3ee012	ClothTopsOuterLongCowichan
0xad3ffc6d	Work/Data/ClothModelParam/ClothTopsYshirtLongCorduroy.data__ClothModelParam.gyml
0xad49e916	SouthAmericaS
0xad507bc0	Work/Data/CoordinateClothInfo/Coordinate0269.data__CoordinateClothInfo.gyml
0xad559343	Work/Data/ClothParam/ClothShoesMuleGatshin.data__ClothParam.gyml
0xad56fbe0	ObjAntique00_Table
0xad584815	cMasculine
0xad58ef96	Player.InteriorRoomStyleInfo.Triangle03
0xad5bc5c6	ObjLightStick00_Background
0xad5c1e6f	EmotionTelopChatDateWalkingRelaxAtSeaside
0xad607350	Steampunk
0xad60ceaa	Belongings
0xad60e315	DemoSB044033
0xad637b17	Player.GoodsInfo2.PostcardSet.IsNewlyOwned
0xad6e2a21	Clione
0xad6ffdf2	Wrinkle
0xad718e5b	Player.InteriorRoomStyleInfo.Garage03.OwnNum
0xad71d105	ClothTopslongDressHalfDreamy
0xad766d3c	Work/Data/ClothModelParam/ClothAccessoryBackCoin.data__ClothModelParam.gyml
0xad77ae8a	FacilityInteriorShop_FrontAllSpace
0xad81a832	Player.GoodsInfo2.Ufo
0xad87db6d	TreasureGoods_Record_House_Deject
0xad8e3a13	House.RoomStyleInfo.Flag.Party00
0xad96a2cd	TreasureMovieEmotionTelopChatInterestingSitOnSofa
0xad9bb30d	Work/Confluence/PageInfo/HairAllLegacy005.pp__Confluence__PageInfo.gyml
0xada7bfd1	ClothHeadwearProtectorShemagh
0xada845fe	ObjAtelier00_WorkW
0xada9a0ef	TreasureRecordEmotionTelopChatImpressedSitOnTheGroundCircle
0xadb23a91	LvUPGoods_Karate_House_raw
0xadbd7a0e	Trouble_HungrySalty_Success
0xadc9deae	Work/Confluence/PageInfo/HairFront048.pp__Confluence__PageInfo.gyml
0xadceb536	Player.InteriorRoomStyleInfo.MonitorRoom00
0xadd5f6d7	Player.InteriorRoomStyleInfo.Baby00.InformedNewRelease
0xadd7ff3e	Player.InteriorRoomStyleInfo.Nobility00.OwnNum
0xadda3e35	Work/Confluence/PageInfo/HairFront017.pp__Confluence__PageInfo.gyml
0xaddb2670	AskFavoriteMiiTypeToNotOnesideLover
0xadde61e0	Childcare.Pending.HabitOwnInfo.GetAngryTypeBrightly.IsChecked
0xade053bf	Player.GoodsInfo2.MapleSyrupSamplingPort.OwnNum
0xade91813	ClothHeadwearProtectorPilot
0xadea76b3	ClothHeadwearFullmaskArmor
0xadf0adae	EmotionTelopChatSadAtRoom
0xadf0e931	Player.HabitInfo2.StandPutsGlasses.LastObtainedSec
0xadf3b5e6	MiiEvent_Event0006FL
0xadf432c3	Work/Data/ClothParam/ClothBottomsPantsLongSlacks.data__ClothParam.gyml
0xae00615a	Childcare.Pending.HabitOwnInfo.VoiceLoud.State
0xae022378	Work/Data/ClothParam/ClothAccessoryChestFeather.data__ClothParam.gyml
0xae02eeb9	Player.GoodsInfo2.PaperCrane.IsNewlyOwned
0xae09e1d0	TreasureAnythingEmotionTelopChatInterestingSpeech
0xae0aca25	Work/Data/ClothModelParam/ClothTopsTshirtLongDefault.data__ClothModelParam.gyml
0xae171e15	Player.HabitInfo2.FaceRaiseEyebrows.OwnNum
0xae195db1	Player.HabitInfo2.FaceOpenEyes.OwnNum
0xae1b3c16	Effect_04
0xae232997	Work/Data/CoordinateClothInfo/Coordinate0137.data__CoordinateClothInfo.gyml
0xae25da2e	ClothAccessoryChestBoutonniere
0xae2e84bb	ClothTopslongAlineSleevelessFlower
0xae321c02	House.RoomStyleInfo.Flag.Galaxy00
0xae353737	Work/Data/ClothParam/ClothTopslongSalopetteHalfAllinOne.data__ClothParam.gyml
0xae373b0d	UGC.Goods.EmissionIntensity
0xae468ee3	Player.InteriorRoomStyleInfo.Wedding03.State
0xae4be731	Player.GoodsInfo2.Clione.OwnNum
0xae53ab21	Player.InteriorRoomStyleInfo.WesternStyle02.OwnNum
0xae543c25	MapShape
0xae561f19	Player.GoodsInfo2.Tissue.State
0xae5c9ccf	Cape2x1
0xae5ec988	Goods_Guitar
0xae67c81b	Work/Data/ClothModelParam/ClothTopsMantleLongSteamPunk.data__ClothModelParam.gyml
0xae6a6387	Player.InteriorRoomStyleInfo.HoneycombTile02
0xae6c8523	Work/Data/CoordinateAttribute/Coordinate0086.data__CoordinateAttribute.gyml
0xae6cac0c	DemoSB088009
0xae6e1e42	Player.GoodsInfo2.TrophySilver.LastObtainedSec
0xae6fa09e	Work/Data/CoordinateAttribute/Coordinate0272.data__CoordinateAttribute.gyml
0xae7103a2	Player.GoodsInfo2.KeseranPasaran.State
0xae738586	EmotionTelopChatDateWalkingRelaxSitOnTheBench
0xae7c8e8c	ClothAccessoryMufflerFlower
0xae80509b	Work/Confluence/PageInfo/HairFront072.pp__Confluence__PageInfo.gyml
0xae85309f	Player.CoordinateInfo.OwnInfoArray.FirstObtainedSec
0xae878ff9	CurrentPlayYear
0xae87f177	Player.InteriorRoomStyleInfo.SF03.OwnNum
0xae8c6193	StandingLDKFreeSpaceWithDemoDM104066
0xae8e2e65	Voice_Chorus
0xae933f06	Mii.Belongings.HabitOwnInfo.StandRhythm.State
0xae959ab7	Mii.Belongings.HabitOwnInfo.GreetingShy.IsOwn
0xae9655c5	Player.InteriorRoomStyleInfo.Nobility02.OwnNum
0xae9712bb	Player.InteriorRoomStyleInfo.Stuffed01.State
0xae9750b6	Place_MapObj_Seesaw_withLovers_raw
0xae9a7a73	ObjKitchen00_BoardE
0xae9be0b8	PlasterFigure
0xae9cc0c7	Player.InteriorRoomStyleInfo.Shoji00.IsNewlyOwned
0xae9ed789	ClothHeadwearOrnamentSideHibiscus
0xaea86378	ClothSocksSpaceTights
0xaeae4d3a	Work/Data/CoordinateClothInfo/Coordinate0119.data__CoordinateClothInfo.gyml
0xaeb1c05c	Work/Data/ClothParam/ClothShoesStandardStripeSlipon.data__ClothParam.gyml
0xaebc8c90	AttrType
0xaebf8309	MiiEventOnFocusLeadingObjectCount
0xaec006ca	Tower
0xaec6a254	DemoPR000045Food00
0xaec855b3	Work/Data/ClothParam/ClothTopsYshirtLongBlazerRibbon.data__ClothParam.gyml
0xaed0581b	FirstDressUpTrouble
0xaed12a0f	Work/Confluence/PageInfo/HairAllLegacy066.pp__Confluence__PageInfo.gyml
0xaed2d742	PronounType
0xaedbd146	Player.InteriorRoomStyleInfo.Festival00.State
0xaee0b637	RoomStyleInfo
0xaee3e8ac	Player.InteriorRoomStyleInfo.Triangle04.IsNewlyOwned
0xaee91513	Player.InteriorRoomStyleInfo.Asianresort00.InformedNewRelease
0xaef4be91	Player.InteriorRoomStyleInfo.Stuffed03
0xaef677bb	Childcare.Pending.HabitOwnInfo.StandCute.State
0xaef83814	Player.InteriorRoomStyleInfo.StarPrint00.FirstObtainedSec
0xaefbf31c	ClothBottomsPantsLongCyber
0xaefeb356	Trouble_Cloth2Clever_Failure
0xaeff5b40	Trouble_HungryOily_Failure
0xaeffd495	Player.InteriorRoomStyleInfo.Sloppy00.KeyHash
0xaf04c6b4	ObjRetropop00_Ornament
0xaf07168d	MiiEvent_Event0023CH
0xaf08d2a4	Work/Data/CoordinateClothInfo/Coordinate0167.data__CoordinateClothInfo.gyml
0xaf0fc8aa	Player.GoodsInfo2.Antenna.OwnNum
0xaf1186cf	UGC.Food.WordAttrGrammaticality
0xaf1248ec	News.GeneralNumber
0xaf129c33	UGC.Cloth.State
0xaf12b729	BeachBedLyingAndSleep
0xaf18a506	Childcare.Pending.Name.NameRegionLanguageID
0xaf1c404e	Player.InteriorRoomStyleInfo.Train01.IsNewlyOwned
0xaf1c67e5	Player.GoodsInfo2.Horse.OwnNum
0xaf26fe54	NoGroup_Event0033FL
0xaf285eb7	DemoDM104043
0xaf2b8099	Player.HabitInfo2.GreetingLazy.State
0xaf2ebc20	Childcare.Pending.HabitOwnInfo.VoiceShiny.IsOwn
0xaf2f757e	Player.HabitInfo2.WalkFloat.State
0xaf34deaa	Work/Data/Destination/ActionDirection/ObjSeesaw_Out_0.data__destination__ActionDirection.gyml
0xaf35c3de	ObjTableBench_06
0xaf361f97	Branch_EnterAtelierCount9999OrMore
0xaf39398f	DemoDM104003
0xaf3e97e8	Work/Data/ClothParam/ClothTopsTshirtHalfGilet.data__ClothParam.gyml
0xaf3ed72d	Work/Data/CoordinateClothInfo/Coordinate0253.data__CoordinateClothInfo.gyml
0xaf46a9cb	ClothAllBoxLongTrump
0xaf4dc775	Work/Data/ClothModelParam/ClothTopslongAlongLongKing.data__ClothModelParam.gyml
0xaf4e14c4	News.CasterMii
0xaf54bfa7	UgcMade
0xaf62ddd1	WalkLikeModel
0xaf631f20	Work/Confluence/PageInfo/HairAllLegacy093.pp__Confluence__PageInfo.gyml
0xaf642b60	ClothAccessoryBackAngel
0xaf683729	TreasureGoods_Record_Speech_Outdoor
0xaf68d79f	Work/Data/ClothParam/ClothTopsCoatLongCheck.data__ClothParam.gyml
0xaf7255b7	Trouble_Cloth2Matched_Success
0xaf7ae952	ClothHeadwearGlassEye
0xaf7bad6f	Work/Data/CoordinateClothInfo/Coordinate0196.data__CoordinateClothInfo.gyml
0xaf9263fa	Player.GoodsInfo2.JoggingSet.State
0xaf92a5e8	Other_Know_Friend_FamilyExceptPartner_NotFight
0xafa5024a	Relation.Info.DirectionalInfo.NameSetBin
0xafa5b5ab	Clover_Road
0xafabda62	Player.InteriorRoomStyleInfo.Cute00.OwnNum
0xafb95f5c	DemoPR000066
0xafbdf7dc	Player.SkinColorIndex
0xafbe3c77	Player.GoodsInfo2.Daphnia.OwnNum
0xafc19b61	LvUPGoods_Maracas_Here_raw
0xafc2afef	House.RoomStyleInfo.Flag.SmallFlower07
0xafc918e0	Work/Data/ClothModelParam/ClothBottomsSkirtBoxOffice.data__ClothModelParam.gyml
0xafd7f12e	StarPrint04
0xafdfb727	Childcare.Pending.HabitOwnInfo.EatElegantly.State
0xafe81a06	Player.GoodsInfo2.DVDAction.State
0xafe8af4c	Work/Data/ClothModelParam/ClothShoesSandalWaraji.data__ClothModelParam.gyml
0xafe97728	ObjKids00_Desk
0xafec4ff9	Work/Mii/EyeAccessoryParam/Eye009.mii__EyeAccessoryParam.gyml
0xafed53d6	Mii.MiiMisc.FaceInfo.HairChangeOrdered
0xaff488d6	Mii.Voice
0xaff505e3	OtherType
0xaff9b38d	Player.InteriorRoomStyleInfo.Stuffed03.FirstObtainedSec
0xaffe882d	Work/Data/ClothParam/ClothTopslongOverallLongRacingSuit.data__ClothParam.gyml
0xafff8aa5	Lock
0xb0084b0b	Player.InteriorRoomStyleInfo.Baby01.State
0xb009033f	ClothBottomsPantsWideElephant
0xb010e53c	Player.GoodsInfo2.Autograph.State
0xb019eff9	Cobblestone
0xb01b1fbc	Friend_Onesidelove_NotOnesideloved
0xb01df51a	TreasureGameEmotionTelopChatInterestingAtRoom
0xb0234203	LvUPGoods_Guitar_Play_House
0xb0240ec7	ObjHeart00_Ornament
0xb025da7d	AloneTrouble
0xb026375f	Facility_InteriorShop
0xb02c2270	Mii.Belongings.RoomStyleInfo.Flag.Japanese03
0xb0311bb8	Work/Data/ClothModelParam/ClothTopsYshirtPuffBlouse.data__ClothModelParam.gyml
0xb0390dd7	Work/Data/ClothModelParam/ClothTopsOuterSleevelessHoodie.data__ClothModelParam.gyml
0xb03ac2fe	Player.InteriorRoomStyleInfo.Stage00.FirstObtainedSec
0xb03f28ab	Work/Mii/EyeAccessoryParam/Eye024.mii__EyeAccessoryParam.gyml
0xb043a5c2	FacilityClothShop_Front
0xb04a46da	Work/Data/ClothParam/ClothBottomsPantsWidePajama.data__ClothParam.gyml
0xb04eccfa	UgcGoodsIndex
0xb055256b	Work/Data/ClothModelParam/ClothHeadwearCoverFlower.data__ClothModelParam.gyml
0xb057b779	Facility_FerrisWheel
0xb0586f5f	Trouble_GoodsDesire_Success
0xb05bf18c	Player.GoodsInfo2.MakeupBox.LastObtainedSec
0xb05e2f59	Player.HabitInfo2.WalkToeOut.OwnNum
0xb05f94f4	Player.InteriorRoomStyleInfo.Fruit07.OwnNum
0xb060182c	Work/Data/CoordinateClothInfo/Coordinate0129.data__CoordinateClothInfo.gyml
0xb063c1f4	DemoDM104022
0xb06856c3	ObjBenchHome_01
0xb075d092	Work/Data/ClothParam/ClothTopslongAlineSleevelessShirtDress.data__ClothParam.gyml
0xb077e4b0	Group_Event0037
0xb07e7f3a	Player.GoodsInfo2.CoinGold.IsNewlyOwned
0xb07f6a40	House.RoomStyleInfo.Flag.IceRink00
0xb08d21dc	South
0xb08f5d5f	Player.GoodsInfo2.Hamster.State
0xb090936c	Work/Data/ClothModelParam/ClothHeadwearHatPanama.data__ClothModelParam.gyml
0xb092aa4e	Player.GoodsInfo2.CDDance.State
0xb094543d	Player.GoodsInfo2.Document.OwnNum
0xb098f82c	Work/Data/ClothModelParam/ClothTopslongDressLongClassic.data__ClothModelParam.gyml
0xb09920af	MapGrid.GridX
0xb0a4bfa0	MiiEvent_Event0007FL
0xb0a5e205	ObjFencePipe_02
0xb0a70a2f	ClothTopslongAlongLongJumperSkirt
0xb0a826a6	Player.InteriorRoomStyleInfo.IceRink00.FirstObtainedSec
0xb0ab2a68	GameEducation
0xb0aeafcb	Player.GoodsInfo2.Tyrannosaurus.LastObtainedSec
0xb0b18715	ObjBathroom00_Washbasin
0xb0b1f418	DemoPR000044
0xb0b535ca	Player.GoodsInfo2.SuspiciousSwitch.State
0xb0bbb9d9	Player.GoodsInfo2.DVDCooking.LastObtainedSec
0xb0bc01da	Work/Confluence/PageInfo/HairAll041.pp__Confluence__PageInfo.gyml
0xb0ca1f66	ObjFlowerpot_center_02
0xb0d0aa28	Enabled
0xb0d83c3a	Event0046CH
0xb0de222a	Work/Data/ClothParam/ClothBottomsPantsWideCowboy.data__ClothParam.gyml
0xb0deef4a	Work/Data/ClothModelParam/ClothHeadwearHatTyrolean.data__ClothModelParam.gyml
0xb0e0f4a5	Work/Data/CoordinateClothInfo/Coordinate0092.data__CoordinateClothInfo.gyml
0xb0e20e7e	ObjBeachParasol_center_02
0xb0e9289a	Player.GoodsInfo2.CallBell
0xb0ef8b54	Player.InteriorRoomStyleInfo.Minimul02
0xb0fd466a	ConfessionFailureNotDepress
0xb0fe6fbd	RegionCode
0xb0fed5ed	ItemCutCake_02
0xb103bc76	ClothHeadwearHatEarflaps
0xb10b8e68	Work/Confluence/PageInfo/HairAllLegacy079.pp__Confluence__PageInfo.gyml
0xb10c8c18	Player.IsExplainedIslandGauge
0xb11613d6	Player.GoodsInfo2.BrushSilver
0xb119f556	Event0038CH
0xb11b2234	Player.GoodsInfo2.Diamond.State
0xb11e3dde	Work/Confluence/PageInfo/HairAllLegacy003.pp__Confluence__PageInfo.gyml
0xb11fb419	Garage04
0xb120de6c	EmotionTelopChatRelaxGuitarShowAtRoom
0xb123eb25	Player.GoodsInfo2.Antenna.LastObtainedSec
0xb125dc9f	DepressSuccess
0xb127a07e	UGC.Food.IsNewlyOwned
0xb12996ec	DemoPR000114
0xb12b1c59	ActorKey
0xb12ef9f2	ClothTopslongKimonoLongLinen
0xb12f4b2f	Work/Data/ClothParam/ClothBottomsSkirtBoxStripe.data__ClothParam.gyml
0xb1315d6f	Coordinate0266
0xb1381d30	Work/Data/ClothParam/ClothShoesGetaGeta.data__ClothParam.gyml
0xb13f0ad9	ClothShoesSandalWaraji
0xb13f7cda	Player.GoodsInfo2.TraditionalSpanishWaterBottle.IsNewlyOwned
0xb13ff77d	Work/Data/CoordinateClothInfo/Coordinate0215.data__CoordinateClothInfo.gyml
0xb141ea12	Work/Confluence/PageInfo/HairBack050.pp__Confluence__PageInfo.gyml
0xb142f47b	EmotionTelopChatSadSpeechCircle
0xb14be88f	Mii.Belongings.HabitOwnInfo.EatMouthful.IsChecked
0xb1541a33	SF00
0xb15b02a5	ObjShowerOutdoor_01
0xb15ba97c	Work/Data/ClothModelParam/ClothTopslongAlineHalfSailor.data__ClothModelParam.gyml
0xb15f74f6	Player.GoodsInfo2.Clownfish
0xb15f9123	ClothTopslongBoxDressHalfQipao
0xb161303c	Work/Data/ClothModelParam/ClothAccessoryBackBee.data__ClothModelParam.gyml
0xb16b53fa	ClothHeadwearOrnamentSidePin
0xb175099b	HouseDollHouseDoor_LeftDoorKnob
0xb1762ef3	Player.InteriorRoomStyleInfo.Training00.KeyHash
0xb1775c4d	Player.InteriorRoomStyleInfo.Gym00
0xb1880ee3	Mii.Belongings.HabitOwnInfo.GetAngryTypeRegretfulTears.IsOwn
0xb18aa15e	Party07
0xb18b62f3	Player.GoodsInfo2.Ticket.LastObtainedSec
0xb18bd2c3	TreasureBookEmotionTelopChatNoFeaturesSitOnTheGroundCircle
0xb19412d7	SmallFlower01
0xb19bd0b7	Work/Data/Destination/ActionDirection/FacilityFamilyRestaurantDrinkCorner.data__destination__ActionDirection.gyml
0xb19e1b8b	ObjMonitor00_Shelf
0xb1a85cc2	TravelPlaceN013
0xb1ad9489	ClothAccessoryBackStar
0xb1b1942e	MiiEvent_FocusLeadingFirstSightLove
0xb1bf8bc4	FacilityItemShop_ViewPos
0xb1c029ac	Player.InteriorRoomStyleInfo.Triangle01.InformedNewRelease
0xb1c0462f	TreasureRecordEmotionTelopChatNoveltySitOnTheGroundCircle
0xb1c3a975	TreasureGameEmotionTelopChatBlushAtLivingFloor
0xb1c714f0	Player.GoodsInfo2.Beetle.OwnNum
0xb1c8b370	Event0031FL
0xb1ca0ebc	Mii.Belongings.RoomStyleInfo.Flag.Pirate00
0xb1cce24e	Mii.Belongings.RoomStyleInfo.Flag.MusicRoom00
0xb1ce7e27	Player.InteriorRoomStyleInfo.Camouflage00.InformedNewRelease
0xb1d19db2	Player.GoodsInfo2.Butterfly.LastObtainedSec
0xb1d34c26	Player.HabitInfo2.EatCute.State
0xb1d3d005	Work/Data/CoordinateClothInfo/Coordinate0244.data__CoordinateClothInfo.gyml
0xb1d7ee73	AutumnWinter
0xb1d9ca9d	Work/Confluence/PageInfo/HairFront066.pp__Confluence__PageInfo.gyml
0xb1dc5c75	Player.InteriorRoomStyleInfo.Chinese01.KeyHash
0xb1dc78af	Work/Data/ClothParam/ClothTopsYshirtLongArgyleVest.data__ClothParam.gyml
0xb1e55115	RemindAddThirdMii
0xb1e73c16	Work/Data/ClothParam/ClothAccessoryWaistBee.data__ClothParam.gyml
0xb1e8aa26	ClothSocksPedicel
0xb1ea0ffc	Player.GoodsInfo2.Rabbit.IsNewlyOwned
0xb1eb567c	MiiEvent_Event0028CH
0xb1ec77c1	Communicate001
0xb1ee0d1f	BestId
0xb1f3a89b	Work/Data/CoordinateClothInfo/Coordinate0292.data__CoordinateClothInfo.gyml
0xb1fe20a3	ItemDeepDish
0xb20634ef	NoGroup_Event0012CH
0xb20ae279	Trouble_Cloth2Mysterious_Success
0xb20ce7ba	Player.InteriorRoomStyleInfo.Sloppy01.OwnNum
0xb20d3212	Player.InteriorRoomStyleInfo.Lace01.KeyHash
0xb20f158b	MiiEvent_Event0046CH
0xb20feced	Mii.MiiMisc.ClothInfo.All.KeyHash
0xb2122226	Work/Confluence/PageInfo/HairAll112.pp__Confluence__PageInfo.gyml
0xb2140c24	Work/Data/ClothModelParam/ClothTopsTshirtLongPajama.data__ClothModelParam.gyml
0xb2144605	Player.GoodsInfo2.Parrot
0xb2147bac	Work/Data/ClothModelParam/ClothSocksCheckShort.data__ClothModelParam.gyml
0xb21617d2	TerraceBench
0xb216e22b	Mii.Belongings.HabitOwnInfo.GreetingTypeShallow.IsOwn
0xb2201abc	Trouble_IslandEditRoadToFacility_Failure
0xb2251c51	Work/Data/ClothParam/ClothSocksKneeSocksRainbow.data__ClothParam.gyml
0xb22da8e6	StandRestless
0xb22f3168	Player.GoodsInfo2.Bonsai.IsNewlyOwned
0xb2348a73	Work/Data/CoordinateClothInfo/Coordinate0126.data__CoordinateClothInfo.gyml
0xb23f2bb5	Mii.Belongings.HabitOwnInfo.GreetingTypeShallow.IsChecked
0xb24461e7	Mii.Belongings.RoomStyleInfo.Flag.Triangle04
0xb245b256	NoGroup_Event0015FL
0xb246f470	Player.InteriorRoomStyleInfo.MonitorRoom01.FirstObtainedSec
0xb2470b03	FacilityFamilyRestaurantLamp
0xb24a5555	NoGroup_DashClashFallInLoveFirstSight3
0xb24ad654	LiveTogetherQuestionSuccess
0xb24b43eb	WesternStyle03
0xb24e4a07	Mii.MiiMisc.ClothInfo.Headwear
0xb2559b7e	TreasureGoods_Game_House_Deject
0xb25a8eae	Work/Data/ClothParam/ClothBottomsSkirtLongStripe.data__ClothParam.gyml
0xb262e119	ObjLocker00_BenchE2
0xb26321b3	Trouble_Confession_Success
0xb26349da	Work/Data/ClothModelParam/ClothHeadwearHatPineapple.data__ClothModelParam.gyml
0xb269524e	Work/Data/CoordinateAttribute/Coordinate0043.data__CoordinateAttribute.gyml
0xb269ddab	Work/Data/ClothParam/ClothAccessoryChestBoutonniere.data__ClothParam.gyml
0xb26eec57	ClothAllCostumeLongHen
0xb26f5141	House.RoomStyleInfo.Flag.WoodBoard02
0xb272b373	Work/Data/ClothParam/ClothHeadwearFullfaceDivingHelmet.data__ClothParam.gyml
0xb273c9ea	Kettle
0xb2755a63	Work/Data/ClothModelParam/ClothAccessoryChestAntique.data__ClothModelParam.gyml
0xb276cab5	ClothShoesHighcutTrekking
0xb27c4412	ResolvedTroubleCount
0xb2822f51	Player.InteriorRoomStyleInfo.Baby01.IsNewlyOwned
0xb2834d52	ClothAllCostumeLongTuna
0xb2853b47	TreasureBookEmotionTelopChatBlushSitOnTheBench
0xb286865b	Work/Data/ClothModelParam/ClothAccessoryBagMini.data__ClothModelParam.gyml
0xb2903714	Coordinate0185
0xb293081d	Work/Data/CoordinateClothInfo/Coordinate0334.data__CoordinateClothInfo.gyml
0xb2941f03	Work/Confluence/PageInfo/HairAllLegacy085.pp__Confluence__PageInfo.gyml
0xb295be6d	DemoPR000092
0xb2a111a8	Work/Data/CoordinateAttribute/Coordinate0034.data__CoordinateAttribute.gyml
0xb2a39093	Introduction.IsIslandForIntroduction
0xb2a6c85e	TreasureBookEmotionTelopChatBlushSitOnTheHouseDeck
0xb2aa0b98	Player.InteriorRoomStyleInfo.StainedGlass00.InformedNewRelease
0xb2b22b3a	EmotionTelopChatDateWalkingRelaxSeesaw
0xb2c044b9	Work/Confluence/PageInfo/HairBack003.pp__Confluence__PageInfo.gyml
0xb2c46646	Work/Confluence/PageInfo/HairParts009.pp__Confluence__PageInfo.gyml
0xb2c88407	Childcare.Pending.HabitOwnInfo.WalkLikeModel.IsChecked
0xb2ce3eb6	Work/Data/ClothModelParam/ClothTopsCoatLongApron.data__ClothModelParam.gyml
0xb2cf9fad	ClothHeadwearOrnamentSideWakazari
0xb2d2b21f	BigSpace
0xb2d317b5	Player.GoodsInfo2.GameAction.IsNewlyOwned
0xb2dce64e	Blush
0xb2fc39bf	Work/Confluence/PageInfo/HairAll106.pp__Confluence__PageInfo.gyml
0xb3005873	Sword
0xb30539bb	Food_ExcludeBad
0xb3066513	PigPiggyBank
0xb3071e63	Player.InteriorRoomStyleInfo.Heart04.IsNewlyOwned
0xb309c868	ToAfSource
0xb30b549e	Player.InteriorRoomStyleInfo.Gym02.KeyHash
0xb30bf0ea	TravelPlaceN008S1
0xb3126bad	Work/Data/ClothModelParam/ClothShoesSandalBathroom.data__ClothModelParam.gyml
0xb318233e	Sleep
0xb3229c6b	Player.NameRegionLanguageID
0xb3266b3d	ObjTrafficLight_06
0xb327d02f	Player.GoodsInfo2.BookRiddle
0xb32881c1	Work/Confluence/PageInfo/HairFront065.pp__Confluence__PageInfo.gyml
0xb32b90c5	FacilityFountainRoot
0xb32d0b2f	AsianResort00
0xb32d920f	Mii.Belongings.RoomStyleInfo.Flag.Damask07
0xb32ff2b8	ClothTopsMantleLongTailcoat
0xb3347548	EmotionTelopChatFervorGuitarShow
0xb334921f	Player.InteriorRoomStyleInfo.Stuffed00
0xb33cd644	ObjStreetLamp_02
0xb33d0869	Player.InteriorRoomStyleInfo.Christmas01.FirstObtainedSec
0xb33f0f1c	Mii.Belongings.HabitOwnInfo.EatSmell.IsChecked
0xb340a75f	Work/Data/ClothParam/ClothTopsYshirtLongCoachJacket.data__ClothParam.gyml
0xb341d545	ClothHeadwearOrnamentSideDaisy
0xb34dc05a	Work/Confluence/PageInfo/HairAllLegacy096.pp__Confluence__PageInfo.gyml
0xb351e865	Player.InteriorRoomStyleInfo.Gym02.LastObtainedSec
0xb356e779	ClothAllCylinderLongHamburger
0xb357605c	Player.GoodsInfo2.Unicorn.State
0xb364bb2c	Brown
0xb36614ee	Mii.Belongings.HabitOwnInfo.StandHandsFront.IsOwn
0xb3673f6e	Player.InteriorRoomStyleInfo.Stadium02.IsNewlyOwned
0xb369106a	Player.InteriorRoomStyleInfo.Wedding02.FirstObtainedSec
0xb369aa6b	Childcare.Pending.Voice.PresetType
0xb36c05c7	Player.GoodsInfo2.EngagementRing
0xb36dda3d	Cat02
0xb37fac0c	ClothHeadwearGlassCyber
0xb38174a0	Player.HabitInfo2.WalkSwagger.OwnNum
0xb381a9c7	Gender
0xb385733b	Player.InteriorRoomStyleInfo.Jail00.LastObtainedSec
0xb392b5b7	Mii.Belongings.HabitOwnInfo.StandRestless.IsChecked
0xb3942c23	Work/Confluence/PageInfo/HairAllLegacy055.pp__Confluence__PageInfo.gyml
0xb3970916	EmotionTelopChatFervorSitOnTheHouseDeck
0xb39c0fc5	Player.InteriorRoomStyleInfo.Minimul07.InformedNewRelease
0xb39e85dd	Work/Data/ClothModelParam/ClothTopsMantleLongPrince.data__ClothModelParam.gyml
0xb39faf6f	GreetingCurtsy
0xb3a3d2cb	Work/Data/ClothModelParam/ClothBottomsSkirtLongFolklore.data__ClothModelParam.gyml
0xb3a632f1	Work/Data/ClothParam/ClothAllMascotLongLion.data__ClothParam.gyml
0xb3a7f7bd	Place_Facility_Fountain_WithLovers_raw
0xb3ab615b	MapObject.Location.GridPosX
0xb3b22c57	Work/Data/ClothModelParam/ClothBottomsPantsWideElephant.data__ClothModelParam.gyml
0xb3b525dc	Player.InteriorRoomStyleInfo.BlueSheet00.FirstObtainedSec
0xb3b5d2e8	EmotionTelopChatLaughNotePCSpeechAtLivingFloor
0xb3bc42c2	Ochre
0xb3bdfa48	ItemSystem
0xb3bf89e7	Normal02
0xb3c6dd8e	Player.InteriorRoomStyleInfo.Otaku03.FirstObtainedSec
0xb3c80ee2	Pajama_Cool
0xb3ce9da8	Player.InteriorRoomStyleInfo.Garage05.FirstObtainedSec
0xb3d05d1c	SittingOrStandingChatting
0xb3d29d0e	UvPatternIdx
0xb3d9377d	Player.InteriorRoomStyleInfo.Gym00.OwnNum
0xb3e17a22	House.RoomStyleInfo.Flag.WesternStyle06
0xb3e4ee7a	Player.InteriorRoomStyleInfo.Galaxy00
0xb3e97b83	Work/Data/ClothModelParam/ClothTopsTshirtHalfEgg.data__ClothModelParam.gyml
0xb3ea9f44	Work/Data/ClothParam/ClothTopslongUgcDressHalf.data__ClothParam.gyml
0xb3ecdce9	Player.InteriorRoomStyleInfo.Dot07
0xb3ed31bd	Player.GoodsInfo2.Perfume.IsNewlyOwned
0xb3ed42ab	LowerBoth
0xb3ede11b	ObjTrafficLight_02
0xb3ee7f69	Dir2Grid_BenchTerrace
0xb3ef7a65	Player.InteriorRoomStyleInfo.Sloppy00
0xb3f08ea7	FacilityAtelier
0xb3f48fd2	Player.InteriorRoomStyleInfo.BigFlower01.OwnNum
0xb3f68e16	PlusMinus0
0xb3fe43bb	ClothHeadwearHatKnitPompom
0xb40b828a	Mii.Belongings.HabitOwnInfo.WalkScurry
0xb410afed	Player.GoodsInfo2.GoldBar.OwnNum
0xb4172c6c	Muddy
0xb4185bfb	Player.InteriorRoomStyleInfo.SmallFlower01.State
0xb41c97f9	Behind01
0xb4292e16	Future
0xb42cb330	Trouble_HungryCool_Failure
0xb42fc2e3	SaveDataUgcBc1_Bc3SRGB
0xb431a85f	AddGameTime
0xb4343ffc	RightDoorKnob
0xb43e34b3	Work/Data/ClothParam/ClothSocksLaceStocking.data__ClothParam.gyml
0xb43f548e	Work/Confluence/PageInfo/HairParts000.pp__Confluence__PageInfo.gyml
0xb4433422	Work/Data/ClothModelParam/ClothShoesPumpsGlass.data__ClothModelParam.gyml
0xb44628d1	Work/Data/ClothModelParam/ClothTopsOuterLongAbc.data__ClothModelParam.gyml
0xb4464fd7	IsSuccessImportTrialSaveData
0xb449deb5	Work/Data/ClothParam/ClothShoesPointedBusiness.data__ClothParam.gyml
0xb44a95b3	Inviting
0xb4513ac4	Unlock.FocusLeadingToMiiByPickUpCount
0xb4518918	Work/Data/CoordinateClothInfo/Coordinate0085.data__CoordinateClothInfo.gyml
0xb45384f2	ByeByeAtRestaurant
0xb453e4a0	ObjShowa00_Fan
0xb4597de8	EmotionTelopChatLoveBonfire
0xb45a3bcc	Player.FloorInfo.LastObtainedSec
0xb45b3681	EmotionTelopChatLoveNotePCSpeech
0xb467c2ce	Player.GoodsInfo2.Alebrijes.LastObtainedSec
0xb469350e	Trouble_HungrySpicy_Failure
0xb46ca590	Work/Data/ClothParam/ClothBottomsPantsLongSanta.data__ClothParam.gyml
0xb470b80d	Work/Data/ClothParam/ClothTopslongSalopetteHalfSuspendersFormal.data__ClothParam.gyml
0xb4747886	Work/Data/ClothModelParam/ClothHeadwearHatJet.data__ClothModelParam.gyml
0xb475ecbd	TreasureBookEmotionTelopChatScaryAtLivingFloor
0xb47c21d9	FacilityItemShop_Front
0xb47d0f04	Player.InteriorRoomStyleInfo.Atelier00.State
0xb47e73ac	Player.InteriorRoomStyleInfo.Factry00.IsNewlyOwned
0xb48072ee	Flamingo
0xb481541d	TreasureAnythingEmotionTelopChatScarySpeech
0xb4855832	DemoPR000122
0xb486cb8b	Player.GoodsInfo2.BookLove.OwnNum
0xb48a91e0	Work/Data/ClothModelParam/ClothBottomsSkirtMiniSailor.data__ClothModelParam.gyml
0xb4913b41	DemoDM104067
0xb4a1b958	Sprinkler
0xb4a50ca7	Player.GoodsInfo2.ReplicaSword.IsNewlyOwned
0xb4a58247	Size
0xb4a7c427	Player.GoodsInfo2.BookCover.IsNewlyOwned
0xb4adb1ba	ClothAccessoryWaistTiger
0xb4afedd3	Childcare.Pending.HabitOwnInfo.EatSecretly.State
0xb4b4622a	FacilityFountain_AllParkSpace
0xb4b7c426	Work/Data/CoordinateAttribute/Coordinate0062.data__CoordinateAttribute.gyml
0xb4b8e6bd	Work/Data/ClothParam/ClothHeadwearOrnamentSideButterfly.data__ClothParam.gyml
0xb4ba9000	Player.GoodsInfo2.WoodenCarvingBear.OwnNum
0xb4bc056b	Place_MapObj_Lamp_withLovers_raw
0xb4bf8309	Player.InteriorRoomStyleInfo.Cage00.IsNewlyOwned
0xb4c110c5	Mii.Belongings.RoomStyleInfo.Flag.Minimul05
0xb4c56bb0	ClothTopsTshirtHalfBoxLogo
0xb4c5b82e	Player.InteriorRoomStyleInfo.Triangle00.KeyHash
0xb4ca5fd9	NotLoverOrCouple
0xb4cb1ca1	Zoom
0xb4cb4b0e	Player.InteriorRoomStyleInfo.Triangle05.IsNewlyOwned
0xb4cb5645	Childcare.Pending.HabitOwnInfo.StandShakeHip.IsOwn
0xb4d1ec27	Work/Data/ClothModelParam/ClothTopsTshirtLongTweedJacket.data__ClothModelParam.gyml
0xb4d25280	ObjBenchPark_05
0xb4ddb411	Player.InteriorRoomStyleInfo.Minimul03.IsNewlyOwned
0xb4dfcf3f	Newlife05
0xb4ee9345	Player.GoodsInfo2.BirdFeathers
0xb4ee9bdd	Trouble_Reform_Failure
0xb4feecfb	Work/Data/ClothParam/ClothTopsTshirtLongPaisley.data__ClothParam.gyml
0xb5014cee	Childcare.Pending.HabitOwnInfo.WalkSwagger.State
0xb502a407	Childcare.Pending.HabitOwnInfo.GetAngryTypeRegretfulTears.State
0xb503c80d	Work/Data/CoordinateAttribute/Coordinate0334.data__CoordinateAttribute.gyml
0xb50c8415	ObjFenceBarbed_05
0xb50ce2f8	Work/Data/ClothModelParam/ClothBottomsSkirtMiniWrap.data__ClothModelParam.gyml
0xb51549e7	Childcare.Pending.HabitOwnInfo.WalkLikeRobot.State
0xb5194da0	DailyClothInfo
0xb519b6fb	TreasureBookEmotionTelopChatNoFeaturesSitOnFerrisWheelEntrance
0xb51ffb1a	TreasureGoods
0xb534d759	ObjTea00_Kettle
0xb536af1d	ObjFenceWood_05
0xb5377d28	Trouble_IntroductionSecondHungry_Success
0xb539105e	Work/Data/ClothParam/ClothAllMonsterLongMonster.data__ClothParam.gyml
0xb5399d90	Player.GoodsInfo2.HawaiiKeyChain.LastObtainedSec
0xb53ae7c5	Work/Data/Destination/ActionPoint/FacilityFountain_DonationBoxLeft.data__destination__ActionPoint.gyml
0xb53bf12c	GuitarSchoolField
0xb53c7e81	MiiEvent_Event0020FL
0xb53f5f3d	Seaside
0xb5432ee8	Work/Data/CoordinateAttribute/Coordinate0184.data__CoordinateAttribute.gyml
0xb543b286	Work/Data/CoordinateClothInfo/Coordinate0207.data__CoordinateClothInfo.gyml
0xb5463a9d	Work/Data/ClothParam/ClothTopslongBoxDressLongChangshan.data__ClothParam.gyml
0xb548641f	Player.GoodsInfo2.Octopus.State
0xb549724a	TravelPlaceN002S2
0xb54c4a40	Player.InteriorRoomStyleInfo.MultiDot02.InformedNewRelease
0xb55586f4	WorstId
0xb558468c	MapObject.MapObjectMisc.RotY
0xb5595c2a	StreetDanceTogetherMyRoom
0xb55a9ac6	Work/Data/ClothModelParam/ClothTopslongUgcKimonoLong.data__ClothModelParam.gyml
0xb55d8e5b	ClothAccessoryBackCoin
0xb5617b9f	Player.InteriorRoomStyleInfo.LockerRoom01.LastObtainedSec
0xb56ab1bc	Japanese02
0xb56b6577	Work/Data/ClothParam/ClothTopsYshirtLongHalfCardigan.data__ClothParam.gyml
0xb56bc9da	Player.HabitInfo2.WalkNoSwinging
0xb56dc8a7	Phase1
0xb570851c	DemoPR000124
0xb57110d1	Mii.Belongings.RoomStyleInfo.Flag.WoodBoard01
0xb576bd9a	ObjChristmas00_TreeLDK
0xb5780397	Work/Data/CoordinateClothInfo/Coordinate0264.data__CoordinateClothInfo.gyml
0xb57e8430	ClothHeadwearGlassMasquerade
0xb581de95	Player.GoodsInfo2.KnittingSet.LastObtainedSec
0xb5865895	Work/Data/ClothParam/ClothHeadwearHatKerchief.data__ClothParam.gyml
0xb59bd26e	Work/Data/ClothParam/ClothTopsTshirtLongSkull.data__ClothParam.gyml
0xb59d20d1	Common
0xb5ab9c92	Childcare.Pending.HabitOwnInfo.GreetingTypeBig.State
0xb5ac09c4	Work/Data/CoordinateAttribute/Coordinate0099.data__CoordinateAttribute.gyml
0xb5af60ab	Player.HabitInfo2.GreetingCurtsy.LastObtainedSec
0xb5b0ad29	UGC.SuspendData.UvPatternIdx
0xb5b0eccf	Player.InteriorRoomStyleInfo.Office00.IsNewlyOwned
0xb5b1c20b	Mii.Belongings.GoodsOwnInfoSlot
0xb5b57345	FriendsLoverFamily
0xb5b5dd91	Squat
0xb5b6face	Work/Data/ClothParam/ClothShoesBootsShortSideGore.data__ClothParam.gyml
0xb5b84bc0	DepressTimeover
0xb5bbe586	House.RoomStyleInfo.Flag.Garage03
0xb5bc1dfd	Unlock.ShopPaidMoneyBuildingUgcObje
0xb5bd7d38	FightTimeoverLover
0xb5c6ef4c	Work/Data/ClothModelParam/ClothTopsYshirtLongUniquePattern.data__ClothModelParam.gyml
0xb5c9ce45	Player.InteriorRoomStyleInfo.Garage03.LastObtainedSec
0xb5d0afa9	FacilityPark
0xb5d49437	Player.InteriorRoomStyleInfo.StarPrint03.State
0xb5dbb6e0	Work/Data/ClothModelParam/ClothAccessoryNeckPendant.data__ClothModelParam.gyml
0xb5decac5	Work/Data/CoordinateClothInfo/Coordinate0256.data__CoordinateClothInfo.gyml
0xb5e38d2d	Mii.MiiMisc.FaceInfo
0xb5e3f652	Player.GoodsInfo2.HandMirror.LastObtainedSec
0xb5e55d78	Work/Data/CoordinateClothInfo/Coordinate0112.data__CoordinateClothInfo.gyml
0xb5e55fbc	House.RoomStyleInfo.Flag.Shoji01
0xb5e581d0	Floor_Low
0xb5e8e8b9	DemoPR000003
0xb5e9456f	StyleGroup_Sauna00
0xb5ecb8b0	Player.InteriorRoomStyleInfo.Training00.State
0xb5ecf182	Theme
0xb5ef8114	Player.GoodsInfo2.DVDCooking.OwnNum
0xb5f083b0	Player.GoodsInfo2.TerrestrialGlobe.OwnNum
0xb5f86864	Player.InteriorRoomStyleInfo.Western00.OwnNum
0xb5fb7b30	DollHouse
0xb5fdc9f3	Topic
0xb604a940	Player.GoodsInfo2.SpeechBubblePlatinum.IsNewlyOwned
0xb60825b8	Work/Data/ClothParam/ClothShoesPumpsKkotshin.data__ClothParam.gyml
0xb6092b39	Carpet04
0xb609301f	IslandEditFailure
0xb6102625	Work/Data/ClothModelParam/ClothAccessoryWaistDinosaur.data__ClothModelParam.gyml
0xb610f856	HabitGroup
0xb6123c11	Trouble_FightRivalConfession_Failure
0xb615422a	Work/Data/ClothModelParam/ClothTopsYshirtHalfPolice.data__ClothModelParam.gyml
0xb61df550	House.RoomStyleInfo.Flag.Jail00
0xb6215ea8	WindUpTeeth
0xb62497fe	Player.InteriorRoomStyleInfo.Camouflage00.FirstObtainedSec
0xb6253aef	Player.GoodsInfo2.TrophySilver.OwnNum
0xb62a2530	FoodFixed
0xb631e893	ClothTopsTshirtHalfIcecream
0xb632785f	CoordinateOwnInfo
0xb6343cce	Work/Mii/EyeAccessoryParam/Eye034.mii__EyeAccessoryParam.gyml
0xb634ea28	House.RoomStyleInfo.Flag.LightStick06
0xb637c30c	Work/Data/ClothModelParam/ClothHeadwearHatStudent.data__ClothModelParam.gyml
0xb6387787	Work/Data/ClothModelParam/ClothHeadwearOrnamentFrontWedding.data__ClothModelParam.gyml
0xb63d4ea2	Player.GoodsInfo2.EmbroideredHandkerchief.State
0xb63fc511	Mii.Belongings.HabitOwnInfo.VoiceGloomy
0xb645d9aa	Player.InteriorRoomStyleInfo.Atelier00.InformedNewRelease
0xb64bd812	Mii.Belongings.RoomStyleInfo.Flag.Minimul04
0xb64c7e2b	Work/Data/ClothParam/ClothHeadwearHatOutdoor.data__ClothParam.gyml
0xb65014a8	Work/Data/CoordinateClothInfo/Coordinate0329.data__CoordinateClothInfo.gyml
0xb654e3cd	TargetMii2
0xb65516d9	FacilityBuildingShop_Front
0xb6569a91	FightSuccessOneSideLove
0xb6571e9e	Player.GoodsInfo2.BalletSet
0xb663a300	Work/Data/Destination/ActionPoint/FacilityFountain_ViewPos.data__destination__ActionPoint.gyml
0xb6777af5	GoodsOwnInfoSlot
0xb679f9d3	Player.IsLocalNetworkFirstReceivedUgc
0xb67ed4d0	AdditionalActionAfterPostDemoFeelingGoodWait
0xb67f87b5	Work/Data/ClothModelParam/ClothTopslongDressSleevelessWedding.data__ClothModelParam.gyml
0xb6808114	Work/Data/CoordinateAttribute/Coordinate0199.data__CoordinateAttribute.gyml
0xb6846bef	ClothGender
0xb68808f7	Work/Data/ClothParam/ClothAllCylinderLongHamburger.data__ClothParam.gyml
0xb68aea08	GroupAction_ExFriendBecomeFriendsAgain
0xb68dd7f4	Player.InteriorRoomStyleInfo.StainedGlass00.OwnNum
0xb691e287	Unlock.ConfessionSuccessCount
0xb697b9eb	Player.InteriorRoomStyleInfo.Wrestling00.OwnNum
0xb6999820	Work/Data/ClothParam/ClothHeadwearHatDiner.data__ClothParam.gyml
0xb699f32c	Work/Data/ClothModelParam/ClothTopsYshirtLongCollege.data__ClothModelParam.gyml
0xb69ae94f	Player.InteriorRoomStyleInfo.Horror00.OwnNum
0xb69b048c	Mii.MiiMisc.EatInfo.TasteType
0xb69b2004	Player.GoodsInfo2.BookHorror.LastObtainedSec
0xb6a1ccdf	Middle
0xb6a62d42	FacilityFamilyRestaurant_BreakupPlace3
0xb6a77a82	ObjFlowerAnemone_02
0xb6aad9ed	HairTailShape
0xb6acb52b	ObjHeart00_Ceiling
0xb6aebcc7	Player.GoodsInfo2.GameAdventure.IsNewlyOwned
0xb6af9414	Player.InteriorRoomStyleInfo.Marble00.IsNewlyOwned
0xb6b2298a	WalkingTogether
0xb6b4b3c5	LvUPGoods_Camera_House_raw
0xb6b5ca5f	Work/Confluence/PageInfo/HairAll037.pp__Confluence__PageInfo.gyml
0xb6b5f0f8	Player.InteriorRoomStyleInfo.Shoji02
0xb6b96043	Player.GoodsInfo2.BookHorror.OwnNum
0xb6bb65e4	ConfessionHold
0xb6bcffbb	TreasureAnythingEmotionTelopChatNoFeaturesAtLivingFloorSpeech
0xb6d3fb43	Player.GoodsInfo2.Alien2.IsNewlyOwned
0xb6d76a62	Beach
0xb6d7c3ec	Mii.Belongings.HabitOwnInfo.WalkSwagger.IsChecked
0xb6dd5dba	Work/Data/Destination/ActionArea/RoomCarpet_TV.data__destination__ActionArea.gyml
0xb6e4d387	FirstLevelUp
0xb6e959dc	DailyLog.CoinSilver
0xb6eae983	Event0000FL
0xb6eede09	None
0xb6f01e78	Mii.Belongings.HabitOwnInfo.WalkUneasily.State
0xb6f0d9df	Player.InteriorRoomStyleInfo.Sloppy00.InformedNewRelease
0xb6f4be06	Group_Event0026
0xb6fad38d	NickNameToOtherType
0xb6fc1587	Work/Data/CoordinateAttribute/Coordinate0181.data__CoordinateAttribute.gyml
0xb7007935	Work/Data/ClothParam/ClothAllBase.data__ClothParam.gyml
0xb700eac2	NoGroup_Event0023FL
0xb705e79a	Player.GoodsInfo2.KnittingSet.State
0xb70e9404	Food07
0xb7131ae5	Work/Component/DestinationInfo/ObjBenchPark.actor__DestinationInfo.gyml
0xb7174007	House.RoomSettings.OverrideWallUgcHash
0xb71751d6	BalloonArt
0xb71b056e	Mii.Belongings.HabitOwnInfo.SnoreLoudly
0xb71c0ef8	Mii.Belongings.RoomStyleInfo.Flag.Sushi00
0xb71fd982	Mii.Belongings.HabitOwnInfo.StandCute
0xb728fb9c	ClothBottomsPantsWidePainter
0xb72c133e	Player.InteriorRoomStyleInfo.WesternStyle02
0xb731114a	ObjDrinkingFountain_06
0xb737ed08	Player.InteriorRoomStyleInfo.Stage00
0xb73852ca	FallInOneSideLove
0xb7387ec4	ObjJackOLantern_01
0xb73a8e08	Player.InteriorRoomStyleInfo.Western00.FirstObtainedSec
0xb73af693	ClothAllCostumeLongKoala
0xb73bb4db	Player.InteriorRoomStyleInfo.Dinosaur01.IsNewlyOwned
0xb73decba	Player.GoodsInfo2.Horse
0xb74d255a	Work/Data/CoordinateAttribute/Coordinate0072.data__CoordinateAttribute.gyml
0xb74fa5a8	Work/Data/ClothModelParam/ClothAccessoryBackDevil.data__ClothModelParam.gyml
0xb7502173	Work/Data/CoordinateAttribute/Coordinate0311.data__CoordinateAttribute.gyml
0xb7549d04	Work/Data/ClothParam/ClothTopslongKimonoLongYukataMorningGlory.data__ClothParam.gyml
0xb754bb23	Childcare.Pending.HabitOwnInfo.EatCrisp.IsOwn
0xb7569bee	EmotionTelopChatSecretSitOnFountain
0xb757888e	Player.GoodsInfo2.Hedgehog.IsNewlyOwned
0xb75a8b89	Player.InteriorRoomStyleInfo.Asianresort00.State
0xb75d7db6	TropicalSea00
0xb769457a	Player.InteriorRoomStyleInfo.WesternStyle04.FirstObtainedSec
0xb76f4a80	Work/Data/ClothParam/ClothTopsYshirtLongSimpleVest.data__ClothParam.gyml
0xb770d0fb	Player.InteriorRoomStyleInfo.Lace02.KeyHash
0xb775cccf	FacilityFerrisWheel_FrontAllSpace
0xb783150e	UGC.Editor.Setting.Shortcut
0xb7832205	Player.HabitInfo2.StandHandsFront.State
0xb787e3f2	Player.InteriorRoomStyleInfo.Party03.KeyHash
0xb78a8768	MiiEvent_Event0016CH
0xb78d62ab	Work/Confluence/PageInfo/HairAllLegacy019.pp__Confluence__PageInfo.gyml
0xb790dead	Ashes
0xb7953981	Player.InteriorRoomStyleInfo.WoodBoard03.OwnNum
0xb798af0d	Coordinate0195
0xb79ba50e	ClothTopslongAlineHalfSalopette
0xb7a01270	Work/Data/ClothModelParam/ClothSocksSpaceTights.data__ClothModelParam.gyml
0xb7a1ab1a	ClothAccessoryNeckLeatherChoker
0xb7a4f784	Work/Data/CoordinateClothInfo/Coordinate0081.data__CoordinateClothInfo.gyml
0xb7ae5e70	Player.GoodsInfo2.Cat.LastObtainedSec
0xb7b062fe	Player.InteriorRoomStyleInfo.Chinese00.OwnNum
0xb7b0e2bc	StandShy
0xb7b42df5	Player.CommonDailyItem.NextUpdateRandomSeed
0xb7bb027d	Work/Data/ClothModelParam/ClothTopsTshirtLongMultiBorderKnit.data__ClothModelParam.gyml
0xb7c0f649	Player.InteriorRoomStyleInfo.Garden00.IsNewlyOwned
0xb7c6cc33	Childcare.Pending.HabitOwnInfo.EatMouthful.IsOwn
0xb7ce0c18	Lover
0xb7d1e636	TreasureBookEmotionTelopChatNoFeaturesSpeechCircle
0xb7d415d2	ClothTopsTshirtLongSailor
0xb7d980ab	ItemSnowman_Demo
0xb7de117d	Work/Confluence/PageInfo/HairAllLegacy062.pp__Confluence__PageInfo.gyml
0xb7e4ed0f	Work/Data/ClothParam/ClothHeadwearHatPot.data__ClothParam.gyml
0xb7f3775d	Player.InteriorRoomStyleInfo.Party06.OwnNum
0xb7f7782f	ObjCamouflage00_Tool
0xb7f82df5	Mii.Belongings.RoomStyleInfo.Flag.Lace04
0xb7f98012	Restore
0xb7fec40f	Mii.Belongings.HabitOwnInfo.GreetingVitality.State
0xb80104ba	Player.InteriorRoomStyleInfo.NightView00.KeyHash
0xb804416b	Work/Confluence/PageInfo/HairAllLegacy101.pp__Confluence__PageInfo.gyml
0xb8061586	Work/Mii/EyeAccessoryParam/Eye023.mii__EyeAccessoryParam.gyml
0xb8105855	Work/Confluence/PageInfo/HairAll099.pp__Confluence__PageInfo.gyml
0xb81ebada	Work/Data/ClothParam/ClothTopsOuterLongSpace.data__ClothParam.gyml
0xb8223516	Player.GoodsInfo2.JewelleryBox
0xb8228ab9	Mii.Belongings.HabitOwnInfo.Chicken.State
0xb825ce46	TroubleLoverWantedUnsuitable
0xb82d1e9b	Player.InteriorRoomStyleInfo.Heaven00.IsNewlyOwned
0xb82d455e	ObjBathroom00_Plant
0xb82de527	DailyLog.CoinGold
0xb82ec29e	Mii.Belongings.HabitOwnInfo.GreetingNoble.IsOwn
0xb832177e	Player.InteriorRoomStyleInfo.SFX00.IsNewlyOwned
0xb8386062	FacilityFerrisWheel_RightDoorKnob
0xb8391731	Trouble_DepressSeparate_Failure
0xb83cc84b	Work/Confluence/PageInfo/HairAllLegacy037.pp__Confluence__PageInfo.gyml
0xb840a531	Player.GoodsInfo2.CDDance.LastObtainedSec
0xb8456008	Triangle01
0xb847dfc2	Player.GoodsInfo2.BottleShip.LastObtainedSec
0xb84821b3	Kirakira
0xb84b1002	ClothTopsYshirtSleevelessStripe
0xb84f388b	NoChange
0xb84fe244	Player.GoodsInfo2.Chick.LastObtainedSec
0xb85432c5	Player.GoodsInfo2.PocketWatch.State
0xb8552522	ObjBeachParasol_Center
0xb856a2ee	NoInputPlayTime
0xb8597e8f	Shogun00
0xb85a3a0d	Player.InteriorRoomStyleInfo.Heaven00.InformedNewRelease
0xb85d311a	Player.InteriorRoomStyleInfo.Camouflage02.IsNewlyOwned
0xb863ee7f	EmotionTelopChatFervorNotePCSpeechAtRoom
0xb86a1439	dn4
0xb86d426b	Player.HabitInfo2.StandProudly.OwnNum
0xb870f04d	ObjStuffed00_WallDeco
0xb8749c31	TroubleAskPlayerFellowship00
0xb879a909	ClothShoesPumpsSimple
0xb87a3e76	AutoChangeCloth
0xb87fa49e	Work/Data/ClothModelParam/ClothTopslongDressSleevelessSatin.data__ClothModelParam.gyml
0xb891f3cc	Work/Data/ClothModelParam/ClothShoesBootsLongSnow.data__ClothModelParam.gyml
0xb897d76e	ConfessionSuccess
0xb8a1bc98	Player.GoodsInfo2.StoneSpecimen
0xb8a997ff	SittingChatting
0xb8ab3cac	Mii.Location.HouseMapId
0xb8af84d6	Work/Confluence/PageInfo/HairBack014.pp__Confluence__PageInfo.gyml
0xb8b02f3c	ClothHeadwearCostumeTurkey
0xb8b64867	Player.InteriorRoomStyleInfo.BigFlower02.InformedNewRelease
0xb8b99118	Work/Data/ClothModelParam/ClothTopslongBoxDressLongJumper.data__ClothModelParam.gyml
0xb8bb54c3	Player.GoodsInfo2.Jellyfish.IsNewlyOwned
0xb8bbb8e8	Player.InteriorRoomStyleInfo.Office00
0xb8bc0be2	Add
0xb8bcacba	ConeRoof
0xb8bf425c	UGC.MapFloor.NetworkUuid
0xb8c60147	Work/Confluence/PageInfo/HairFront052.pp__Confluence__PageInfo.gyml
0xb8c7b758	ObjTreeElectric_01
0xb8c9550e	UgcFood01
0xb8cb7ddc	Player.GoodsInfo2.DVDAnimation.IsNewlyOwned
0xb8d00994	ClothTopsYshirtLongBlazerRibbon
0xb8d11c72	Group_DashClashFallInLoveFirstSight
0xb8d6a9cd	Player.InteriorRoomStyleInfo.Baby02.InformedNewRelease
0xb8db0205	Player.InteriorRoomStyleInfo.MultiDot01.OwnNum
0xb8dca7e4	Work/Data/CoordinateClothInfo/Coordinate0271.data__CoordinateClothInfo.gyml
0xb8e31968	Player.GoodsInfo2.Compass.LastObtainedSec
0xb8e375c3	EmotionTelopChatSecret
0xb8ea4dd8	EmotionBallGet
0xb8ebd11b	Player.InteriorRoomStyleInfo.Fantasy01.OwnNum
0xb8ed95e9	ContentsCountByPickUp
0xb8ee2fee	TreasureGoods_ALL_House_Sofa_raw
0xb8f3c3cb	ClothBottomsPantsWideCheck
0xb8f3ef97	Player.GoodsInfo2.SoccerBall.LastObtainedSec
0xb8f41002	Player.MiiBirthdayNews
0xb8f7ecba	Linear
0xb8fe8226	PushUpExerciseMyRoom
0xb8febc56	Work/Data/CoordinateClothInfo/Coordinate0150.data__CoordinateClothInfo.gyml
0xb9014ab2	Player.HabitInfo2.WalkFloat.OwnNum
0xb9038004	Player.GoodsInfo2.Ufo.IsNewlyOwned
0xb906d862	Beetle
0xb9071a63	ClothHeadwearMaskAnimal
0xb9081ad5	EmotionTelopChatDateWalkingSitOnDiningTable
0xb90a810f	ObjKids00_Walldeco
0xb90d48fe	Player.HabitInfo2.StandSweatLot
0xb90d9b9a	BottomsUGCIndex
0xb910ba84	Player.InteriorRoomStyleInfo.Nobility01
0xb914a522	StandbyAndOne
0xb914e440	Player.HabitInfo2.TakeItOutOnObject
0xb9151480	Mii.Belongings.HabitOwnInfo.GreetingHeadOnly.IsChecked
0xb91766dc	MiiEvent_Event0051CH
0xb91aae02	Work/Data/ClothParam/ClothAccessoryMufflerHero.data__ClothParam.gyml
0xb91dde29	Work/Data/ClothParam/ClothHeadwearHatEgg.data__ClothParam.gyml
0xb91e0e68	NoGroup_Event0047CH
0xb91f273d	Player.InteriorRoomStyleInfo.Labo00
0xb91f5ab0	Liberation.SeasonInfo.SeasonIdValue
0xb921874a	TroubleGiveUpOneSideLoveGenerateMax
0xb926b268	Player.HabitInfo2.GreetingTypeBig
0xb92825e7	News.ContentMii.ClothStyle
0xb928b7a7	Player.InteriorRoomStyleInfo.SF02.OwnNum
0xb92974e7	UGC.MapFloor.PlayerNameRegionLanguageID
0xb92e6a66	Work/Confluence/PageInfo/HairAllLegacy131.pp__Confluence__PageInfo.gyml
0xb92fe604	Work/Data/ClothModelParam/ClothAccessoryChestBoutonniere.data__ClothModelParam.gyml
0xb935055a	Work/Data/ClothParam/ClothBottomsSkirtLongTiered.data__ClothParam.gyml
0xb938381e	RelationId
0xb938b916	Player.GoodsInfo2.BirdFeathers.LastObtainedSec
0xb93b3c9d	ClothTopsYshirtLongMultiStripe
0xb9412921	ObjDog00_Bowl
0xb94802d1	Work/Data/ClothModelParam/ClothBottomsPantsWideLeopard.data__ClothModelParam.gyml
0xb94b7c44	TreasureBookEmotionTelopChatImpressedSitOnSofa
0xb94d3a0b	OwnInfoArray
0xb94f6160	Work/Data/ClothModelParam/ClothHeadwearHatBeret.data__ClothModelParam.gyml
0xb9501cf4	Player.InteriorRoomStyleInfo.TropicalSea00.KeyHash
0xb958cacd	ListenFirstDressUp
0xb959d9df	MapObjectToMii
0xb95b5922	Player.InteriorRoomStyleInfo.WoodBoard00.InformedNewRelease
0xb95e47a4	NoGroup_Event0018CH
0xb960091a	FoodInfo
0xb96340f2	PaperCrane
0xb9670dec	Work/Data/ClothParam/ClothTopslongSalopetteLongFirefighter.data__ClothParam.gyml
0xb96dc328	Player.InteriorRoomStyleInfo.Damask07
0xb972c4b9	Work/Confluence/PageInfo/HairAllLegacy016.pp__Confluence__PageInfo.gyml
0xb97590ed	Work/Data/ClothModelParam/ClothShoesLooseSocksBorder.data__ClothModelParam.gyml
0xb975f6d6	Work/Data/ClothModelParam/ClothTopslongKimonoLongMiko.data__ClothModelParam.gyml
0xb9760235	Player.InteriorRoomStyleInfo.Botanical00
0xb9803285	Work/Data/CoordinateAttribute/Coordinate0260.data__CoordinateAttribute.gyml
0xb987d85d	Player.GoodsInfo2.BalloonArt.OwnNum
0xb9883b4b	Player.GoodsInfo2.Axolotl
0xb988c5ae	UnlockMapLevel
0xb989cd8f	House.RoomStyleInfo
0xb98a5545	Childcare.Pending.WordInfo.WordArray.WordText
0xb99e691a	Dot00
0xb99f6eb1	Heart02
0xb9a5c6ee	Player.GoodsInfo2.ExpensivePot.IsNewlyOwned
0xb9a5d966	Event0024FL
0xb9b1ed1f	Childcare.Pending.HabitOwnInfo.GreetingTypeBig.IsChecked
0xb9b5265a	Player.InteriorRoomStyleInfo.Gym02.OwnNum
0xb9b723ab	House.RoomStyleInfo.Flag.Damask05
0xb9b825f6	Work/Data/ClothModelParam/ClothAllCupLongDrink.data__ClothModelParam.gyml
0xb9bb811a	RemindAddFifthMii
0xb9bbbf44	DemoDM104080
0xb9c16fa3	ObjBeachParasol_West
0xb9c4e881	LastPatGameTime
0xb9c513db	Work/Confluence/PageInfo/HairFront027.pp__Confluence__PageInfo.gyml
0xb9cc1b4d	DemoPR000027
0xb9ce1b5e	Coordinate0335
0xb9cf4280	Sand_Undefined
0xb9d21b4f	UGC.Exterior.MaterialTexScale
0xb9d53583	Garage06
0xb9d5ac75	Facility_Fountain
0xb9d6da7a	Player.InteriorRoomStyleInfo.GardenWedding00.LastObtainedSec
0xb9d853e9	ClothTopslongAlineHalfJumperSkirt
0xb9e21b39	Work/Data/Destination/DemoArea/SystemPrivateRoom_FreeSpace.data__destination__DemoArea.gyml
0xb9e732d9	WesternStyle00
0xb9e94025	Player.GoodsInfo2.Vihta.OwnNum
0xb9ee0019	Misc_Stretch_House
0xb9f0cff3	Work/Data/ClothParam/ClothAccessoryMufflerHeadphone.data__ClothParam.gyml
0xb9f39fa6	Work/Confluence/PageInfo/HairBack024.pp__Confluence__PageInfo.gyml
0xb9f743bf	Bathroom03
0xba015317	Mii.Belongings.RoomStyleInfo.Flag.Lace01
0xba0590c5	UGC.FacePaint.EmissionIntensity
0xba0894ed	Work/Data/ClothModelParam/ClothTopsCompression.data__ClothModelParam.gyml
0xba0ea722	IgnoreGreeting
0xba0f4baf	UGC.Food.HowToCallName
0xba121810	Work/Data/ClothParam/ClothBottomsSkirtMiniGobelin.data__ClothParam.gyml
0xba131383	Mii.Belongings.RoomStyleInfo.Flag.Garage00
0xba14d7a3	UgcInfo
0xba16f665	Wedding
0xba172ff8	Damask05
0xba1a51b0	Work/Data/ClothParam/ClothShoesLooseSocksColor.data__ClothParam.gyml
0xba1de988	DateWalkingAtRestaurantWithDemoPR000027
0xba2c4bed	Mii.Belongings.RoomStyleInfo.Flag.Sloppy00
0xba2e4ef7	Player.InteriorRoomStyleInfo.WhiteRoom00.KeyHash
0xba3020fd	Player.HabitInfo2.EatElegantly
0xba30fe88	Trouble_IntroductionUgcHungry_Failure
0xba33caad	ObjCoolModern00_Table
0xba36be21	LeftDoorKnobSub
0xba459f9a	Player.GoodsInfo2.Ticket
0xba50480a	DemoSB005027
0xba517739	Trouble_ClothSSummer_Failure
0xba51a539	Player.GoodsInfo2.Sandglass.State
0xba587512	Player.InteriorRoomStyleInfo.DropCurtain00.LastObtainedSec
0xba5f3aec	IntroductionAlone
0xba63f25b	ItemBeachBed_Demo
0xba6fb576	Work/Data/ClothModelParam/ClothAccessoryBackBow.data__ClothModelParam.gyml
0xba708f2a	ItemBubblesBottle
0xba72a1a2	Work/Data/ClothModelParam/ClothTopslongSalopetteLongCasual.data__ClothModelParam.gyml
0xba7909a5	Player.HabitInfo2.WalkToeOut.State
0xba79284a	Work/Data/ClothParam/ClothTopsCoatLongSoutienCollar.data__ClothParam.gyml
0xba7c9005	Player.GoodsInfo2.Alpaca
0xba7cb722	WoodenCarvingBear
0xba8207b2	EmotionTelopChatFervorBonfire
0xba90ff01	House.RoomStyleInfo.Flag.Festival00
0xba92ab6f	Work/Data/ClothModelParam/ClothBottomsPantsLongDinosaur.data__ClothModelParam.gyml
0xba939a42	Friend
0xba9407f8	Voice_Insect
0xba969559	Work/Mii/EyeAccessoryParam/Eye052.mii__EyeAccessoryParam.gyml
0xba9d4584	Trouble_IntroductionSecondFriend_Success
0xba9fc46d	FocusLeading_OnesideLove_From
0xbaa65d99	Player.GoodsInfo2.TraditionalSpanishWaterBottle.State
0xbaa6c51f	Player.GoodsInfo2.SecurityCamera.LastObtainedSec
0xbaae46e4	Work/Data/CoordinateAttribute/Coordinate0291.data__CoordinateAttribute.gyml
0xbab30275	Player.GoodsInfo2.BookRiddle.IsNewlyOwned
0xbab3780d	Player.InteriorRoomStyleInfo.Brick01.FirstObtainedSec
0xbab5261f	HalfMask
0xbab97c2b	Player.InteriorRoomStyleInfo.Fruit00.InformedNewRelease
0xbabc5fb6	EmotionTelopChatLoveGroundLight
0xbac3ca7c	Work/Data/ClothParam/ClothAllBodySuitLongMummy.data__ClothParam.gyml
0xbac4687e	Player.GoodsInfo2.DarumaDrop.OwnNum
0xbac57592	Player.GoodsInfo2.Parakeet.State
0xbac86695	Player.InteriorRoomStyleInfo.Triangle01.IsNewlyOwned
0xbac9fd99	House.RoomStyleInfo.Flag.WoodBoard00
0xbad7c1bd	House.RoomStyleInfo.Flag.Fantasy00
0xbad88edb	Work/Data/ClothParam/ClothBottomsPantsLongSweatPants.data__ClothParam.gyml
0xbad8e55b	Gratitude
0xbadae0cb	ToUnique
0xbae2846f	HowToCallText
0xbae2a667	InteriorBeach
0xbae570ba	ClothHeadwearCostumeMonkey
0xbaebc64c	Work/Data/ClothParam/ClothHeadwearOrnamentSideWakazari.data__ClothParam.gyml
0xbaed2064	ClothTopslongSalopetteLongMambo
0xbaf4ffe8	House.RoomStyleInfo.Flag.Office00
0xbaf690d1	Relation_FriendAndMore_House_NotChat
0xbaff69d6	Player.InteriorRoomStyleInfo.SF00.State
0xbb010d5f	Work/Data/ClothParam/ClothTopsOuterLongDamaged.data__ClothParam.gyml
0xbb043c7a	Player.InteriorRoomStyleInfo.Sloppy01.IsNewlyOwned
0xbb0dfd91	Player.InteriorRoomStyleInfo.Dot02.KeyHash
0xbb0f657a	Player.InteriorRoomStyleInfo.Temple00.IsNewlyOwned
0xbb179114	Work/Confluence/PageInfo/HairBack027.pp__Confluence__PageInfo.gyml
0xbb180031	BoiledEgg
0xbb1de21a	Group_Event0017
0xbb1f945e	Mii.Belongings.RoomStyleInfo.Flag.StarPrint00
0xbb204f74	Player.InteriorRoomStyleInfo.Party04
0xbb238673	Work/Data/ClothModelParam/ClothTopsCoatHalfRestaurant.data__ClothModelParam.gyml
0xbb27d2f6	Heaven00
0xbb27de15	Mii.Belongings.HabitOwnInfo.VoiceSmall.IsOwn
0xbb27fac9	Work/Data/ClothModelParam/ClothHeadwearCoverCatcher.data__ClothModelParam.gyml
0xbb2803af	Player.InteriorRoomStyleInfo.Halloween00.State
0xbb2b8d7c	BrushBronze
0xbb2e5768	Work/Data/ClothParam/ClothBottomsSkirtLongDenimMaxi.data__ClothParam.gyml
0xbb2eae54	Player.GoodsInfo2.BookLove.State
0xbb431b75	Work/Data/CoordinateClothInfo/Coordinate0151.data__CoordinateClothInfo.gyml
0xbb449b1e	Player.InteriorRoomStyleInfo.StainedGlass02.InformedNewRelease
0xbb44f19a	SeasonUnlockSummer
0xbb4b5625	LDKFurnitureColorVariation
0xbb4b66de	Work/Data/CoordinateAttribute/Coordinate0013.data__CoordinateAttribute.gyml
0xbb4efeec	TreasureGoods_Pet_House_Room_raw
0xbb5360f4	MiiEventStringId
0xbb54e4a4	FocusLeadingToMiiByPickUpCount
0xbb56c254	Player.GoodsInfo2.MirrorBall.OwnNum
0xbb5a5b23	Player.GoodsInfo2.Document
0xbb5bb0c8	Player.LastTipsIndex
0xbb5e235c	Player.InteriorRoomStyleInfo.Fantasy02.KeyHash
0xbb5fbf33	Player.InteriorRoomStyleInfo.MonitorRoom00.IsNewlyOwned
0xbb60d0d5	Work/Mii/EyeAccessoryParam/Eye037.mii__EyeAccessoryParam.gyml
0xbb6467ee	Player.HabitInfo2.StandStraight.State
0xbb6625d4	ClothTopsYshirtSleevelessTurtleneckKnit
0xbb6c1435	Mii.Belongings.RoomStyleInfo.Flag.Dinosaur00
0xbb6d9ce0	Player.GoodsInfo2.CallBell.State
0xbb6fc35c	Unnoticed
0xbb71e1b7	LvUPGoods_NotePC_House_Room_raw
0xbb733402	Work/Confluence/PageInfo/HairParts023.pp__Confluence__PageInfo.gyml
0xbb74e982	ContentMii
0xbb758795	Work/Data/ClothModelParam/ClothHeadwearHatSailor.data__ClothModelParam.gyml
0xbb78ce0c	NoGroup_Event0034CH
0xbb78f0f1	ClothTopslongUgcAlineSleeveless
0xbb81881b	Player.GoodsInfo2.BlackTipReefShark.IsNewlyOwned
0xbb84b140	Work/Confluence/PageInfo/HairAll017.pp__Confluence__PageInfo.gyml
0xbb8bc83c	ReplicaSwordSchoolLDK
0xbb93e607	Player.InteriorRoomStyleInfo.Lace01.OwnNum
0xbb9c0345	LvUPGoods_Knitting_Outdoor_raw
0xbb9db475	SunglassesType
0xbba00276	ItemStickWood
0xbba0f1e5	Work/Data/ClothModelParam/ClothShoesBootsLongEngineer.data__ClothModelParam.gyml
0xbba246a3	House.RoomStyleInfo.Flag.Sloppy01
0xbba65299	ToIslandEditObjePosition
0xbba9c090	Player.LastDonationGameTime
0xbbaa5e97	Work/Data/ClothModelParam/ClothTopsYshirtLongFlannel.data__ClothModelParam.gyml
0xbbb5439b	Player.InteriorRoomStyleInfo.Log00.LastObtainedSec
0xbbb8c7f6	Player.InteriorRoomStyleInfo.DropCurtain00.InformedNewRelease
0xbbbb0be3	MapObjectMisc
0xbbbe1752	ClothHeadwearFullmaskLucha
0xbbbe362e	Mii.Belongings.HabitOwnInfo.StandRestless
0xbbbf9e76	EmotionTelopChatSecretSitOnTheGround
0xbbbff17d	Work/Confluence/PageInfo/HairAll086.pp__Confluence__PageInfo.gyml
0xbbc2a850	TravelPosEdgeRight4
0xbbc5104f	Player.GoodsInfo2.9VDryBattery
0xbbc73fe6	Work/Component/DestinationInfo/ObjVendingMachine.actor__DestinationInfo.gyml
0xbbc90d7b	ObjKitchen00_Cupboard
0xbbc98bde	Player.GoodsInfo2.SolarPanel.IsNewlyOwned
0xbbd4de78	Work/Confluence/PageInfo/HairAll051.pp__Confluence__PageInfo.gyml
0xbbd747a0	Player.InteriorRoomStyleInfo.Camouflage01
0xbbddf314	Work/Data/ClothParam/ClothAllCostumeLongPumpkin.data__ClothParam.gyml
0xbbe281fb	Work/Data/ClothModelParam/ClothShoesPumpsZebra.data__ClothModelParam.gyml
0xbbe31615	Like
0xbbe60928	Mii.Belongings.RoomStyleInfo.Flag.HoneycombTile01
0xbbe78775	Mii.Belongings.HabitOwnInfo.BreakGas.IsOwn
0xbbee3110	ClothAccessoryNeckWoodBeads
0xbbee69f3	ObjShowerOutdoor_04
0xbbf36df8	House.RoomStyleInfo.Flag.Japanese03
0xbbf739d5	Mii.Belongings.RoomStyleInfo.Flag.SF01
0xbbf8a4cc	Mii.Belongings.RoomStyleInfo.Flag.Gym00
0xbbfb7207	Work/Data/ClothParam/ClothTopslongKimonoLongKinagashi.data__ClothParam.gyml
0xbbfde522	Player.GoodsInfo2.BigPot.OwnNum
0xbc170686	Communicate015
0xbc170b47	Place_MapObj_Bench
0xbc1e0df2	Work/Data/CoordinateClothInfo/Coordinate0330.data__CoordinateClothInfo.gyml
0xbc21e34f	House.UgcExteriorOwnInfo
0xbc292e52	Player.InteriorRoomStyleInfo.Train01.State
0xbc2c6d1c	Player.InteriorRoomStyleInfo.Otaku04
0xbc2fe825	UGC.SuspendData.UgcInteriorMaterialType
0xbc31c6e0	ClothTopslongDressSleevelessWedding
0xbc333e4d	Player.HabitInfo2.StandShakeHip.State
0xbc339dc4	Player.GoodsInfo2.Beetle
0xbc3e0de9	Work/Data/ClothParam/ClothSocksKneeSocks.data__ClothParam.gyml
0xbc44006f	DemoPR000004
0xbc454940	StyleGroup_Beach00
0xbc457284	ClothShoesBootsShortSideGore
0xbc4b3b59	Player.GoodsInfo2.CDJazz.IsNewlyOwned
0xbc4d79ba	Player.GoodsInfo2.Lure.LastObtainedSec
0xbc54d2dd	Work/Mii/EyeAccessoryParam/Eye044.mii__EyeAccessoryParam.gyml
0xbc586477	ObjFlowerpot
0xbc5a25a8	Childcare.Pending.HabitOwnInfo.GetAngryTypeBrightly
0xbc5a3502	ToMyRoomCenter
0xbc5a7541	Mii.Belongings.HabitOwnInfo.EatCrisp.State
0xbc5c34ed	ClothShoesPointedWooden
0xbc5fef7c	Obtained
0xbc676565	Player.InteriorRoomStyleInfo.Heart02.LastObtainedSec
0xbc6cef0d	BirthdayInfo
0xbc6d99a0	Ear
0xbc71ca48	Player.InteriorRoomStyleInfo.Nobility02.LastObtainedSec
0xbc720bab	Childcare.Pending.HabitOwnInfo.StandStraight.IsChecked
0xbc724959	Work/Data/ClothParam/ClothHeadwearHatUgcCap.data__ClothParam.gyml
0xbc79470b	Coordinate0190
0xbc7d7e30	UGC.MapObject.UgcMapObjectType
0xbc7e6b76	Childcare.Pending.HabitOwnInfo.StandToeOut.IsOwn
0xbc8304a9	Cs
0xbc85ac23	Player.TroubleInfo.KeyHash
0xbc8d5840	HairTailShapeTwin
0xbc8fede9	ObjCountry00_KitchenToolA
0xbc956913	Fuwafuwa
0xbc99c04b	Player.InteriorRoomStyleInfo.Pirate00.LastObtainedSec
0xbc9d609a	Player.InteriorRoomStyleInfo.BigFlower00
0xbca2f66e	Work/Data/ClothModelParam/ClothHeadwearCostumeCow.data__ClothModelParam.gyml
0xbca40f6d	Player.InteriorRoomStyleInfo.Rain00.LastObtainedSec
0xbca4ddeb	UGC.FacePaint.IsEmissionNightOnly
0xbca5298f	Work/Confluence/PageInfo/HairAllLegacy086.pp__Confluence__PageInfo.gyml
0xbca530ac	Country00
0xbca59232	Player.GoodsInfo2.BookhHistorical.OwnNum
0xbcb66a6e	ClothAccessoryBackMusicalNote
0xbcb8d3ea	LyingBed
0xbcbd52aa	Work/Data/ClothModelParam/ClothHeadwearHatSoftcream.data__ClothModelParam.gyml
0xbcbf16d6	Goods_All
0xbcc0c303	Player.GoodsInfo2.Guitar
0xbcc31ee8	ClothAllMascotLongBear
0xbcc97b86	Player.GoodsInfo2.WindUpTeeth
0xbcca796d	TreasureGoods_Book_House_Room_raw
0xbccc7fce	Work/Mii/EyeAccessoryParam/Eye051.mii__EyeAccessoryParam.gyml
0xbccfc1e9	Player.HabitInfo2.EatCute
0xbccfcd0f	HostIOUgcBc1_Bc3SRGB
0xbcd5e3a3	Work/Data/ClothParam/ClothTopslongBoxDressLongRagged.data__ClothParam.gyml
0xbcd73fc3	Childcare.Pending.HabitOwnInfo.GreetingMacho.IsOwn
0xbcd819e6	Work/Data/ClothParam/ClothTopsYshirtLongRugger.data__ClothParam.gyml
0xbcdd0e42	Player.GoodsInfo2.OliveSoap.State
0xbce85238	Player.GoodsInfo2.BookSelfDevelopment.IsNewlyOwned
0xbceaf55a	Player.InteriorRoomStyleInfo.Wedding00
0xbcebf9e5	Player.HabitInfo2.WalkUneasily.OwnNum
0xbcedfd1c	Player.GoodsInfo2.BookPicture.State
0xbcee48d1	Player.InteriorRoomStyleInfo.WesternStyle06.KeyHash
0xbcf0a82b	ObjBell_02
0xbcf0e89d	Player.GoodsInfo2.CDAnimeSong.IsNewlyOwned
0xbcf317fd	Player.InteriorRoomStyleInfo.Nobility01.FirstObtainedSec
0xbcf7a670	Unlock.ShopPaidMoneyBuildingFacility
0xbcf86e65	Lover_Partner_NotFight
0xbcf88e20	House.RoomSettings.OverrideFloorUgcHash
0xbd00bc23	EmotionTelopChatDarkSitOnTableBench
0xbd0a8b97	Player.GoodsInfo2.BeardedDragon.LastObtainedSec
0xbd0ba67b	Player.GoodsInfo2.ExpensivePot.OwnNum
0xbd0d09d7	ColorIndex
0xbd0dc176	Trouble_DatePlace_Failure
0xbd0ee1b2	Work/Data/CoordinateAttribute/Coordinate0027.data__CoordinateAttribute.gyml
0xbd10f23d	ClothAccessoryWaistCat
0xbd121bf7	Trouble_FriendUgc_Failure
0xbd138874	Player.InteriorRoomStyleInfo.LightStick03.State
0xbd23a855	Mii.Belongings.HabitOwnInfo.GreetingMacho.State
0xbd2464f0	TroubleGiveUpOneSideLoveGenerateMin
0xbd24df97	Player.InteriorRoomStyleInfo.WesternStyle03.InformedNewRelease
0xbd272f23	Trouble_LoverWanted_Success
0xbd2acdc2	ObjFenceIron_02
0xbd2dff83	TargetMiiIndex
0xbd33319b	Childcare.Pending.HabitOwnInfo.FaceCloseEyes.State
0xbd3723c2	TreasureMovieEmotionTelopChatNoFeaturesAtRoom
0xbd3a032f	Player.GoodsInfo2.Ghost.OwnNum
0xbd3a2655	Mii.Belongings.HabitOwnInfo.ExpressionLess.IsChecked
0xbd42e331	Work/Component/DestinationInfo/RoomRefrigerator.actor__DestinationInfo.gyml
0xbd49715a	Stuffed02
0xbd4f6469	UGC.MapFloor.LastObtainedSec
0xbd519eff	Player.InteriorRoomStyleInfo.LockerRoom02.LastObtainedSec
0xbd57db34	Voice_Gloomy_PitchShift
0xbd5c0225	FacilityFerrisWheel_AllSpace
0xbd5deafe	Work/Component/DestinationInfo/SystemCape.actor__DestinationInfo.gyml
0xbd65ba7a	DailyLog.Minigame
0xbd6d2207	Player.InteriorRoomStyleInfo.Stuffed03.IsNewlyOwned
0xbd6d8184	MiiEvent_Event0000
0xbd6e0b90	SystemSeaside_BeachEdge
0xbd730f39	TreasureAnythingEmotionTelopChatDifficultSitOnTheGround
0xbd754ebd	CounterMii
0xbd7a7c13	Work/Data/ClothParam/ClothTopsYshirtLongCA.data__ClothParam.gyml
0xbd84d212	EmotionTelopChatSadSitKnittingOnFountain
0xbd85c923	MeterUpOneSideLove
0xbd8639ef	ItemTeaCupBig
0xbd8c4da1	Player.HowToCallName
0xbd8d567c	Player.HabitInfo2.WalkSwagger
0xbd8f77ce	Player.InteriorRoomStyleInfo.GardenWedding00.InformedNewRelease
0xbd906b0b	Player.GoodsInfo2.BrushPlatinum.LastObtainedSec
0xbd9102db	Work/Data/ClothModelParam/ClothBottomsSkirtLongTiered.data__ClothModelParam.gyml
0xbd990169	Work/Confluence/PageInfo/HairBack034.pp__Confluence__PageInfo.gyml
0xbda6916e	Player.InteriorRoomStyleInfo.WesternStyle04.LastObtainedSec
0xbdb7fba3	Work/Data/ClothModelParam/ClothHeadwearHatTiedye.data__ClothModelParam.gyml
0xbdb8b989	Event0012FL
0xbdc0bd7a	Work/Data/ClothParam/ClothTopslongAlongHalfLace.data__ClothParam.gyml
0xbdc132b9	Player.GoodsInfo2.ElectronicSubstrate.IsNewlyOwned
0xbdc6d1eb	TreasureGameEmotionTelopChatNoFeaturesAtLivingFloor
0xbdc755b7	Childcare.Pending.HabitOwnInfo.FaceSmile.State
0xbdc7871a	Player.InteriorRoomStyleInfo.Dog00.FirstObtainedSec
0xbdc82ff7	Work/Data/CoordinateClothInfo/Coordinate0272.data__CoordinateClothInfo.gyml
0xbdcf6a0a	Mii.Belongings.HabitOwnInfo.StomachSmall.State
0xbdd66db4	ObjPinwheel_04
0xbdd674dc	EUes
0xbdd9c3a5	ObjAsianResort00_Ceiling
0xbddb29bd	Work/Data/ClothModelParam/ClothBottomsPantsLongCropped.data__ClothModelParam.gyml
0xbddb2b7e	UgcGoods04
0xbddb8921	Work/Data/ClothParam/ClothHeadwearCostumeHen.data__ClothParam.gyml
0xbdde2baa	Nose
0xbde99be2	Work/Data/ClothParam/ClothShoesBootsLongSamuraiProtection.data__ClothParam.gyml
0xbdecc799	Work/Data/ClothModelParam/ClothBottomsSkirtBoxFrontButton.data__ClothModelParam.gyml
0xbdee3f6c	Work/Data/ClothParam/ClothTopslongOverallLongNinja.data__ClothParam.gyml
0xbdf23ad0	ClothSocksKneeSocksRainbow
0xbdf77db9	Mii.Belongings.RoomStyleInfo.Flag.Wedding01
0xbdfa8171	Mii.Belongings.HabitOwnInfo.StandHandsFront.IsChecked
0xbdfc963d	Player.InteriorRoomStyleInfo.Wedding00.LastObtainedSec
0xbdfd0f5e	Player.GoodsInfo2.9VDryBattery.LastObtainedSec
0xbdfd1788	Player.GoodsInfo2.Chipmunk.LastObtainedSec
0xbdff9b4f	Work/Data/ClothParam/ClothTopsYshirtSleevelessSimple.data__ClothParam.gyml
0xbe03ee53	EmotionTelopChatSurpriseSitOnTheHouseDeck
0xbe07f16f	Work/Data/Destination/ActionArea/FacilityAtelier_Front.data__destination__ActionArea.gyml
0xbe1a7db5	House.RoomStyleInfo.Flag.Minimul04
0xbe1d322f	EatFullness
0xbe210580	Trouble_Cloth_Success
0xbe2a255e	Mii.Belongings.HabitOwnInfo.GreetingTypeNoting.State
0xbe33c3bb	House.RoomStyleInfo.Flag.StarPrint02
0xbe394547	Player.GoodsInfo2.MakeupBox.OwnNum
0xbe3cf749	News.ASVariation
0xbe3fc1f2	Misc_ChatFree_House
0xbe40a78c	Work/Data/ClothParam/ClothBottomsSkirtBoxMini.data__ClothParam.gyml
0xbe410073	Dot05
0xbe45eee2	Seesaw
0xbe511d30	CrownCap
0xbe55ab86	Goods04
0xbe5a67a1	Work/Data/CoordinateClothInfo/Coordinate0172.data__CoordinateClothInfo.gyml
0xbe5ece8d	Work/Data/ClothParam/ClothAccessoryNeckCamera.data__ClothParam.gyml
0xbe5f3835	Childcare.Pending.HabitOwnInfo.GreetingTypeNoting.IsOwn
0xbe698433	House.RoomStyleInfo.Flag.Heart04
0xbe69de49	Empty
0xbe6a6f60	Work/Data/ClothParam/ClothTopsYshirtLongMultipulVest.data__ClothParam.gyml
0xbe6bb739	Mii.Belongings.HabitOwnInfo.WalkToeOut.State
0xbe70d32c	Cage00
0xbe711399	Squatting
0xbe764a96	Player.InteriorRoomStyleInfo.SmallFlower04.KeyHash
0xbe768415	Player.InteriorRoomStyleInfo.Labo00.FirstObtainedSec
0xbe791e72	ClothHeadwearCostumeFish
0xbe85adbf	Work/Data/ClothParam/ClothHeadwearHatRhinestone.data__ClothParam.gyml
0xbe898fdc	Player.GoodsInfo2.ToiletPaper.OwnNum
0xbe8a1382	Player.GoodsInfo2.Tuna
0xbe8e39ac	Player.PhotoStudioUnlockFlag
0xbe8ed847	Work/Data/ClothModelParam/ClothAccessoryBackGuitarCase.data__ClothModelParam.gyml
0xbe8f50fa	Player.GoodsInfo2.Ruby.OwnNum
0xbe928fc0	Work/Data/CoordinateAttribute/Coordinate0187.data__CoordinateAttribute.gyml
0xbe992cbe	UGC.Interior.IsEdit
0xbe9af89b	TravelPosHoneymoonRight
0xbe9d8136	Player.InteriorRoomStyleInfo.Cute00.LastObtainedSec
0xbea19833	Work/Data/ClothParam/ClothAllMascotLongCat.data__ClothParam.gyml
0xbea6b10a	Player.GoodsInfo2.CDPopMusic
0xbea8b859	UGC.Cloth.PlayerNameRegionLanguageID
0xbeacc825	Work/Data/ClothParam/ClothTopsYshirtLongGakuran.data__ClothParam.gyml
0xbeade90d	Work/Data/ClothParam/ClothBottomsBloomersDot.data__ClothParam.gyml
0xbeae891a	LastTalkGameTime
0xbeb2106a	Player.InteriorRoomStyleInfo.MultiDot00.IsNewlyOwned
0xbeb5dba2	MiiEvent_DashClashFallInLoveFirstSightChange
0xbebad567	ClothHeadwearCostumeStagBeetle
0xbebc8b9b	Player.GoodsInfo2.Dog.LastObtainedSec
0xbec2e188	Player.InteriorRoomStyleInfo.HoneycombTile02.OwnNum
0xbec7e996	TreasureAnythingEmotionTelopChatScarySitOnTheGround
0xbec9013a	Player.GoodsInfo2.AmethystDome
0xbecbbf0d	Misc_EmotionTelopChatDiningTable
0xbecdda2a	Work/Data/ClothModelParam/ClothAllMascotLongAstronaut.data__ClothModelParam.gyml
0xbed1fb1a	Work/Data/ClothModelParam/ClothAccessoryBackLight.data__ClothModelParam.gyml
0xbed7a9ea	ObjectLookType
0xbed869d5	Player.InteriorRoomStyleInfo.SmallFlower01
0xbedf1206	Player.InteriorRoomStyleInfo.MultiDot03.IsNewlyOwned
0xbedfd065	ToAfSourcePlusMinusDegree
0xbee11f41	EmotionTelopChatLaughGuitarShow
0xbee1be8f	Player.GoodsInfo2.VacuumTube
0xbee53e16	MultiDot02
0xbee5c3de	On
0xbee82377	Player.GoodsInfo2.Knob.State
0xbeee00d3	Work/Data/ClothModelParam/ClothBottomsPantsLongRoomWear.data__ClothModelParam.gyml
0xbeeea4c2	TreasureGameEmotionTelopChatNoveltySitOnTheHouseDeck
0xbef767ca	IntroductionFirstFriend
0xbef7ba89	DemoDM104033
0xbef8223b	FacePaintIndex
0xbf03697a	FacilityInteriorShop_Front
0xbf03dea1	ClothShoesSneakerMoccasin
0xbf05bd6f	StyleGroup_Jail00
0xbf075351	Player.GoodsInfo2.OneEarphoneIsMisissing.OwnNum
0xbf0974f2	CrystalBall
0xbf0e68ab	FocusLeadingToMiiCount
0xbf139b42	DonationBoxRight
0xbf1600e6	UGC.FacePaint.LastObtainedSec
0xbf1f15dd	Relation_FriendAndMore_Outdoor
0xbf2ddad0	Player.InteriorRoomStyleInfo.Galaxy00.InformedNewRelease
0xbf324f75	Work/Data/ClothParam/ClothTopsTshirtHalfBoxLogo.data__ClothParam.gyml
0xbf33a618	ClothShoesStandardStripeSlipon
0xbf3432e6	DailyLog.InnerRoomChangeCount
0xbf36da3a	Player.InteriorRoomStyleInfo.Cute00.State
0xbf3e31a9	Midcentury00
0xbf442772	Group_DropFromTree
0xbf48bc95	Mii.Belongings.RoomStyleInfo.Flag.SF03
0xbf4abc10	Player.CoordinateInfo.OwnInfoArray.OwnNum
0xbf4d3c8b	Work/Data/ClothModelParam/ClothTopsTshirtHalfCamisoleTshirt.data__ClothModelParam.gyml
0xbf50c6bd	Coordinate0179
0xbf51fd74	ClothTopsOuterLongNordicSweater
0xbf5278a8	Relaxing
0xbf540812	Whole
0xbf54b785	ObjGrandlight_07
0xbf5a4d74	Event0030CH2
0xbf5ab983	Work/Confluence/PageInfo/HairAll061.pp__Confluence__PageInfo.gyml
0xbf5ca987	House.RoomStyleInfo.Flag.Brick00
0xbf5fdd1b	FacilityItemShopRecord
0xbf6699b4	Player.InteriorRoomStyleInfo.Dilapidated00
0xbf68033f	SittingInRestaurantBoxSeat
0xbf6bb2f4	Work/Data/ClothModelParam/ClothHeadwearMaskKatrina.data__ClothModelParam.gyml
0xbf700b13	ClothTopslongBoxDressLongKandoora
0xbf72663f	ObjBenchTerrace_03
0xbf7955db	Work/Data/ClothParam/ClothTopslongOverallSleevelessSamba.data__ClothParam.gyml
0xbf7b49dc	DemoDM104090
0xbf82b489	FightSuccess
0xbf876b3d	Player.InteriorRoomStyleInfo.Heart03.InformedNewRelease
0xbf8e327a	Work/Data/ClothModelParam/ClothAllCostumeLongPineapple.data__ClothModelParam.gyml
0xbf906109	Player.InteriorRoomStyleInfo.WoodBoard06.LastObtainedSec
0xbf91b9f3	Work/Data/CoordinateAttribute/Coordinate0220.data__CoordinateAttribute.gyml
0xbf932755	Player.InteriorRoomStyleInfo.SmallFlower03.OwnNum
0xbf959c8b	Work/Data/CoordinateClothInfo/Coordinate0318.data__CoordinateClothInfo.gyml
0xbf9889c4	Mii.Trouble.Info.TargetCoordinateId
0xbf9c9740	Work/Component/DestinationInfo/ObjTableBench.actor__DestinationInfo.gyml
0xbf9d5db1	Work/Data/CoordinateAttribute/Coordinate0054.data__CoordinateAttribute.gyml
0xbf9dd2e3	Branch_Target1_Another1
0xbfa2289f	Glass
0xbfa3ca56	ClothHeadwearCostumeNinja
0xbfa5346f	HoneycombTile02
0xbfa53e78	Player.InteriorRoomStyleInfo.Heart00.IsNewlyOwned
0xbfa81e2e	Frog
0xbfa85d83	Group_Event0048
0xbfa994cd	Player.InteriorRoomStyleInfo.StainedGlass02.LastObtainedSec
0xbfaa6fd3	Player.GoodsInfo2.VenetianGlass.OwnNum
0xbfaace07	Work/Data/ClothParam/ClothShoesBootsLongPunk.data__ClothParam.gyml
0xbfb15001	Childcare.Pending.HabitOwnInfo.GreetingHeadOnly
0xbfb54afd	Work/Data/ClothParam/ClothSocksRunning.data__ClothParam.gyml
0xbfb6d30f	Player.InteriorRoomStyleInfo.Wedding02.LastObtainedSec
0xbfb80fbf	Player.InteriorRoomStyleInfo.HoneycombTile01.InformedNewRelease
0xbfc48f37	Work/Data/ClothModelParam/ClothHeadwearCostumeBird.data__ClothModelParam.gyml
0xbfca2c50	Plus2
0xbfcb2b9d	ClothHeadwearGlassFlower
0xbfcc62d9	House.RoomStyleInfo.Flag.Minimul03
0xbfcd21d2	Event0024CH
0xbfd94590	Work/Data/ClothModelParam/ClothBottomsSkirtMiniStrap.data__ClothModelParam.gyml
0xbfe06b02	Work/Confluence/PageInfo/HairAll027.pp__Confluence__PageInfo.gyml
0xbfe3a896	ImportHeadwearId
0xbfe96132	GameRoleplaying
0xbfed389c	Childcare.Pending.HabitOwnInfo.StandRestless.IsChecked
0xbfedb308	Player.InteriorRoomStyleInfo.Book01
0xbfee22bd	Player.InteriorRoomStyleInfo.Jungle00.State
0xbff06151	Player.InteriorRoomStyleInfo.SmallFlower05
0xbff29472	UGC.Goods.DVDSound
0xbff40465	ClothTopsTshirtHalfSoccer
0xbff45082	NextIndex
0xbff4945a	ClothTopslongBoxDressSleevelessBathTowel
0xbffdcb07	Work/Confluence/PageInfo/HairBack009.pp__Confluence__PageInfo.gyml
0xc0001a7f	Work/Data/ClothParam/ClothTopsCoatHalfRestaurant.data__ClothParam.gyml
0xc00377a8	Work/Data/ClothModelParam/ClothTopsTshirtSleevelessBorder.data__ClothModelParam.gyml
0xc00c97df	UnderConstruction
0xc00e2a7a	FaceSmug
0xc00ee47a	Effect_07
0xc0105ad8	Mii00
0xc018ca8b	RoommateGroupName
0xc0200804	Player.GoodsInfo2.GoldBar.State
0xc022c1ae	Mii.MiiMisc.EatInfo.GivenUgcFlag
0xc03a710a	DemoChatHouseTable00
0xc03c8d07	DVDShopping
0xc03d873b	Work/Data/Destination/DemoArea/FacilityInteriorShop_FrontAllSpace.data__destination__DemoArea.gyml
0xc03f6678	Yellow
0xc040a2c5	PlayerBirthdaySong
0xc0494a2d	Player.InteriorRoomStyleInfo.Stage00.IsNewlyOwned
0xc0498f59	NoGroup_Event0013CH
0xc04ce64d	Work/Data/ClothParam/ClothBottomsSkirtLongLeopard.data__ClothParam.gyml
0xc04e1ca0	Player.GoodsInfo2.SeaUrchinBone.IsNewlyOwned
0xc0529e53	Mii.MiiMisc.ClothInfo.Shoes.ColorIndex
0xc055a0c8	ContentUgcBc1
0xc05e1c5b	Player.GoodsInfo2.Easel.LastObtainedSec
0xc0654ba1	Work/Data/ClothModelParam/ClothTopsOuterLongArmPrint.data__ClothModelParam.gyml
0xc06ef4f1	ItemFork
0xc072a8b1	Work/Data/CoordinateAttribute/Coordinate0003.data__CoordinateAttribute.gyml
0xc07b97b8	DemoPR000017
0xc081e4bf	Work/Data/ClothModelParam/ClothShoesPumpsSimple.data__ClothModelParam.gyml
0xc08678a1	Work/Data/ClothParam/ClothBottomsUgcSkirtLong.data__ClothParam.gyml
0xc08799e9	TreasureGoods_Book_Sitting_House
0xc08adcd3	SpecialSaleEndTime
0xc08fbf72	GroupKarateClassLDK
0xc090df1d	Trouble_CoolDownOneSideLove_Failure
0xc097ee29	EmotionTelopChatDateWalkingRelaxGroundLight
0xc09864b9	ItemJuice_02
0xc0994b9f	Childcare.Pending.WordInfo.WordArray.WordRegionLanguageID
0xc099fd46	ClothTopsYshirtHalfMultiBorderPolo
0xc09c0386	Mii.Belongings.HabitOwnInfo.EatSecretly.IsChecked
0xc09eb95d	EmotionTelopChatDarkSitOnDiningTable
0xc0a5ebe5	Childcare.Pending.WordInfo
0xc0a6c046	UGC.Goods.PetVoiceType
0xc0a6e065	Player.InteriorRoomStyleInfo.WesternStyle03.FirstObtainedSec
0xc0b24cbc	Player.InteriorRoomStyleInfo.Fantasy02.InformedNewRelease
0xc0b2d7fe	Mii.MiiMisc.SatisfyInfo.LastMiiTouchGameTime
0xc0b34f55	Work/Data/ClothParam/ClothHeadwearHatDetectives.data__ClothParam.gyml
0xc0b7954b	HoneycombTile01
0xc0bd20e3	TreasureBookEmotionTelopChatScaryAtRoom
0xc0c297ab	Player.InteriorRoomStyleInfo.Game01.FirstObtainedSec
0xc0c42c18	Achievement
0xc0c6e99f	Work/Data/ClothParam/ClothShoesSandalShower.data__ClothParam.gyml
0xc0c7cb2e	Player.InteriorRoomStyleInfo.Galaxy00.State
0xc0c911aa	Player.HabitInfo2.FaceWink.LastObtainedSec
0xc0cc2dd4	Work/Data/CoordinateClothInfo/Coordinate0333.data__CoordinateClothInfo.gyml
0xc0ce5c31	ClothBottomsPantsLongMonpe
0xc0d79b50	TroubleSeparateSuccess
0xc0da0575	Player.InteriorRoomStyleInfo.MultiDot02.IsNewlyOwned
0xc0dd5474	Piman
0xc0dda19b	Player.GoodsInfo2.PigPiggyBank.IsNewlyOwned
0xc0de48ac	Player.GoodsInfo2.GameHorror.IsNewlyOwned
0xc0de537a	Girl
0xc0e72ed8	News.CasterMii.ClothStyle
0xc0eef3ca	ResolvedAccidentCount
0xc0f11ddf	Player.GoodsInfo2.CDClassic.IsNewlyOwned
0xc0f43d8d	TrophySilver
0xc0f4f717	Childcare.Pending.HabitOwnInfo.TakeItOutOnObject
0xc0f5e40b	Player.InteriorRoomStyleInfo.LightStick06.InformedNewRelease
0xc0f85737	Mii.Belongings.RoomStyleInfo.Flag.LightStick03
0xc0f8f742	EnterFacilityTower
0xc0ff8746	UGC.Exterior.NetworkUuid
0xc104e715	Player.GoodsInfo2.DarumaDrop
0xc1094d9f	Mii.MiiMisc.ClothInfo.Accessory.KeyHash
0xc10d1b9f	Fsm
0xc10e2cde	ItemWedding00_Arch
0xc10e8efd	Wear
0xc110ede0	Trouble_Cloth2Quiet_Failure
0xc115caa3	Work/Data/ClothModelParam/ClothHeadwearCoverBeanie.data__ClothModelParam.gyml
0xc1175f4b	Work/Data/ClothParam/ClothHeadwearMaskAnimal.data__ClothParam.gyml
0xc11776dd	IsTopsIn
0xc117ecc0	GivenUgcFlag
0xc118062c	Player.HabitInfo2.GreetingNoble.State
0xc11f0006	ClothSocksJacquard
0xc120c74e	Player.HabitInfo2.VoiceLoud.IsNewlyOwned
0xc121948f	TreasureGoods_Pet_Outdoor_NotChat_raw
0xc121b84a	IsEdit
0xc122b445	DailyLog
0xc12f0d40	InvitingGroupDemo_DemoDM104069
0xc12f1ea0	PantsM
0xc131680d	ClothBottomsSkirtBoxLong
0xc13a9f69	Trouble_IntroductionSecondHungry_Failure
0xc14490ea	Trouble_HungryAll1_Failure
0xc148d911	ItemParkDemoLight
0xc15115b6	ToiletPaper
0xc151eb19	Player.GoodsInfo2.Easel
0xc1524a7c	Work/Data/ClothParam/ClothTopsUnderwear.data__ClothParam.gyml
0xc1596808	Player.HabitInfo2.StandToeOut.IsNewlyOwned
0xc15d92d1	DVDSound
0xc15ec76a	EmotionTelopChatDateWalkingRelaxSitOnSofa
0xc15f3cca	Player.InteriorRoomStyleInfo.Triangle02.InformedNewRelease
0xc16033aa	Work/Confluence/PageInfo/HairAll031.pp__Confluence__PageInfo.gyml
0xc16036f2	Player.GoodsInfo2.MartianStone.State
0xc1661021	Player.InteriorRoomStyleInfo.Western00.IsNewlyOwned
0xc1676d01	Player.InteriorRoomStyleInfo.Japanese05.LastObtainedSec
0xc1723b45	Player.InteriorRoomStyleInfo.Nobility01.State
0xc173b5fe	NoGroup_Event0004FL
0xc1802d4f	ClothHeadwearCoverNightCap
0xc181d3e3	Mii.Belongings.HabitOwnInfo.FaceWink
0xc1829cad	Newlife04
0xc183d582	ClothTopsTshirtSleevelessSimpleCamisole
0xc18916ba	Player.InteriorRoomStyleInfo.Atelier00.IsNewlyOwned
0xc190d966	Spicy
0xc191ccac	ConfessionFailureGenerateRevenge
0xc19a3bf9	Player.InteriorRoomStyleInfo.SmallFlower05.IsNewlyOwned
0xc19b15c0	Player.InteriorRoomStyleInfo.WesternStyle00.State
0xc19da331	ClothSocksTightsColor
0xc1a3bde7	Player.GoodsInfo2.Tyrannosaurus
0xc1a4f915	Work/Data/ClothParam/ClothTopsTshirtHalfPocket.data__ClothParam.gyml
0xc1aaff9f	Mii.Belongings.RoomStyleInfo.Flag.DropCurtain00
0xc1b49625	Work/Data/CoordinateClothInfo/Coordinate0193.data__CoordinateClothInfo.gyml
0xc1b57e6b	RestaurantCutlery
0xc1baec0a	InteriorRoomStyleInfo
0xc1bc6fea	Player.HabitInfo2.GreetingNoble.LastObtainedSec
0xc1bcb3f6	ClothShoesSneakerHighTec
0xc1be25ea	Player.GoodsInfo2.Cashbox.State
0xc1beb7b0	JoggingTogether
0xc1c1dd59	ColorBox02
0xc1c26075	WesternStyle04
0xc1c4ed62	Work/Data/CoordinateClothInfo/Coordinate0136.data__CoordinateClothInfo.gyml
0xc1cfd407	Work/Data/CoordinateAttribute/Coordinate0014.data__CoordinateAttribute.gyml
0xc1d15ef9	Star00
0xc1d70e61	TreasureGoods_Book_Floor_Speech_Outdoor
0xc1d75a8c	Childcare.Pending.Name
0xc1de1263	Work/Data/ClothParam/ClothBottomsPantsLongBorder.data__ClothParam.gyml
0xc1e7e64b	StretchTogetherMyRoom
0xc1ea241c	Mii.Trouble.Info.TargetClothId
0xc1f85f39	ClothTopsTshirtLongCheckJacket
0xc1f903db	Player.InteriorRoomStyleInfo.Dot01.OwnNum
0xc1fc11a9	Work/Data/CoordinateAttribute/Coordinate0180.data__CoordinateAttribute.gyml
0xc1fd084c	Work/Mii/EyeAccessoryParam/Eye025.mii__EyeAccessoryParam.gyml
0xc1fd0e35	Player.InteriorRoomStyleInfo.Fruit02.IsNewlyOwned
0xc209058f	ObjFigure00_Desk
0xc20a3adb	MiiEvent_Event0012FL
0xc20e61d0	OthersN
0xc20fd174	CheerUpSuccessB
0xc2127374	Work/Data/ClothModelParam/ClothShoesBootsShortRibbon.data__ClothModelParam.gyml
0xc218d284	Morning-Afternoon
0xc2190f11	CounterObject
0xc21a0cd9	Player.InteriorRoomStyleInfo.Train01.FirstObtainedSec
0xc21aa0b4	BottleShip
0xc21aefd6	TreasureGoods_Anything_Outdoor_Deject
0xc21cdaaf	ClothTopsYshirtLongGilet
0xc2205614	Mii.Belongings.HabitOwnInfo.FaceSmug
0xc22509f6	Work/Data/ClothModelParam/ClothHeadwearOrnamentTopPuppet.data__ClothModelParam.gyml
0xc2253b1b	Player.InteriorRoomStyleInfo.Damask02.IsNewlyOwned
0xc226bba9	Bad
0xc231b294	Player.InteriorRoomStyleInfo.Stuffed00.State
0xc237f198	ObjChristmas00_Chair
0xc2397f74	Player.InteriorRoomStyleInfo.SF04
0xc23d6dfa	Work/Data/CoordinateClothInfo/Coordinate0186.data__CoordinateClothInfo.gyml
0xc23ed6bc	ClothHeadwearOrnamentSideBijou
0xc2402eab	Childcare.Pending.HabitOwnInfo.UntidySleeper.State
0xc2412dc5	DemoInviteInsuranceALL
0xc2443b5c	Antique04
0xc247b8ac	Work/Data/Destination/DemoArea/FacilityTower_Entrance.data__destination__DemoArea.gyml
0xc24cbe60	Player.InteriorRoomStyleInfo.SmallFlower01.KeyHash
0xc2515a84	Work/Data/ClothParam/ClothHeadwearHatDress.data__ClothParam.gyml
0xc25519e9	Player.InteriorRoomStyleInfo.Dinosaur00
0xc2559d49	ImmediatelyEmptyHands
0xc25a409a	Player.InteriorRoomStyleInfo.MovingBox01.State
0xc25a4571	Introduction.LectureInfo.IsCompleted
0xc25c99fc	StretchTogetherLDK
0xc25e4d35	UGC.Editor.Setting
0xc2601f9e	House.RoomStyleInfo.Flag.Asianresort01
0xc26201b6	Player.SpecialSaleEndTime
0xc2642dcd	Mii.Belongings.RoomStyleInfo.Flag.Stage00
0xc2643a5b	UnderSea
0xc26b2f97	ClothHeadwearGlassGoggle
0xc278ed3e	TreasureAnythingEmotionTelopChatImpressedAtLivingFloorSpeech
0xc27a6fe2	Player.HabitInfo2.FaceSmile.LastObtainedSec
0xc2842ae9	LvUPGoods_Training_PushUpSitUp_Outdoor
0xc285392c	AllGrid
0xc28ce29d	ObjFlowerNarcissus
0xc28e7e98	HouseDollHouseWashRoomWindowIcon
0xc293075c	TreasureBookEmotionTelopChatNoFeaturesSpeech
0xc29fb537	ClothAllBodySuitLongBallet
0xc29fc39c	Childcare.Pending.HabitOwnInfo.EatCarefully.State
0xc2a3be91	Player.InteriorRoomStyleInfo.Office01.State
0xc2a901dc	Work/Data/CoordinateAttribute/Coordinate0123.data__CoordinateAttribute.gyml
0xc2b3543d	Player.ItemShopDisplayItem
0xc2bf09df	Chick
0xc2bff8e4	Newlife02
0xc2cc373e	MaracasSessionHere
0xc2cd5d6a	Player.GoodsInfo2.StoneSpecimen.LastObtainedSec
0xc2cfb799	Mii.Belongings.RoomStyleInfo.Flag.Garage05
0xc2d067a7	Couple
0xc2db3a72	Relation.Info.IsFight
0xc2de7058	EmotionTelopChatSecretNotePCSpeechAtLivingFloor
0xc2dff140	Work/Data/ClothParam/ClothSocksDefault.data__ClothParam.gyml
0xc2e1081a	Work/Data/CoordinateClothInfo/Coordinate0296.data__CoordinateClothInfo.gyml
0xc2e21393	News.ContentMii.MiiIndex
0xc2e3b2ed	Player.HabitInfo2.StandPutsGlasses
0xc2e5d02a	Work/Data/ClothParam/ClothAllPlumpLongPierrot.data__ClothParam.gyml
0xc2e5decf	Trouble_IntroductionFirstFriend_Failure
0xc2e97660	ClothTopsTshirtLongPajama
0xc2ec6986	MiiEvent_DashClashFallInLoveFirstSight3
0xc2f3081d	ObjBeachParasol_04
0xc2f69583	SF03
0xc2f6a4ca	Childcare.Pending.HabitOwnInfo.GreetingVitality
0xc2f7e08f	Player.InteriorRoomStyleInfo.Lace04.FirstObtainedSec
0xc2fdfc25	House.RoomStyleInfo.Flag.Lace03
0xc3011831	AnimalFlowerpot
0xc306aabd	Player.GoodsInfo2.GlitterBeads.State
0xc308613f	Player.GoodsInfo2.PlasterFigure.LastObtainedSec
0xc309e59d	Discovery
0xc30b0466	Childcare.Pending.HabitOwnInfo.GetAngryTypeRegretfulTears.IsChecked
0xc30b2702	DemoPR000117
0xc30b94d4	Player.InteriorRoomStyleInfo.Japanese03.FirstObtainedSec
0xc3112e93	Flying
0xc311c16e	ItemSloppy00_Bottle
0xc31aef0b	Event0040CH2
0xc323032c	Normal-Good-Careless-Irritate
0xc324b646	Player.HabitInfo2.EatSmell.State
0xc3270bb4	Misc_ChatFree_Chat_Outdoor
0xc327e82a	ClothTopsYshirtLongOffice
0xc3292e34	ObjBaby00_RockingHorse
0xc330f52f	WoodBoard03
0xc3323c2d	Gaiety
0xc335a944	BaseBall
0xc336d8c4	Work/Data/ClothParam/ClothBottomsSkirtMiniFlare.data__ClothParam.gyml
0xc33734f8	Floor_Seaside
0xc338ef7f	AddSecondMii
0xc33a2b36	Player.InteriorRoomStyleInfo.Japanese01.InformedNewRelease
0xc33af0f7	Player.InteriorRoomStyleInfo.Galaxy00.IsNewlyOwned
0xc33d3619	Work/Data/ClothParam/ClothShoesBootsLongAntique.data__ClothParam.gyml
0xc33d3716	Childcare.Pending.HabitOwnInfo.FaceCloseEyes
0xc33f5b7d	ItemPasta
0xc3403519	Mii.Belongings.HabitOwnInfo.GreetingAnnoying.State
0xc3403dac	ItemJuice
0xc34585a9	Same
0xc346c144	EmotionTelopChatLaughLamp
0xc34a4e24	Work/Data/ClothModelParam/ClothSocksBicolor.data__ClothModelParam.gyml
0xc3519a07	Player.InteriorRoomStyleInfo.Midcentury01.KeyHash
0xc3525bf3	Player.NoInputPlayTime
0xc3527df3	Work/Data/CoordinateAttribute/Coordinate0169.data__CoordinateAttribute.gyml
0xc35b8b0f	UGC.MapFloor.EmissionPattern
0xc35bc6a1	Work/Confluence/PageInfo/HairAllLegacy039.pp__Confluence__PageInfo.gyml
0xc362cbc0	Work/Data/CoordinateAttribute/Coordinate0128.data__CoordinateAttribute.gyml
0xc362ffba	LinkedMapId
0xc3650acf	BlueSky00
0xc3667357	ObjKitchen00_BoardW
0xc36e07cf	Work/Data/ClothParam/ClothHeadwearFullmaskLucha.data__ClothParam.gyml
0xc370ed77	Work/Data/CoordinateAttribute/Coordinate0022.data__CoordinateAttribute.gyml
0xc377fc01	IsFoodShopDialogShown
0xc37b64f5	ClothShoesBootsLongEngineer
0xc3876a26	ClothTopslongSalopetteHalfAllinOne
0xc387c363	Work/Data/ClothModelParam/ClothAccessoryMufflerTowel.data__ClothModelParam.gyml
0xc38b20e1	GreetingBow
0xc391b419	Trouble_DepressRevengeConfession_Failure
0xc3956f6a	Work/Data/CoordinateAttribute/Coordinate0323.data__CoordinateAttribute.gyml
0xc397a4ed	Player.GoodsInfo2.Alpaca.State
0xc399eee0	SoundSystem
0xc39d7d68	Work/Data/Destination/ActionArea/FacilityPawnShop_Front.data__destination__ActionArea.gyml
0xc39e553a	TreasureBookEmotionTelopChatInterestingSitOnTheGround
0xc39ed73d	Player.InteriorRoomStyleInfo.Training00.OwnNum
0xc39fbd2a	Player.FoodInfo.FirstObtainedSec
0xc3a19fcd	TreasureBookEmotionTelopChatBlushAtLivingFloorSpeech
0xc3a50308	Player.HabitInfo2.GreetingCurtsy
0xc3a9a593	TreasureGoods_Anything_House_Room_raw
0xc3aabaf0	Facility_PhotoStudio
0xc3aaee2e	Id
0xc3acd5db	EmotionTelopChatFervorSitOnTheGroundCircle
0xc3ae4193	EmotionTelopChatSecretGuitarShow
0xc3b19715	Work/Data/CoordinateClothInfo/Coordinate0295.data__CoordinateClothInfo.gyml
0xc3b2dcae	Work/Data/ClothParam/ClothHeadwearHatToque.data__ClothParam.gyml
0xc3b60309	ClothTopslongBoxDressLongLogo
0xc3b79312	ShigarakiWare
0xc3bb0e5f	Ice
0xc3c7776f	Childcare.Pending.HabitOwnInfo.FaceBliss
0xc3d5d5cb	Player.InteriorRoomStyleInfo.WesternStyle04.State
0xc3e193c2	Player.GoodsInfo2.DuraluminCase.State
0xc3e628a7	SittingAndSleeping
0xc3e6fab5	Work/Data/CoordinateAttribute/Coordinate0042.data__CoordinateAttribute.gyml
0xc3e9117a	ObjBonfire_04
0xc3ee0f0e	Trouble_DepressFailureConfession_Success
0xc3ee86dc	Work/Data/ClothModelParam/ClothTopsCoatLongLayered.data__ClothModelParam.gyml
0xc3f1015b	Player.InteriorRoomStyleInfo.Triangle02.IsNewlyOwned
0xc3f2e545	ClothTopslongSalopetteHalfJumpSuit
0xc3f4ddbc	Mii.Belongings.HabitOwnInfo.EatCarefully.IsChecked
0xc40537f8	LoverNotFight
0xc406c0ac	Work/Data/Destination/DemoArea/FacilityFerrisWheel_Entrance.data__destination__DemoArea.gyml
0xc40e0825	ClothHeadwearGlassHMD
0xc41078fc	Work/Data/CoordinateClothInfo/Coordinate0132.data__CoordinateClothInfo.gyml
0xc4169720	Player.InteriorRoomStyleInfo.Success00.InformedNewRelease
0xc41c1083	ObjShowerOutdoor_03
0xc41cad87	EmotionTelopChatLoveSitKnittingOnFountain
0xc42541c2	House.RoomStyleInfo.Flag.Dot00
0xc428ea9e	Work/Data/CoordinateAttribute/Coordinate0225.data__CoordinateAttribute.gyml
0xc42e92bc	Work/Data/CoordinateAttribute/Coordinate0051.data__CoordinateAttribute.gyml
0xc434427c	TreasureBookEmotionTelopChatImpressedSpeechCircle
0xc43b38b8	Work/Data/ClothParam/ClothHeadwearHatHeart.data__ClothParam.gyml
0xc43fb502	DepressRevengeNotCondition
0xc4446666	NoGroup_Event0050FL
0xc44cc500	MaracasSchool
0xc4539d7a	Player.InteriorRoomStyleInfo.SFX01.State
0xc45d31a2	Player.InteriorRoomStyleInfo.Labo00.OwnNum
0xc45df998	Player.HabitInfo2.StomachBig.State
0xc45e7219	Childcare.Pending
0xc460b0e1	Player.GoodsInfo2.ExpensivePot
0xc460b6b8	FoodWarmth
0xc4641428	GoodsShopItem
0xc466b5ce	Player.InteriorRoomStyleInfo.WesternStyle06.FirstObtainedSec
0xc4688a8d	Loupe
0xc46d8a3d	SoccerBall
0xc4738b84	Work/Data/ClothModelParam/ClothAccessoryChestRosette.data__ClothModelParam.gyml
0xc479eba0	Player.Hemisphere
0xc47be20e	Player.InteriorRoomStyleInfo.Market00.LastObtainedSec
0xc47cd3b0	BottomsShort
0xc48533ca	House.RoomStyleInfo.Flag.Garage07
0xc4890ad6	Damask07
0xc48d9676	EmotionTelopChatDarkSitKnittingOnSofa
0xc48e1f04	Childcare.Pending.HabitOwnInfo.StandHandsFront.State
0xc490a19e	Mii.Belongings.RoomStyleInfo.Flag.Heart01
0xc493cbd1	Work/Confluence/PageInfo/HairAll008.pp__Confluence__PageInfo.gyml
0xc499cda5	Mii.MiiMisc.ClothInfo.Headwear.ColorIndex
0xc49aade1	Work/Data/ClothModelParam/ClothTopslongAlineLongCoatDress.data__ClothModelParam.gyml
0xc49d47ab	Mii.MiiMisc.ClothInfo.All
0xc4a510ba	Work/Data/ClothModelParam/ClothHeadwearFullmaskArmor.data__ClothModelParam.gyml
0xc4b02c53	RightForward
0xc4bd47a8	Guardrail
0xc4c12214	StandOnFerrisWheelBreakupPlace
0xc4c4f372	Work/Data/ClothParam/ClothSocksCheckShort.data__ClothParam.gyml
0xc4d0b8fb	Work/Data/CoordinateClothInfo/Coordinate0311.data__CoordinateClothInfo.gyml
0xc4d155ed	UGC.Goods.IsEdit
0xc4d3c964	EmotionTelopChatSurpriseSitOnSofa
0xc4d526b4	UGC.Interior.OwnNum
0xc4d594c8	Trouble_GiveUpOneSideLove_Failure
0xc4dafac5	Player.InteriorRoomStyleInfo.HoneycombTile00
0xc4de8638	Player.InteriorRoomStyleInfo.Street00.OwnNum
0xc4debf87	Player.InteriorRoomStyleInfo.MonitorRoom02.KeyHash
0xc4e6912b	ClothTopsCoatLongPea
0xc4e7518f	ObjBeachParasol_05
0xc4e98dac	Player.InteriorRoomStyleInfo.SFX01.LastObtainedSec
0xc4ea85a8	Work/Data/ClothModelParam/ClothHeadwearHatCamouflage.data__ClothModelParam.gyml
0xc4efd3ab	Anger
0xc4fb9bfa	ObjBenchHome_03
0xc4fe9606	Mii.Belongings.RoomStyleInfo.Flag.TropicalSea00
0xc4ffb86c	Player.HabitInfo2.SnoreLoudly.IsNewlyOwned
0xc5042942	Player.GoodsInfo2.Ohsho.LastObtainedSec
0xc5058b30	Childcare.Pending.HabitOwnInfo.WalkUnsteady.IsOwn
0xc505f6fd	Work/Data/ClothParam/ClothTopsCoatHalfLeopard.data__ClothParam.gyml
0xc5078e86	ClothBottomsSkirtMiniTennis
0xc5095bba	Work/Data/ClothModelParam/ClothBottomsBloomersNoble.data__ClothModelParam.gyml
0xc50d8a0a	Player.InteriorRoomStyleInfo.Party01.OwnNum
0xc50f6fb0	Work/Mii/EyeAccessoryParam/Eye026.mii__EyeAccessoryParam.gyml
0xc50f88de	CustomThirdPerson
0xc50ff11a	ClothSocksMonster
0xc512fb3b	Player.GoodsInfo2.BalletSet.OwnNum
0xc5159758	TreasureAnythingEmotionTelopChatScaryAtRoom
0xc516de3d	Mii.Belongings.RoomStyleInfo.Flag.Botanical00
0xc519a986	MiiToOtherMii
0xc51d98a9	LongBodySuitBuiltInSpeakerOutput
0xc51f015e	Player.InteriorRoomStyleInfo.Shoji02.LastObtainedSec
0xc5214b57	Player.InteriorRoomStyleInfo.Minimul03.FirstObtainedSec
0xc525c3ed	Unknown
0xc528ce36	Work/Data/ClothModelParam/ClothTopslongOverallLongRiderSuit.data__ClothModelParam.gyml
0xc52942ef	Work/Data/ClothModelParam/ClothTopslongDressLongStrap.data__ClothModelParam.gyml
0xc52a09a8	InvitingDemo_FartSecretly
0xc52e3090	Place_Facility_FerrisWheel_WithLovers_raw
0xc5348896	Player.GoodsInfo2.IncenseBurner.IsNewlyOwned
0xc535370c	Work/Data/CoordinateClothInfo/Coordinate0169.data__CoordinateClothInfo.gyml
0xc5367c5c	Mii.Belongings.RoomStyleInfo.Flag.Lace00
0xc53a2172	DemoDM104005S1b
0xc53dd626	Player.GoodsInfo2.AmethystDome.State
0xc53f1a4a	Work/Data/ClothParam/ClothAccessoryMufflerSimple.data__ClothParam.gyml
0xc54081d0	Player.InteriorRoomStyleInfo.Formula00.KeyHash
0xc544f3b2	Childcare.Pending.HabitOwnInfo.FaceOpenEyes.IsOwn
0xc549e0b8	AIPrivateExecutableForFriend
0xc54cc8d6	Player.InteriorRoomStyleInfo.Otaku02.IsNewlyOwned
0xc550c639	Event0050FL
0xc553df75	Byml
0xc55689ab	ObjTrashCan_04
0xc55a9e83	Player.InteriorRoomStyleInfo.Garage02.LastObtainedSec
0xc55ce326	Work/Confluence/PageInfo/HairAllLegacy130.pp__Confluence__PageInfo.gyml
0xc55e7b0e	Work/Data/CoordinateAttribute/Coordinate0317.data__CoordinateAttribute.gyml
0xc564ae28	Player.InteriorRoomStyleInfo.Marble00.State
0xc5695845	Player.GoodsInfo2.Receipt
0xc56ad751	Work/Data/ClothModelParam/ClothTopsOuterLongSpace.data__ClothModelParam.gyml
0xc5724a78	TopsSleeve
0xc5764e8d	MiiEvent_Event0042CH
0xc57677cf	Player.InteriorRoomStyleInfo.Shoji01.OwnNum
0xc57d49f5	Player.InteriorRoomStyleInfo.Japanese04
0xc580acea	Antique03
0xc5871cf1	Work/Data/ClothModelParam/ClothTopslongBoxDressSleevelessAncient.data__ClothModelParam.gyml
0xc587c882	Work/Confluence/PageInfo/HairAll063.pp__Confluence__PageInfo.gyml
0xc58981b8	TreasurePetEmotionTelopChatScarySitOnTheGroundCircle
0xc58e968b	Player.InteriorRoomStyleInfo.Heaven00.OwnNum
0xc591ec24	AdditionalActionAfterPostDemoWatchCheerfully
0xc5956965	Work/Data/Destination/ActionPoint/FacilityFountain_DonationBoxRight.data__destination__ActionPoint.gyml
0xc596c5f1	UGC.MapObject.IsCopy
0xc5998069	Player.InteriorRoomStyleInfo.Shoji01.KeyHash
0xc5a0518e	LvUPGoods_NotePC_Sitting_House
0xc5a2f0fc	Work/Data/CoordinateAttribute/Coordinate0155.data__CoordinateAttribute.gyml
0xc5a5a463	Minimul01
0xc5a68179	ObjStreetLamp_01
0xc5ac0f94	StreetDanceTogetherLDK
0xc5bd9dc0	ObjCat00_Toy
0xc5c52a90	Work/Confluence/PageInfo/HairFront044.pp__Confluence__PageInfo.gyml
0xc5cd9785	Work/Data/CoordinateClothInfo/Coordinate0076.data__CoordinateClothInfo.gyml
0xc5dde1c8	Work/Confluence/PageInfo/HairAllLegacy107.pp__Confluence__PageInfo.gyml
0xc5ea4817	Player.InteriorRoomStyleInfo.WesternStyle03.OwnNum
0xc5eab581	Work/Data/ClothParam/ClothHeadwearCostumeBear.data__ClothParam.gyml
0xc5ec7b49	Work/Data/ClothModelParam/ClothAllCostumeLongTuna.data__ClothModelParam.gyml
0xc5f42fc2	Player.InteriorRoomStyleInfo.Dot06.LastObtainedSec
0xc6051510	Player.InteriorRoomStyleInfo.Christmas01.InformedNewRelease
0xc609b26b	Player.InteriorRoomStyleInfo.Shogun00.LastObtainedSec
0xc60bf56f	Event0023FL
0xc6116b9c	Work/Data/CoordinateAttribute/Coordinate0023.data__CoordinateAttribute.gyml
0xc6144892	Acrylic
0xc615f6ce	Work/Data/ClothModelParam/ClothShoesLooseSocksSchool.data__ClothModelParam.gyml
0xc61fdd20	ObjGrandlight_06
0xc6221de3	ObjArchAir_06
0xc624ca70	ClothAllBodySuitLongSkeleton
0xc62664cc	Program
0xc6301814	Player.GoodsInfo2.Marionette.IsNewlyOwned
0xc632c3ee	Player.GoodsInfo2.Amulet.State
0xc637dfe2	Work/Data/CoordinateAttribute/Coordinate0148.data__CoordinateAttribute.gyml
0xc637e7f6	Player.InteriorRoomStyleInfo.StarPrint02.OwnNum
0xc63d3ca2	FacilityFamilyRestaurant_MeetingPlace2
0xc63daf04	FacilityFamilyRestaurant_MeetingPlace1
0xc6482c14	Player.HowToCallIslandName
0xc64ef2e4	Work/Confluence/PageInfo/HairAllLegacy069.pp__Confluence__PageInfo.gyml
0xc658b051	NoGroup_DashClashFallInLoveFirstSight3Change
0xc65be048	Player.InteriorRoomStyleInfo.Train01.InformedNewRelease
0xc65c87c2	Mii.Belongings.RoomStyleInfo.Flag.Beach00
0xc65ef2c3	Player.GoodsInfo2.Autograph
0xc663a553	Player.InteriorRoomStyleInfo.Minimul06.FirstObtainedSec
0xc664cf84	Player.GoodsInfo2.Amulet
0xc6652cbb	Player.InteriorRoomStyleInfo.Otaku04.IsNewlyOwned
0xc666fced	ClothBottomsPantsWideKneeJersey
0xc67a3c6c	Stone_Road
0xc67bb800	Coordinate0181
0xc67dc94c	LastPlayerBirthdayTime
0xc682faa7	Work/Data/ClothParam/ClothSocksStarLeggings.data__ClothParam.gyml
0xc68a495e	Player.InteriorRoomStyleInfo.Shoji00.LastObtainedSec
0xc68ab6ae	ClothSocksTiedye
0xc68bd363	Mii.Belongings.HabitOwnInfo.GreetingBow.State
0xc68c0875	UGC.SuspendData.ClothGender
0xc68f6466	Work/Data/ClothParam/ClothHeadwearHatBackCap.data__ClothParam.gyml
0xc6960c57	Work/Data/ClothParam/ClothAllBodySuitLongFuture.data__ClothParam.gyml
0xc6984249	ClothTopsYshirtLongRoomWear
0xc6a09eb2	Work/Data/ClothModelParam/ClothTopsCoatHalfLeopard.data__ClothModelParam.gyml
0xc6a3046d	KnowLover_Friend_Family_80Over
0xc6a33348	Work/Data/CoordinateAttribute/Coordinate0039.data__CoordinateAttribute.gyml
0xc6a35606	ClothShoesThickDown
0xc6a737eb	Trouble_AskUgcWord_Success
0xc6a7f314	Side
0xc6ae2d48	Work/Data/ClothParam/ClothTopsKnitCamisole.data__ClothParam.gyml
0xc6b02899	Work/Data/ClothModelParam/ClothSocksFrilled.data__ClothModelParam.gyml
0xc6b51251	FacilityNormalRoot
0xc6b54159	Sakura00
0xc6b63219	Work/Data/ClothParam/ClothTopslongAlineSleevelessParty.data__ClothParam.gyml
0xc6bff1b5	SeasonUnlockSpring
0xc6c0f54a	Liberation.WishInfo.IsNew
0xc6c41a90	ObjBenchTerrace_Center
0xc6c6f765	Player.GoodsInfo2.InsectSpecimen.OwnNum
0xc6cb96c5	Player.GoodsInfo2.Crystal.IsNewlyOwned
0xc6cbfdb8	Work/Data/CoordinateClothInfo/Coordinate0191.data__CoordinateClothInfo.gyml
0xc6ce6e96	Work/Data/ClothParam/ClothAccessoryBackEmergencyButton.data__ClothParam.gyml
0xc6cf4d45	Work/Data/CoordinateAttribute/Coordinate0162.data__CoordinateAttribute.gyml
0xc6cfb515	ObjFencePipe
0xc6dbe281	Player.GoodsInfo2.BrushPlatinum.OwnNum
0xc6dc64ce	EmotionTelopChatDarkSitOnFountain
0xc6e95c93	Work/Data/CoordinateAttribute/Coordinate0133.data__CoordinateAttribute.gyml
0xc6ee2d61	Player.GoodsInfo2.SecurityCamera.IsNewlyOwned
0xc6f4cf04	Bonfire
0xc6f8d0f5	OverrideNormal
0xc7018fa2	Player.InteriorRoomStyleInfo.StarPrint02.LastObtainedSec
0xc7021443	Work/Data/CoordinateClothInfo/Coordinate0006.data__CoordinateClothInfo.gyml
0xc7048c99	Newlife03
0xc70556c3	Player.InteriorRoomStyleInfo.Triangle05.State
0xc7057210	Player.HabitInfo2.GreetingShy
0xc709cc1f	Work/Data/Destination/ActionArea/FacilityBuildingShop_Front.data__destination__ActionArea.gyml
0xc7182702	Dot04
0xc71cc63f	Work/Data/CoordinateClothInfo/Coordinate0115.data__CoordinateClothInfo.gyml
0xc71fe1b2	Player.InteriorRoomStyleInfo.Dot00.FirstObtainedSec
0xc7242deb	TroubleFallInOneSideLoveGenerate
0xc726a363	Work/Data/CoordinateClothInfo/Coordinate0343.data__CoordinateClothInfo.gyml
0xc72a49ad	Mii.Belongings.RoomStyleInfo.Flag.Garage01
0xc72ae29a	House
0xc72c9524	House.RoomStyleInfo.Flag.Labo00
0xc73249e8	Player.HabitInfo2.VoiceGloomy.LastObtainedSec
0xc732874b	Work/Data/ClothParam/ClothTopslongSalopetteLongSplashed.data__ClothParam.gyml
0xc733a93d	Work/Data/ClothModelParam/ClothHeadwearCoverTurban.data__ClothModelParam.gyml
0xc73404b0	Work/Confluence/PageInfo/HairAll084.pp__Confluence__PageInfo.gyml
0xc734a9ff	Mii.Belongings.RoomStyleInfo.Flag.WesternStyle05
0xc73509fa	IsExplainedIslandGauge
0xc737a2f1	Mii.Belongings.RoomStyleInfo.Flag.Damask02
0xc7381907	LevelUpGoods
0xc738d809	Group_Event0031
0xc73c892a	TopslongLongSleeve
0xc741217f	Office01
0xc743159c	ClothShoesSandalFlower
0xc7440211	Pyramid
0xc74470cd	Mii.Belongings.RoomStyleInfo.Flag.Formula00
0xc746d92e	PeriodBOrAfter
0xc74a9357	Player.InteriorRoomStyleInfo.NightView00.State
0xc74abee4	Player.HabitInfo2.StomachBig.LastObtainedSec
0xc754bef3	Player.BirthDay.BirthDay_Month
0xc759cb3a	Work/Data/ClothModelParam/ClothBottomsPantsLongBorder.data__ClothModelParam.gyml
0xc75b389a	Player.GoodsInfo2.Horse.State
0xc76824c1	ObjTrafficLight_01
0xc76a3d56	ObjAerogenerator_01
0xc7785353	TShirtN
0xc779f68f	Work/Confluence/PageInfo/HairAllLegacy053.pp__Confluence__PageInfo.gyml
0xc77d43e5	Light
0xc77fb830	Trial.IsFinishedContentsDream
0xc78315af	Work/Confluence/PageInfo/HairAllLegacy090.pp__Confluence__PageInfo.gyml
0xc78387ad	SaveDataPhotoRgba
0xc7860c35	ClothSocksBicolor
0xc78ae865	Autumn
0xc78e2a6c	ObjTea00_Utensils
0xc7920115	Player.InteriorRoomStyleInfo.Beach00.State
0xc793a2fe	ObjNatural00_Ceiling
0xc794c1d8	ClothHeadwearOrnamentTopAngel
0xc796d020	Childcare.Pending.HabitOwnInfo.FaceLousy.IsChecked
0xc79936a9	Childcare.Pending.HabitOwnInfo.WalkScurry.IsChecked
0xc7996d13	TreasureAnythingEmotionTelopChatNoFeaturesAtRoomSpeech
0xc79cdb79	Work/Data/CoordinateClothInfo/Coordinate0078.data__CoordinateClothInfo.gyml
0xc79e312c	Player.GoodsInfo2.Octopus.OwnNum
0xc79ff5e9	Equipment
0xc7ae9c62	Work/Data/ClothModelParam/ClothAccessoryNeckPearl.data__ClothModelParam.gyml
0xc7b03f5e	Mii.Belongings.RoomStyleInfo.Flag.BigFlower01
0xc7b1fa2c	Mii.Belongings.HabitOwnInfo.StandProudly.IsOwn
0xc7b6ac5b	Player.InteriorRoomStyleInfo.WoodBoard05.KeyHash
0xc7bc63e7	TreasureAnythingEmotionTelopChatNoveltySitOnDiningTable
0xc7bf700f	Work/Data/ClothModelParam/ClothBottomsPantsWideOutdoor.data__ClothModelParam.gyml
0xc7c32366	UGC.Editor.Setting.Theme
0xc7c53946	Player.InteriorRoomStyleInfo.Atelier01.FirstObtainedSec
0xc7cb9269	Player.InteriorRoomStyleInfo.Dot01.KeyHash
0xc7cbae47	Trouble_DepressRevengeConfession_Success
0xc7cec2af	ObjAtelier00_WorkE
0xc7cf486e	Player.GoodsInfo2.Quoll.LastObtainedSec
0xc7d0cb77	ClothHeadwearHatKnitCat
0xc7d4a854	Player.GoodsInfo2.Octahydrone.IsNewlyOwned
0xc7e4c9b2	Work/Data/ClothParam/ClothTopslongDressHalfDreamy.data__ClothParam.gyml
0xc7e61451	Childcare.Pending.HabitOwnInfo.StandShy.IsChecked
0xc7e6f57a	Player.GoodsInfo2.Chick.State
0xc7e851f4	Mii.Belongings.RoomStyleInfo.Flag.WesternStyle00
0xc7e8ffe6	Player.HabitInfo2.StandShy.OwnNum
0xc7f097c9	Player.InteriorRoomStyleInfo.Midcentury00.LastObtainedSec
0xc7fb279b	Player.Name
0xc7fda841	ClothTopsTshirtHalfStar
0xc7ffcab5	Work/Data/CoordinateClothInfo/Coordinate0000.data__CoordinateClothInfo.gyml
0xc80489a2	Player.InteriorRoomStyleInfo.Cute01
0xc805000d	StomachBig
0xc80e3992	EyebrowThick
0xc81545fe	UGC.Cloth.UgcClothType
0xc816b58a	MiiNewsBreaking014_01
0xc81ffd62	LvUPGoods_Knitting_Outdoor_Irritate
0xc8210bd9	PriorityNew
0xc821643b	Work/Data/ClothParam/ClothHeadwearOrnamentTopAngel.data__ClothParam.gyml
0xc821a4d1	TargetUgcGoodsIndex
0xc82222b6	TreasureAnythingEmotionTelopChatNoFeaturesSitOnTheGroundCircle
0xc8290a3b	Scarf
0xc82bee59	Relation.Info.DirectionalInfo
0xc8315735	BottomsB
0xc8376552	Work/Data/ClothParam/ClothTopsYshirtLongGakuranOpen.data__ClothParam.gyml
0xc83f0c28	Work/Confluence/PageInfo/HairAllLegacy032.pp__Confluence__PageInfo.gyml
0xc83fc463	ClothAllCostumeLongSushi
0xc842beb2	ObjUgcCommon_Front
0xc843f875	Work/Data/ClothModelParam/ClothHeadwearHatPot.data__ClothModelParam.gyml
0xc848c625	Player.InteriorRoomStyleInfo.WoodBoard04.LastObtainedSec
0xc84d4fd6	Work/Confluence/PageInfo/HairAll004.pp__Confluence__PageInfo.gyml
0xc84fd9ad	Player.GoodsInfo2.Knob.LastObtainedSec
0xc855e00c	Player.LastNewsWatchedTime
0xc85f051f	Facility_Atelier
0xc8692245	Player.InteriorRoomStyleInfo.StarPrint01.FirstObtainedSec
0xc86c2e70	Work/Data/ClothParam/ClothHeadwearFullmaskArmor.data__ClothParam.gyml
0xc86e523c	LvUPGoods_Training_Outdoor_raw
0xc86e7f79	House.RoomStyleInfo.Flag.Desert00
0xc871737a	Player.InteriorRoomStyleInfo.Party04.FirstObtainedSec
0xc8768a1f	House.RoomStyleInfo.Flag.Cute00
0xc876b069	Introduction.FocusLeadingInfo.CounterObject
0xc879df46	Work/Data/ClothParam/ClothTopsBase.data__ClothParam.gyml
0xc87a50f9	Candy
0xc87d82d5	ImpressionCM
0xc88154c8	ObjKids00_Dinosaur
0xc884238b	Facility_ItemShop
0xc8926f7d	InMyRoom
0xc896b66b	Work/Data/ClothModelParam/ClothAllBodySuitLongOgre.data__ClothModelParam.gyml
0xc8976d4a	Player.GoodsInfo2.AromaCandle.OwnNum
0xc8981f52	Work/Data/ClothModelParam/ClothTopsTshirtHalfIcecream.data__ClothModelParam.gyml
0xc89cb91a	Player.InteriorRoomStyleInfo.Stadium00.IsNewlyOwned
0xc89e96f7	Mii.Belongings.RoomStyleInfo.Flag.Heart04
0xc89f609e	Player.GoodsInfo2.GameLoveSimulation
0xc8a329a9	Work/Data/ClothParam/ClothTopsTshirtHalfGoldfish.data__ClothParam.gyml
0xc8a7934a	ClothTopsCoatLongKnitGown
0xc8ab1daa	EmotionTelopChatDarkSitOnTheGroundCircle
0xc8abc96c	Work/Confluence/PageInfo/HairFront031.pp__Confluence__PageInfo.gyml
0xc8b7d604	Player.InteriorRoomStyleInfo.Sloppy00.OwnNum
0xc8b7d98c	Effect_01
0xc8b7dc3b	Player.GoodsInfo2.CDRock.OwnNum
0xc8bf0968	Player.GoodsInfo2.BookManga
0xc8c13b94	Player.GoodsInfo2.BookPlant.OwnNum
0xc8c28944	Player.GoodsInfo2.BigPot.IsNewlyOwned
0xc8c8a17e	ClothHeadwearHatOutdoor
0xc8c9cdd4	Player.InteriorRoomStyleInfo.Dot04.InformedNewRelease
0xc8cfdf36	Childcare.Pending.HabitOwnInfo.WalkStoop
0xc8d0607b	Lovely05
0xc8d08275	ObjBeachBed_02
0xc8d365eb	Work/Data/ClothModelParam/ClothBottomsPantsWideLeather.data__ClothModelParam.gyml
0xc8d71fb2	Introduction.FocusLeadingInfo
0xc8d8afdf	Work/Data/ClothParam/ClothAllCostumeLongAvocado.data__ClothParam.gyml
0xc8e1d201	MouthCranky
0xc8e31841	Work/Confluence/PageInfo/HairParts008.pp__Confluence__PageInfo.gyml
0xc8eb2741	Player.HabitInfo2.VoiceLoud.State
0xc8ec477b	TroubleAskPlayerFSBad
0xc8eca18d	ObjBenchTerrace_06
0xc8f77651	Work/Data/ClothParam/ClothHeadwearHatSpangle.data__ClothParam.gyml
0xc8f8ecba	ColorBox01
0xc8fd1b19	Player.GoodsInfo2.SpeechBubbleGold.OwnNum
0xc903c025	Mii.MiiMisc.UgcInfo.IslandNameRegionLanguageID
0xc90cc3ab	ObjAerogenerator
0xc90dd52e	ConfessionGiveUpNotDepress
0xc90e4cff	Trouble_DepressFailureConfession_Failure
0xc9127624	ClothHeadwearHatTyrolean
0xc914d96a	Work/Data/ClothModelParam/ClothBottomsPantsLongSports.data__ClothModelParam.gyml
0xc91588f4	ClothHeadwearMaskPlain
0xc9164e1f	Callee
0xc919deb8	ObjFencePipe_07
0xc9213dbd	ObjBonfire
0xc9215c20	Work/Data/CoordinateClothInfo/Coordinate0238.data__CoordinateClothInfo.gyml
0xc922abbd	MaracasSchoolHere
0xc923b6b8	Mii.Belongings.RoomStyleInfo.Flag.Party04
0xc925cb9c	Player.InteriorRoomStyleInfo.Chinese01.State
0xc925d668	EmotionTelopChatSecretGuitarShowAtRoom
0xc92a1614	Player.InteriorRoomStyleInfo.Brick01
0xc9308d89	IsLocalNetworkFirstReceivedMii
0xc93112cd	NoGroup_Event0006FL
0xc9351dde	DemoDM104055
0xc9384e0d	Player.GoodsInfo2.SugarGlider
0xc93baceb	IslandNameRegionLanguageID
0xc93d8c44	Player.InteriorRoomStyleInfo.Damask06.InformedNewRelease
0xc9409c64	GeneralNumber
0xc94757e0	Work/Data/CoordinateClothInfo/Coordinate0100.data__CoordinateClothInfo.gyml
0xc948e112	Player.GoodsInfo2.DVDWideShow
0xc9490c92	TreasureGoods_Game_Outdoor_Irritate
0xc95456c3	Work/Confluence/PageInfo/HairAllLegacy125.pp__Confluence__PageInfo.gyml
0xc954a309	PaintedWood04
0xc95630dd	Mii.Belongings.RoomStyleInfo.Flag.WoodBoard03
0xc95a07bf	EmotionTelopChatDateWalkingRelaxGuitarShowAtLivingFloor
0xc95b2c9c	Player.InteriorRoomStyleInfo.Heart02
0xc95cdab5	ObjFenceStake_04
0xc95d4dba	TreasurePetEmotionTelopChatInterestingSpeech
0xc95fc073	Player.GoodsInfo2.Bonsai.State
0xc96182bc	Place_House_Room_NotGoods_Chat
0xc96d38b1	ClothSocksRibbon
0xc970b9c6	Work/Data/ClothModelParam/ClothTopslongDressHalfPrincess.data__ClothModelParam.gyml
0xc97a9441	Player.HabitInfo2.WalkUnsteady.State
0xc97e2ad3	Player.InteriorRoomStyleInfo.Dot00.State
0xc97ec97a	TreasureRecordEmotionTelopChatInterestingAtLivingFloorSpeech
0xc98166b8	InvitingDemo_ObjSwingRider
0xc98415c0	ItemJuice_06
0xc986c29e	Work/Data/CoordinateClothInfo/Coordinate0142.data__CoordinateClothInfo.gyml
0xc98bfbc5	CenterActor
0xc992a587	Work/Data/CoordinateAttribute/Coordinate0297.data__CoordinateAttribute.gyml
0xc9965f45	Coordinate0094
0xc9972f39	Work/Component/DestinationInfo/FacilityInteriorShop.actor__DestinationInfo.gyml
0xc99ada27	TrophyGold
0xc99c671c	Work/Mii/EyeAccessoryParam/Eye077.mii__EyeAccessoryParam.gyml
0xc99eaafd	Player.HabitInfo2.WalkLikeModel.State
0xc9a32fb8	ClothTopsCoatLongKurta
0xc9a48e18	Childcare.Pending.HabitOwnInfo.UntidySleeper.IsChecked
0xc9a90ae7	TeadOnUGC
0xc9ab1f53	ObjGame00_Heart
0xc9b88f50	Player.InteriorRoomStyleInfo.Stadium01.FirstObtainedSec
0xc9b91edf	RoomDollHouseLDK
0xc9b9fc5f	Trouble_DepressDivorced_Success
0xc9bd61ff	FriendKnow_OnesideloveOrLover
0xc9c38efc	Player.InteriorRoomStyleInfo.HoneycombTile02.InformedNewRelease
0xc9c768d7	Player.InteriorRoomStyleInfo.WesternStyle07.State
0xc9c76a6d	Work/Data/ClothModelParam/ClothHeadwearHatBucket.data__ClothModelParam.gyml
0xc9ccfaf0	House.RoomStyleInfo.Flag.Shoji02
0xc9cdff15	Work/Data/ClothModelParam/ClothSocksAnkle.data__ClothModelParam.gyml
0xc9d4b8bf	Player.InteriorRoomStyleInfo.Stuffed01.InformedNewRelease
0xc9d9c44a	VacantLand_3x3
0xc9d9d24e	RestaurantMenu
0xc9da11a2	Player.InteriorRoomStyleInfo.Garage03.IsNewlyOwned
0xc9e023ef	ObjSeesaw
0xc9e2859b	Mii.Belongings.RoomStyleInfo.Flag.Midcentury00
0xc9e4b745	Mii.Belongings.HabitOwnInfo.StandStraight
0xc9e7d594	Work/Data/CoordinateAttribute/Coordinate0189.data__CoordinateAttribute.gyml
0xc9ec6394	Player.InteriorRoomStyleInfo.Chinese00.LastObtainedSec
0xc9ee2d25	Work/Data/ClothModelParam/ClothBottomsSkirtLongDrape.data__ClothModelParam.gyml
0xc9f32072	Work/Data/ClothModelParam/ClothTopslongDressHalfStar.data__ClothModelParam.gyml
0xc9fe4764	Player.GoodsInfo2.ToiletPaper
0xc9ff4b38	OnlyEmptyHands
0xc9ffb78b	Work/Data/ClothModelParam/ClothTopsSportsBra.data__ClothModelParam.gyml
0xc9ffcde5	Player.InteriorRoomStyleInfo.Party06.IsNewlyOwned
0xca005559	Childcare.Pending.HabitOwnInfo.FaceSmile
0xca028134	Work/Data/ClothParam/ClothSocksStocking.data__ClothParam.gyml
0xca04a554	Player.InteriorRoomStyleInfo.Cemetery00.FirstObtainedSec
0xca08a5b7	Mii.Belongings.RoomStyleInfo.Flag.Shoji00
0xca092458	Mii.Belongings.RoomStyleInfo.Flag.HoneycombTile03
0xca0f4611	Work/Data/ClothParam/ClothBottomsBloomersNoble.data__ClothParam.gyml
0xca11518b	DanceBalletGroupMyRoom
0xca11e25a	Pebble_Road
0xca124c12	ClothAccessoryNeckCamera
0xca18c50b	IndoorPrivateRoom
0xca1c960e	Player.InteriorRoomStyleInfo.Steampunk00.IsNewlyOwned
0xca1d4a58	ClothBottomsPantsLongSlacksCheck
0xca20ff32	Player.InteriorRoomStyleInfo.Wedding01.InformedNewRelease
0xca267aa1	ItemFormula00_Stepladder_01_Demo
0xca275858	Work/Data/ClothParam/ClothHeadwearHatShallow.data__ClothParam.gyml
0xca2ab5d3	Mii.Belongings.HabitOwnInfo.GreetingTypeBig
0xca2bba73	ItemThrone_Demo
0xca2e49de	Work/Component/DestinationInfo/RoomCarpet.actor__DestinationInfo.gyml
0xca314120	Player.InteriorRoomStyleInfo.Fruit06.InformedNewRelease
0xca333d72	BalletSet
0xca347ef4	Work/Data/ClothModelParam/ClothAccessoryMufflerSimple.data__ClothModelParam.gyml
0xca357d5f	Mii.Belongings.HabitOwnInfo.GreetingHeadOnly.State
0xca37bd2c	ClothAccessoryNeckHeart
0xca3f2a9f	Player.HabitInfo2.GreetingMacho.OwnNum
0xca408743	ObjSnowman_02
0xca447386	Work/Data/ClothParam/ClothTopsYshirtLongPilotUniform.data__ClothParam.gyml
0xca46ca98	PetWater
0xca483117	Work/Data/CoordinateAttribute/Coordinate0041.data__CoordinateAttribute.gyml
0xca4a6dc3	Work/Data/CoordinateClothInfo/Coordinate0161.data__CoordinateClothInfo.gyml
0xca5164a3	MosquitoCoil
0xca53f1cd	Player.GoodsInfo2.DVDLive.LastObtainedSec
0xca58417f	ObjAtelier00_EaselA
0xca60869a	Mii.Belongings.HabitOwnInfo.GetAngryTypeBrightly.IsChecked
0xca65048a	ClothHeadwearHatSpangle
0xca695b8c	Mii.Belongings.RoomStyleInfo.Flag.WesternStyle02
0xca6a0c47	Player.GoodsInfo2.OliveSoap.IsNewlyOwned
0xca6aea6f	Player.InteriorRoomStyleInfo.HoneycombTile02.IsNewlyOwned
0xca719626	ObjTreeElectric_03
0xca7a4b85	Strata00
0xca8146ab	Mii.Belongings.HabitOwnInfo.GreetingTypeBig.IsChecked
0xca86114f	LastTalkHistoryId
0xca882ebb	Ultramarine
0xca892d39	EmotionTelopChatSadNotePCSpeech
0xca8df39a	Work/Data/ClothParam/ClothShoesBootsShortRibbon.data__ClothParam.gyml
0xca8ef079	Player.InteriorRoomStyleInfo.HoneycombTile01.OwnNum
0xca939b9f	Player.GoodsInfo2.DVDSF.State
0xca9810f8	ClothTopsTshirtHalfEgg
0xcaa0c764	Player.GoodsInfo2.StoneSpecimen.State
0xcaa0dfb4	ClothBottomsPantsWideSki
0xcaa1d6dd	Player.GoodsInfo2.NotePc.IsNewlyOwned
0xcaa245cc	ObjCoolModern00_Plant
0xcaa6e6cf	Work/Data/ClothParam/ClothHeadwearHatKnitCap.data__ClothParam.gyml
0xcab09fa5	Work/Data/ClothParam/ClothTopsCoatLongRain.data__ClothParam.gyml
0xcab18827	Player.InteriorRoomStyleInfo.MovingBox01.IsNewlyOwned
0xcabd5e92	ClothAllCostumeLongAvocado
0xcabdfc19	Facility_Park
0xcabf34e2	Player.InteriorRoomStyleInfo.Shogun00.IsNewlyOwned
0xcac66de9	FacilityTower_Front
0xcac71424	Place_MapObj_Fireworks_raw
0xcacee69e	ItemHandkerchief
0xcad11ef9	Player.GoodsInfo2.BeardedDragon.OwnNum
0xcadc890c	Player.GoodsInfo2.Ghost
0xcadfca2c	DefaultValue
0xcae7215a	Work/Data/ClothModelParam/ClothHeadwearHatNewsboyCheck.data__ClothModelParam.gyml
0xcaea760a	Work/Data/ClothModelParam/ClothAccessoryBackOxygen.data__ClothModelParam.gyml
0xcaebafc9	Work/Data/Destination/DemoArea/RoomDollHouseLDK_AllSpace.data__destination__DemoArea.gyml
0xcaeefe0c	PaintedWood06
0xcaef9ac5	CommonMinigameHouse2
0xcb037da7	Work/Data/ClothModelParam/ClothHeadwearCostumeTriceratops.data__ClothModelParam.gyml
0xcb0f9afe	Work/Data/ClothParam/ClothTopsYshirtSleevelessDenimShirt.data__ClothParam.gyml
0xcb176c1b	Work/Data/ClothParam/ClothHeadwearHatColorCap.data__ClothParam.gyml
0xcb1b7dfc	ObjDrinkingFountain_Center
0xcb1c1b79	ClothBottomsPantsLongRunning
0xcb1eddd4	Work/Data/ClothModelParam/ClothTopsYshirtLongCowboy.data__ClothModelParam.gyml
0xcb271963	Work/Data/CoordinateClothInfo/Coordinate0294.data__CoordinateClothInfo.gyml
0xcb33926b	Player.InteriorRoomStyleInfo.Shogun00.KeyHash
0xcb3a45c4	Player.HabitInfo2.FaceWink.State
0xcb3caa21	ObjPinwheel_02
0xcb407ddf	ObjDog00_kennel
0xcb40c5dd	TShirtL
0xcb4181a5	Work/Data/ClothParam/ClothHeadwearHatNewsboyCheck.data__ClothParam.gyml
0xcb65fc11	ItemTeaCup_01
0xcb6746ef	ChildBirthBlockTime
0xcb6830ca	Mii.MiiMisc.FaceInfo.HairChangeGameTime
0xcb68b420	ColorBox04
0xcb70e4ac	QuarterTriplet
0xcb72a860	TreasurePetEmotionTelopChatBlushSitOnTheGroundCircle
0xcb78759a	Work/Data/ClothParam/ClothTopslongSalopetteLongCasual.data__ClothParam.gyml
0xcb816485	ObjFenceWood_07
0xcb84668f	FacilityBuildingShop
0xcb8a07cb	Work/Data/ClothModelParam/ClothTopslongDressHalfWitch.data__ClothModelParam.gyml
0xcb8a4231	LastClockSnapshot
0xcb931987	Player.InteriorRoomStyleInfo.Christmas00.FirstObtainedSec
0xcb95da48	ToAfSourcesPositionForHopscotchInActionArea
0xcb9720fa	Work/Data/ClothParam/ClothBottomsSkirtMiniLeather.data__ClothParam.gyml
0xcb9b7a3c	Player.GoodsInfo2.TrophyBronze.State
0xcb9b7db7	Player.InteriorRoomStyleInfo.StainedGlass00.KeyHash
0xcb9f2864	Player.InteriorRoomStyleInfo.MusicRoom00.InformedNewRelease
0xcba03752	Party00
0xcba8a8fe	Mii.Belongings.HabitOwnInfo.WalkSwagger.State
0xcbbe52a9	Work/Data/ClothParam/ClothTopsOuterLongMA1.data__ClothParam.gyml
0xcbbedd9a	BaseRelationType
0xcbc0be22	Childcare.Pending.HabitOwnInfo.StandRestless.IsOwn
0xcbc0d1f5	Neutral
0xcbc81996	BackLeft
0xcbcc1f16	Sound_01
0xcbcd7c0d	Work/Component/DestinationInfo/RoomKitchen.actor__DestinationInfo.gyml
0xcbcebc10	LeadingChatKnowGroup
0xcbd243ea	Work/Data/ClothModelParam/ClothAllCostumeLongPig.data__ClothModelParam.gyml
0xcbda3b68	Childcare.Pending.HabitOwnInfo.GreetingTypeCackle.State
0xcbdafcfb	Player.InteriorRoomStyleInfo.Classroom00.InformedNewRelease
0xcbddc81b	EmotionTelopChatRelaxSitOnTheGround
0xcbe7afe3	House.RoomStyleInfo.Flag.Otaku00
0xcbeb9d18	NoGroup_Event0042FL
0xcbee03ec	Player.InteriorRoomStyleInfo.Fruit07.InformedNewRelease
0xcbf9ff1c	ObjOffice00_Locker
0xcbfb1536	USpt
0xcbff739d	Player.GoodsInfo2.Floppy.LastObtainedSec
0xcc029b0d	Mii.Belongings.RoomStyleInfo.Flag.Baby02
0xcc04fcad	ObjChinese00_Pot
0xcc06100a	StyleGroup_Game00
0xcc09a02b	Player.InteriorRoomStyleInfo.Jungle00.InformedNewRelease
0xcc0b0c7f	FightFailureFriend
0xcc0fde79	Trouble_ClothPHeadwear_Failure
0xcc1528f2	ClothTopsCoatLongLeather
0xcc175621	InnerRoomLivingRoomChangeCount
0xcc17a41a	PyramidRoof
0xcc206675	Atelier01
0xcc216543	ObjOffice00_Copy
0xcc2993c6	GameRacing
0xcc37f2c6	ClothTopslongAlineLongFormal
0xcc390d36	Player.GoodsInfo2.ReplicaSword.OwnNum
0xcc3bfba0	Player.InteriorRoomStyleInfo.SmallFlower03.LastObtainedSec
0xcc3d7630	ClothTopsOuterLongYumekawaSukajan
0xcc3e6b48	TrainModel
0xcc3ec9fa	Work/Data/ClothParam/ClothShoesPumpsLeopard.data__ClothParam.gyml
0xcc411841	Group_Event0007
0xcc424e6b	RoomDollHouseLDK_Table
0xcc42f88a	Player.HabitInfo2.WalkNoSwinging.State
0xcc4497d7	Player.InteriorRoomStyleInfo.Triangle00.FirstObtainedSec
0xcc44b69e	HoldOne
0xcc4a36a4	Work/Data/CoordinateAttribute/Coordinate0033.data__CoordinateAttribute.gyml
0xcc4ed788	Lace00
0xcc5106d4	ClothTopsTshirtHalfScarf
0xcc5259bd	Work/Data/ClothParam/ClothTopsTshirtHalfSoccer.data__ClothParam.gyml
0xcc541ef4	EyebrowThinHighAngle
0xcc568b08	Mii.Belongings.RoomStyleInfo.Flag.WesternStyle01
0xcc59d227	Color
0xcc61bb3b	Player.InteriorRoomStyleInfo.Galaxy00.OwnNum
0xcc636598	Player.InteriorRoomStyleInfo.Bathroom04
0xcc64dc90	Work/Data/ClothModelParam/ClothHeadwearHatBaseball.data__ClothModelParam.gyml
0xcc67addd	StyleGroup_PublicBath00
0xcc681927	Player.GoodsInfo2.EngagementRing.State
0xcc6e4a39	TreasureBookEmotionTelopChatImpressedAtRoom
0xcc733a06	ClothTopsOuterLongHalfZip
0xcc7f88cc	TreasurePetEmotionTelopChatDifficultAtRoom
0xcc877032	Friend_BestFriend_RelativeEnableLove_OnsideLove
0xcc96565d	WordArray
0xcc9c1f28	TravelPlaceN019
0xcc9e80ab	Work/Data/ClothParam/ClothBottomsPantsLongMonpe.data__ClothParam.gyml
0xcca1a303	Mii.Belongings.RoomStyleInfo.Flag.SF05
0xcca5c0ee	Work/Data/ClothModelParam/ClothShoesSandalRibbon.data__ClothModelParam.gyml
0xcca74be9	ObjOffice00_Board
0xccb1f89e	Work/Data/ClothParam/ClothTopsYshirtHalfMultiBorderPolo.data__ClothParam.gyml
0xccb8b5d7	CurrentPlayMonth
0xccbfc9c0	Player.GoodsInfo2.Octahydrone.State
0xccc0ce40	Player.GoodsInfo2.Screw.IsNewlyOwned
0xccc2bc06	House.RoomStyleInfo.Flag.Damask00
0xccc39840	Player.InteriorRoomStyleInfo.Fruit05.IsNewlyOwned
0xccc443b6	StyleGroup_Strata00
0xccc6cc2f	ClothTopsOuterLongDownJacket
0xccc87bff	Player.GoodsInfo2.MysteriousLiquid.LastObtainedSec
0xcccb26ee	Player.InteriorRoomStyleInfo.Simple00.OwnNum
0xccd13853	Work/Data/CoordinateClothInfo/Coordinate0123.data__CoordinateClothInfo.gyml
0xccd99a50	House.RoomStyleInfo.Flag.Jungle00
0xcce06ee2	ObjAsianResort00_Sofa
0xcce1158d	Player.InteriorRoomStyleInfo.Dinosaur01.OwnNum
0xcce3717a	ClothAccessoryNeckChain
0xcce3e076	InvitingGroupDemo_StandingTalk
0xcce4e893	OrderRenovationLifted
0xcce931e5	Work/Data/ClothModelParam/ClothSocksFlower.data__ClothModelParam.gyml
0xccec1d90	ClothTopsYshirtHalfNecktie
0xccec53e9	Work/Data/ClothParam/ClothTopsTshirtLongRetro.data__ClothParam.gyml
0xccf54d2a	Player.GoodsInfo2.Pinata.IsNewlyOwned
0xccf81eda	Work/Confluence/PageInfo/HairFront034.pp__Confluence__PageInfo.gyml
0xccf9858e	ClothHeadwearHatBackHunting
0xcd01e08f	Work/Data/ClothModelParam/ClothTopsOuterSleevelessParka.data__ClothModelParam.gyml
0xcd020d27	OnTrain
0xcd07c437	Mii.Belongings.HabitOwnInfo.FaceSmile.IsChecked
0xcd0e5b87	Work/Data/ClothParam/ClothSocksCat.data__ClothParam.gyml
0xcd1153d1	FriendUgcDemo
0xcd14f17e	Room
0xcd185258	HairThinType
0xcd1b9067	Player.InteriorRoomStyleInfo.SmallFlower07
0xcd1d3741	Work/Confluence/PageInfo/HairFront054.pp__Confluence__PageInfo.gyml
0xcd2bd845	FriendCupidSuccess
0xcd2d105e	Player.InteriorRoomStyleInfo.Otaku03.InformedNewRelease
0xcd2e4812	Work/Data/ClothModelParam/ClothBottomsSkirtMiniGobelin.data__ClothModelParam.gyml
0xcd32d2bb	Work/Data/ClothModelParam/ClothAllMascotLongHorse.data__ClothModelParam.gyml
0xcd3bbcc7	ClothBottomsPantsWideKnit
0xcd3bd0b3	Eighth
0xcd52b00c	Player.GoodsInfo2.CDAnimeSong.State
0xcd5670bf	UGC.Interior.IsCopy
0xcd56853b	ClothSocksKneeSocks
0xcd57c908	Maracas
0xcd62183b	UgcGoods
0xcd68fc13	Player.InteriorRoomStyleInfo.Game01.State
0xcd6aae5e	Player.GoodsInfo2.TraditionalSpanishWaterBottle.OwnNum
0xcd6c79a9	Player.GoodsInfo2.GamePuzzle.OwnNum
0xcd6d22e9	Player.InteriorRoomStyleInfo.MovingBox00.KeyHash
0xcd6f9b4e	Work/Confluence/PageInfo/HairAll046.pp__Confluence__PageInfo.gyml
0xcd708260	Work/Data/ClothModelParam/ClothTopslongBoxDressLongRagged.data__ClothModelParam.gyml
0xcd73a733	TreasurePetEmotionTelopChatDifficultSpeech
0xcd7d9d0f	Work/Data/Destination/DemoArea/FacilityPark_SpaceCenterPos.data__destination__DemoArea.gyml
0xcd82c7de	Player.InteriorRoomStyleInfo.Minimul07.IsNewlyOwned
0xcd876aac	ClothSocksSpider
0xcd8dbaf8	Mii.CharacterParam.Audaciousness
0xcd8f90d6	Event0049FL
0xcd913171	NotePCGroupSilentlyTerraceBench
0xcd93f0ad	TroubleLoverWantedBranch
0xcd956a32	Work/Data/ClothModelParam/ClothTopsCropped.data__ClothModelParam.gyml
0xcd95d835	Player.InteriorRoomStyleInfo.Midcentury00.FirstObtainedSec
0xcd966f54	Player.InteriorRoomStyleInfo.Street00.InformedNewRelease
0xcd96937e	Player.GoodsInfo2.SpeechBubblePlatinum
0xcd96dc89	FourCharacterAutoChange
0xcd9a67b7	Player.InteriorRoomStyleInfo.Steampunk00.OwnNum
0xcd9e87e6	SitUpExerciseMyRoom
0xcd9ea7c4	ClothHeadwearOrnamentFrontBigRibbon
0xcda310c1	Childcare.Pending.HabitOwnInfo.VoiceSmall.State
0xcda35b79	Work/Data/ClothModelParam/ClothTopsYshirtHalfPatterned.data__ClothModelParam.gyml
0xcda4c743	Player.InteriorRoomStyleInfo.Party01.IsNewlyOwned
0xcda4dcb1	Player.InteriorRoomStyleInfo.GardenWedding00
0xcda85037	Work/Data/ClothParam/ClothTopsTshirtSleevelessBorder.data__ClothParam.gyml
0xcda92666	ClothTopslongOverallLongOverallDenim
0xcdade14f	Work/Data/ClothModelParam/ClothSocksKneeSleeve.data__ClothModelParam.gyml
0xcdb34d12	PublicBath00
0xcdb74611	Info
0xcdba21b0	Shoes
0xcdbc2236	Mii.Belongings.RoomStyleInfo.Flag.Triangle02
0xcdc0b694	TreasurePetEmotionTelopChatNoFeaturesAtLivingFloorSpeech
0xcdca3fa0	Player.InteriorRoomStyleInfo.Garage06.OwnNum
0xcdcd9839	ClothHeadwearHatTowel
0xcdce7327	Player.HabitInfo2.StandProudly.LastObtainedSec
0xcdce9be9	TreasureGameEmotionTelopChatInterestingSitOnFountain
0xcdceab9e	MakeLaughToOneSideLove
0xcdd5b5c9	DemoDM104068NotLoverKnow
0xcdd99edc	Work/Confluence/PageInfo/HairFront055.pp__Confluence__PageInfo.gyml
0xcde2db7b	Work/Data/ClothParam/ClothHeadwearOrnamentSideRibbon.data__ClothParam.gyml
0xcde453f7	Work/Confluence/PageInfo/HairAllLegacy014.pp__Confluence__PageInfo.gyml
0xcde4e320	Unlock.CoupleCount
0xcde6c539	Western00
0xcde948c7	ConfessionSuccessRival0
0xcdecb823	Work/Data/CoordinateClothInfo/Coordinate0217.data__CoordinateClothInfo.gyml
0xcdef19e3	HouseMapId
0xcdef7a91	MiiHistory.Info.ItemType
0xcdf31eb5	UGC.Cloth.WordAttrGrammaticality
0xcdf378b0	MiiEvent_OnesideTriangleDeject
0xcdf48a35	House.RoomStyleInfo.Flag.HoneycombTile02
0xcdfa5e1c	Player.InteriorRoomStyleInfo.PublicBath00.LastObtainedSec
0xce024d74	House.RoomStyleInfo.Flag.Cemetery00
0xce05e3f2	AttrSmellType
0xce09df9d	Goldfish
0xce0e7dd3	Player.GoodsInfo2.GameEducation.OwnNum
0xce11bbb8	Mii.Belongings.RoomStyleInfo.Flag.Fantasy02
0xce15d990	ObjBenchHome_06
0xce1b2315	Work/Data/ClothModelParam/ClothTopsCoatLongSamuraiArmor.data__ClothModelParam.gyml
0xce1dd518	ObjFlowerpot_06
0xce20009b	Steak
0xce26c2d7	ItemChristmas00_Chair_Demo
0xce27b41f	RoomDoorToilet_RightDoorKnob
0xce2ae31d	Work/Confluence/PageInfo/HairBack006.pp__Confluence__PageInfo.gyml
0xce300be1	Player.HabitInfo2.LifeTimeNightOwl.LastObtainedSec
0xce376355	ConfessionSuccessReturn
0xce3b06ad	Work/Data/ClothParam/ClothHeadwearGlassHeart.data__ClothParam.gyml
0xce3fcc45	ClothAllBodySuitLongHero
0xce40585c	Work/Data/CoordinateAttribute/Coordinate0247.data__CoordinateAttribute.gyml
0xce42ccda	Work/Data/ClothParam/ClothTopslongOverallLongIceHockey.data__ClothParam.gyml
0xce488f7e	Work/Data/Destination/ActionPoint/FacilityFamilyRestaurant_DoorOutside.data__destination__ActionPoint.gyml
0xce4dca44	Place_House_Sofa_NotGoods
0xce4fb6d2	Lower
0xce5a3b5f	CDPopMusic
0xce5ab71e	Player.GoodsInfo2.Lion.IsNewlyOwned
0xce5c1eae	ClothTopslongOverallLongNinja
0xce5e1c9b	ObjFantasy00_PlantF
0xce63f124	LvUPGoods_Knitting_Outdoor
0xce68b074	Place_House_LDK_WithLoversOnly
0xce6927c0	Work/Data/ClothModelParam/ClothAccessoryBagSchool.data__ClothModelParam.gyml
0xce695add	Player.InteriorRoomStyleInfo.Japanese00.OwnNum
0xce797705	Work/Data/CoordinateClothInfo/Coordinate0235.data__CoordinateClothInfo.gyml
0xce7bde93	Owner_MiiA
0xce839dba	Work/Data/CoordinateClothInfo/Coordinate0018.data__CoordinateClothInfo.gyml
0xce85bf4f	Work/Data/ClothParam/ClothBottomsPantsLongRagged.data__ClothParam.gyml
0xce8d18e1	Yen
0xce905a61	Easel
0xce90914d	Player.InteriorRoomStyleInfo.StarPrint01.LastObtainedSec
0xce911aa0	Player.InteriorRoomStyleInfo.Gym01.OwnNum
0xce96ba37	ClothBottomsSkirtBoxMini
0xce9b35f2	Work/Data/ClothModelParam/ClothTopslongBoxDressSleevelessBathTowel.data__ClothModelParam.gyml
0xce9ba104	Work/Data/CoordinateAttribute/Coordinate0080.data__CoordinateAttribute.gyml
0xcea1a220	BirthDay_Year
0xcea88fe3	ClothHeadwearHatSombrero
0xceadbfd3	Player.GoodsInfo2.ShigarakiWare.State
0xceae8b37	ClothTopsTshirtHalfTiedye
0xceb376a9	Work/Data/ClothModelParam/ClothBottomsPantsWideCheckHalf.data__ClothModelParam.gyml
0xceb7e02a	SonohenNoIshikoro
0xcebc79d9	TreasureMovieEmotionTelopChatImpressedAtLivingFloor
0xcebe03d7	Player.InteriorRoomStyleInfo.Dot06.OwnNum
0xcebf50a6	Work/Data/ClothModelParam/ClothHeadwearHatEgg.data__ClothModelParam.gyml
0xcebf786d	Player.InteriorRoomStyleInfo.Minimul03.InformedNewRelease
0xcec4056f	IsViewedSequenceImportTrialSaveData
0xcec77011	ItemGarage00_Chair_06_Demo
0xcec7f503	House.RoomStyleInfo.Flag.Midcentury01
0xcec8ce13	Place_MapObj_TerraceBench_WithLovers_raw
0xcec9caf9	Work/Data/ClothModelParam/ClothAllCylinderLongCake.data__ClothModelParam.gyml
0xcecb86c2	Work/Data/ClothParam/ClothBottomsPantsLongHot.data__ClothParam.gyml
0xced2d7e3	ClothTopsYshirtLongCowboy
0xcedb3d13	ObjVendingMachine_03
0xcedf80e9	Mii.Belongings.RoomStyleInfo.Flag.WesternStyle06
0xcee04757	Player.InteriorRoomStyleInfo.LightStick07.OwnNum
0xcee442e8	UGC.SuspendData.UgcClothType
0xcee491ae	Costume
0xceeb569d	SpeechBubblePlatinum
0xcef35f4a	Player.HabitInfo2.StandCute
0xcef6a90d	Player.GoodsInfo2.MiniCar.OwnNum
0xcef86b82	Work/Data/ClothModelParam/ClothBottomsSkirtLongLemon.data__ClothModelParam.gyml
0xcefce8ad	Player.InteriorRoomStyleInfo.StarPrint03.OwnNum
0xcefd8402	UGC.Cloth.NetworkUuid
0xcf021353	Work/Data/ClothParam/ClothShoesSneakerMoccasin.data__ClothParam.gyml
0xcf074dcd	Player.GoodsInfo2.MiniCar
0xcf09885a	Mii.Belongings.RoomStyleInfo.Flag.StarPrint04
0xcf0a8c9c	BookSomeonesNote
0xcf0aa17f	Location
0xcf0e3720	Antique07
0xcf153863	Player.InteriorRoomStyleInfo.Stadium00.KeyHash
0xcf1afb87	Mii.Belongings.RoomStyleInfo.Flag.Garage07
0xcf210361	Work/Data/ClothParam/ClothTopslongAlongLongFlower.data__ClothParam.gyml
0xcf21aab4	Work/Data/ClothModelParam/ClothBottomsPantsLongShort.data__ClothModelParam.gyml
0xcf21bc3c	ObjCat00_Bowl
0xcf27c6d6	Player.HabitInfo2.GreetingTypeCackle
0xcf2b41d4	Player.GoodsInfo2.MiniCar.State
0xcf3077a5	MarketCoordinateInfo
0xcf33aec0	FacilityFamilyFerrisWheel_BreakupPlace0
0xcf35bcce	Work/Data/ClothModelParam/ClothTopsCoatLongSanta.data__ClothModelParam.gyml
0xcf35c4a9	CoupleCount
0xcf4170b4	Player.GoodsInfo2.RandomKey.IsNewlyOwned
0xcf49f7f4	Player.InteriorRoomStyleInfo.Damask05.State
0xcf4b26bf	ObjBrooklyn00_Ceiling
0xcf4b7db5	Player.InteriorRoomStyleInfo.StarPrint00.KeyHash
0xcf545ed4	Work/Data/ClothParam/ClothHeadwearHatStraw.data__ClothParam.gyml
0xcf58f9ca	TravelPlaceN003S4
0xcf5d290e	NoInputPlayTimeCameraDistanceLevel
0xcf5e9385	BuildPhotoStudio
0xcf608b62	Work/Data/ClothParam/ClothTopsCoatLongApron.data__ClothParam.gyml
0xcf62ff9d	Player.InteriorRoomStyleInfo.Shoji01.InformedNewRelease
0xcf659416	DailyLog.EnterFacilityMarketNight
0xcf660ff5	Trouble_FightFriend_Success
0xcf69da33	Sitting
0xcf6a4355	NoDir1Grid_DustBin
0xcf6aec73	Work/Data/CoordinateClothInfo/Coordinate0109.data__CoordinateClothInfo.gyml
0xcf6c938f	LvUPGoods_jogging
0xcf6e81ce	TroubleLiveTogetherThanksGenerate
0xcf701f29	UgcGoods01
0xcf77f689	Work/Data/CoordinateAttribute/Coordinate0091.data__CoordinateAttribute.gyml
0xcf781062	Player.HabitInfo2.WalkNoSwinging.IsNewlyOwned
0xcf79941d	Work/Data/Destination/DemoArea/FacilityPawnShop_Entrance.data__destination__DemoArea.gyml
0xcf7b30ed	DemoEndTimeAry
0xcf7c61ad	Coordinate0125
0xcf83cf1f	Concrete
0xcf889c4f	Player.InteriorRoomStyleInfo.MovingBox01.OwnNum
0xcf8fa3d2	Nowhere
0xcf91863f	Place_MapObj_TableBench
0xcf98eaf0	EmotionTelopChatDarkGuitarShowAtLivingFloor
0xcf9a13ea	UGC.Cloth.HowToCallName
0xcfa66e95	Player.InteriorRoomStyleInfo.Wedding02.InformedNewRelease
0xcfa92006	House.RoomStyleInfo.Flag.Fruit04
0xcfae13b3	UGC.Cloth.IslandNameRegionLanguageID
0xcfb36a0c	Mouth
0xcfb47ee9	Work/Data/ClothModelParam/ClothAccessoryBackMagicCircle.data__ClothModelParam.gyml
0xcfb7c418	UGC.SuspendData.UgcMaterialType
0xcfbb332b	DemoSB044500
0xcfbf293c	Loofah
0xcfc298dd	Bad00
0xcfccee20	Player.InteriorRoomStyleInfo.Garage04.LastObtainedSec
0xcfcd4205	House.RoomStyleInfo.Flag.Horror00
0xcfd56106	BreakGas
0xcfd62713	Player.InteriorRoomStyleInfo.Sauna00.KeyHash
0xcfdacb44	ClothTopslongAlongHalfCachecoeur
0xcfdb0f5f	Mii.Belongings.HabitOwnInfo.BreakGas
0xcfdc6c53	Work/Data/ClothParam/ClothShoesHighcutRubberToe.data__ClothParam.gyml
0xcfe5ccb5	Mii.Belongings.RoomStyleInfo.Flag.Triangle03
0xcfeb8217	ObjKids00_Rack
0xcfef2e7f	TreasureGameEmotionTelopChatNoFeaturesSitOnSofaTVMode
0xcff0f2e2	Cyan
0xcff11e08	Work/Data/ClothParam/ClothTopsYshirtPuffSmock.data__ClothParam.gyml
0xcff5f935	Childcare.Pending.HabitOwnInfo.OftenCrossArms.IsChecked
0xcff9e56f	Player.GoodsInfo2.Lion.OwnNum
0xcffb855d	GenerateOnesideLove
0xcffeccc2	UGC.MapObject.UvPatternIdx
0xd001b3cf	ClothAccessoryBackSword
0xd00d7300	Player.GoodsInfo2.MapleSyrupSamplingPort
0xd0123016	Work/Data/CoordinateClothInfo/Coordinate0120.data__CoordinateClothInfo.gyml
0xd0232b10	VeryBad01
0xd0297001	Work/Data/ClothModelParam/ClothHeadwearHatSki.data__ClothModelParam.gyml
0xd02c9ad7	DemoPR000091
0xd02e5f6b	Player.InteriorRoomStyleInfo.Dinosaur00.OwnNum
0xd03682b7	ObjBenchPark_center
0xd03bc5ce	House.RoomStyleInfo.Flag.SF02
0xd03c75a6	Player.HabitInfo2.GreetingTypeBig.IsNewlyOwned
0xd03e8b4e	Childcare.Pending.HabitOwnInfo.StandShakeHip
0xd03feeb6	Group_Event0018
0xd0432c0b	ItemBungeeJumpStep
0xd0466bab	Work/Confluence/PageInfo/HairAll062.pp__Confluence__PageInfo.gyml
0xd0494a7a	NoGroup_Event0027FL2
0xd04b2ee7	Work/Data/ClothModelParam/ClothTopsTshirtHalfCar.data__ClothModelParam.gyml
0xd0526676	Player.InteriorRoomStyleInfo.WoodBoard02.LastObtainedSec
0xd05618c7	ObjWedding00_Chair
0xd0569933	Text
0xd056b1c0	FightNonreconcillationFriend
0xd057621d	DemoDM104023
0xd0584d9d	TopsLongAlineL
0xd05dad3a	Player.InteriorRoomStyleInfo.Western00.KeyHash
0xd0607ec4	Player.GoodsInfo2.ReplicaSword.LastObtainedSec
0xd061bc81	Player.InteriorRoomStyleInfo.TropicalSea00.State
0xd0668b72	ObjHeart00_BookShelf
0xd06f4cdc	Player.GoodsInfo2.Compass.IsNewlyOwned
0xd0763f87	Player.GoodsInfo2.CDGameMusic.State
0xd07d33fc	Work/Confluence/PageInfo/HairAll033.pp__Confluence__PageInfo.gyml
0xd07d34f9	Player.InteriorRoomStyleInfo.MonitorRoom00.KeyHash
0xd0803e29	Trouble_GoodsGame_Failure
0xd08387ba	ItemShopDisplayItem
0xd0882636	Mii.MiiMisc.BondInfo.Meter
0xd09c3539	Player.GoodsInfo2.TomodachiCollection.LastObtainedSec
0xd0a580e6	Player.HabitInfo2.GreetingOsu
0xd0a816d1	Work/Data/ClothModelParam/ClothTopsCoatLongLeather.data__ClothModelParam.gyml
0xd0a95ebb	House.RegionLanguageID
0xd0afed22	Work/Data/CoordinateAttribute/Coordinate0092.data__CoordinateAttribute.gyml
0xd0b25abe	DemoPR000045Food01
0xd0b60bbb	Coordinate0175
0xd0b821af	Player.InteriorRoomStyleInfo.Triangle01.State
0xd0b85f01	Work/Data/ClothParam/ClothTopsCoatLongDotera.data__ClothParam.gyml
0xd0b8a121	Player.InteriorRoomStyleInfo.Asianresort01.InformedNewRelease
0xd0c64bd8	Player.InteriorRoomStyleInfo.Shoji00.KeyHash
0xd0d20710	Daruma
0xd0db48b1	ObjLanternSakura_04
0xd0dbebc6	ClothBottomsPantsWideSoccor
0xd0dd07a4	OnlyOwner
0xd0de7c78	Work/Data/CoordinateAttribute/Coordinate0266.data__CoordinateAttribute.gyml
0xd0e31fd6	Player.GoodsInfo2.Spirit
0xd0e74d67	ObjGame00_Grass3
0xd0eb0457	EnterEncyclopedia
0xd0ebe950	EyebrowHeavyLitleHighAngle
0xd0ec136f	TreasureBookEmotionTelopChatDifficultSpeech
0xd0ecc741	Player.InteriorRoomStyleInfo.WesternStyle00.OwnNum
0xd0f3b5d0	Player.GoodsInfo2.CrownCap.State
0xd0f7aec9	TreasureMovieEmotionTelopChatDifficultAtLivingFloor
0xd0f93509	Work/Data/ClothModelParam/ClothShoesSandalJelly.data__ClothModelParam.gyml
0xd0fd7fe0	Work/Data/ClothModelParam/ClothSocksEmbroidery.data__ClothModelParam.gyml
0xd0fdc4c0	Work/Data/ClothParam/ClothHeadwearHatJetSimple.data__ClothParam.gyml
0xd0ff1031	ObjFencePipe_center
0xd105d609	ClothHeadwearCoverCatcher
0xd106b986	Work/Data/ClothParam/ClothTopsTshirtLongRagged.data__ClothParam.gyml
0xd108a713	Work/Confluence/PageInfo/HairAllLegacy052.pp__Confluence__PageInfo.gyml
0xd10bb33d	House.RoomStyleInfo.Flag.Stuffed03
0xd10e4d08	ObjBook00_Book
0xd110f485	Player.InteriorRoomStyleInfo.Dot03.IsNewlyOwned
0xd114bee8	Player.InteriorRoomStyleInfo.Camouflage03.OwnNum
0xd1195d15	Work/Data/ClothModelParam/ClothShoesPointedWingTip.data__ClothModelParam.gyml
0xd11ac10a	Work/Data/ClothModelParam/ClothTopslongBoxDressHalfCamisole.data__ClothModelParam.gyml
0xd1215e2f	VendingMachine
0xd121de3e	Work/Data/ClothParam/ClothHeadwearGlassEyepatch.data__ClothParam.gyml
0xd1231924	Work/Data/CoordinateAttribute/Coordinate0268.data__CoordinateAttribute.gyml
0xd1250f84	Work/Data/ClothModelParam/ClothAccessoryBackAngel.data__ClothModelParam.gyml
0xd12d5f9c	Work/Data/ClothParam/ClothTopsYshirtHalfPolice.data__ClothParam.gyml
0xd12e15d4	Coordinate0180
0xd12eff4a	Player.InteriorRoomStyleInfo.MultiDot03.KeyHash
0xd13601a0	ClothTopsLace
0xd1366da4	DefaultSec
0xd13a0011	Work/Data/ClothParam/ClothHeadwearCostumeHeart.data__ClothParam.gyml
0xd13c8ef0	ObjShowerOutdoor_07
0xd13e486c	DailyLog.PresentFoodCount
0xd13e751b	Player.NextGeneratableTroubleIslandEditTime
0xd13fb564	Work/Data/CoordinateAttribute/Coordinate0176.data__CoordinateAttribute.gyml
0xd1411c22	Player.GoodsInfo2.DarumaDrop.IsNewlyOwned
0xd141db4e	bn3
0xd14753e0	Player.HabitInfo2.FaceSmile.State
0xd158a273	Work/Data/CoordinateAttribute/Coordinate0006.data__CoordinateAttribute.gyml
0xd15ab7c5	Player.InteriorRoomStyleInfo.SmallFlower01.IsNewlyOwned
0xd15c89e1	Player.GoodsInfo2.Bonsai.LastObtainedSec
0xd15fc9bf	Pet06
0xd1650473	Player.InteriorRoomStyleInfo.Garage04.InformedNewRelease
0xd17301ec	Work/Data/ClothModelParam/ClothSocksWholeLace.data__ClothModelParam.gyml
0xd17c7bb4	Childcare.Pending.NextTime
0xd17d45b4	ExLoversBecomeLoversAgain
0xd17df313	Work/Confluence/PageInfo/HairAll093.pp__Confluence__PageInfo.gyml
0xd17e7752	HouseDollHouseDoor_RightDoorKnob
0xd17fe352	ObjDog00_Ball
0xd1808061	ObjSafetyCone_04
0xd184ca09	InAfsource
0xd1858060	Player.InteriorRoomStyleInfo.Atelier00.LastObtainedSec
0xd188be7d	ObjShowa00_Ceiling
0xd18cebb1	Work/Data/ClothParam/ClothBottomsSkirtBoxWrap.data__ClothParam.gyml
0xd18dfe8b	ClothBottomsPantsLongDenim
0xd18fc3a6	ClothBottomsSkirtMiniSequins
0xd19bb313	NappingOpenMouth
0xd19ce2b7	Work/Data/ClothParam/ClothTopslongSalopetteHalfSafari.data__ClothParam.gyml
0xd19fb71b	Player.InteriorRoomStyleInfo.NeonSign00.LastObtainedSec
0xd19fe1de	ClothHeadwearMaskGasMask
0xd1a0a3e5	TreasureBookEmotionTelopChatNoFeaturesSitOnTheBench
0xd1a5bd85	ClothTopslongDressLongSteamPunk
0xd1b115ab	Player.HabitInfo2.FaceRaiseEyebrows.State
0xd1b269d8	Player.GoodsInfo2.DVDLove.State
0xd1b37f49	CherryBlossom_Road
0xd1b3b197	UGC.MapObject.Price
0xd1b40623	Work/Data/ClothModelParam/ClothHeadwearHatSombrero.data__ClothModelParam.gyml
0xd1b597ce	Player.InteriorRoomStyleInfo.Fruit02.KeyHash
0xd1bdd615	Player.InteriorRoomStyleInfo.Damask00.LastObtainedSec
0xd1df2095	Fruit06
0xd1e1939f	ClothTopsCoatLongAogam
0xd1e4d49d	HairFront
0xd1e80ab6	Player.InteriorRoomStyleInfo.WesternStyle04.IsNewlyOwned
0xd1e80bf5	Work/Data/ClothModelParam/ClothHeadwearProtectorBatter.data__ClothModelParam.gyml
0xd1ee0f8b	Work/Data/ClothParam/ClothAccessoryNeckCoin.data__ClothParam.gyml
0xd1ee2854	Work/Data/Destination/DemoArea/FacilityFerrisWheel_FrontAllSpace.data__destination__DemoArea.gyml
0xd1f3cda9	Player.InteriorRoomStyleInfo.StainedGlass02.OwnNum
0xd1f56f6f	Work/Confluence/PageInfo/HairFront068.pp__Confluence__PageInfo.gyml
0xd1fe33ae	Work/Data/ClothModelParam/ClothTopslongAlineLongFormal.data__ClothModelParam.gyml
0xd20296c3	ClothHeadwearOrnamentTopLeaf
0xd2038fd8	Sanma
0xd20fb6d1	Coordinate0132
0xd2113c3e	MapObjectObj_Name
0xd21b65b6	Water
0xd21bc79a	Mii.Belongings.HabitOwnInfo.StandRestless.IsOwn
0xd21e2929	Player.GoodsInfo2.Faucet.IsNewlyOwned
0xd2234fa7	Event0011CH
0xd2239b55	Player.InteriorRoomStyleInfo.Train01
0xd230dbbf	Player.InteriorRoomStyleInfo.Otaku03.IsNewlyOwned
0xd230fa17	ObjBeachBed_Center
0xd237d82e	DemoPR000090
0xd243e13c	Player.InteriorRoomStyleInfo.Hospital00.IsNewlyOwned
0xd24f3e90	House.RoomStyleInfo.Flag.Triangle03
0xd250a93a	Work/Data/ClothParam/ClothTopslongAlineSleevelessRetro.data__ClothParam.gyml
0xd25345b3	Cancel
0xd2554be5	EmotionTelopChatLaugh
0xd25b78f6	Work/Data/ClothModelParam/ClothTopsCoatLongKnit.data__ClothModelParam.gyml
0xd25f3989	Work/Data/CoordinateClothInfo/Coordinate0103.data__CoordinateClothInfo.gyml
0xd26c62eb	Work/Data/ClothParam/ClothHeadwearMaskHockey.data__ClothParam.gyml
0xd26e83fa	Work/Data/ClothModelParam/ClothTopslongUgcAlineLong.data__ClothModelParam.gyml
0xd272c788	Player.InteriorRoomStyleInfo.Game00.State
0xd2736e37	Player.InteriorRoomStyleInfo.Wrestling00.FirstObtainedSec
0xd273ad77	Player.ClothInfo.OwnInfoArray.State
0xd273ebf8	UGC.MapFloor.IslandNameRegionLanguageID
0xd27449f9	Work/Data/ClothModelParam/ClothTopsTshirtHalfHeart.data__ClothModelParam.gyml
0xd27af161	Player.HabitInfo2.GetAngryTypeRegretfulTears.IsNewlyOwned
0xd27fa983	EmotionTelopChatLoveSitOnTheGround
0xd27faa7a	Trouble_FightFriend_Failure
0xd280cdaf	House.RoomStyleInfo.Flag.Minimul02
0xd28a40a6	Work/Data/ClothParam/ClothAccessoryWaistHen.data__ClothParam.gyml
0xd28a7fe8	Player.GoodsInfo2.FamousMountainCalendar
0xd28ad500	House.RoomStyleInfo.Flag.Dot01
0xd28b84dc	UGC.Text.TextData.Genre
0xd28c6152	ObjGarage00_Ceiling
0xd293fd53	Food03
0xd294824e	Player.InteriorRoomStyleInfo.Gold00
0xd29db802	House.RoomStyleInfo.Flag.Otaku02
0xd2aa8a5d	Mii.Belongings.RoomStyleInfo.Flag.PublicBath00
0xd2ad5722	RandomPriority
0xd2ad5b6c	ClothAccessoryWaistDragon
0xd2b248eb	Street00
0xd2b3502b	GetAngry
0xd2b7d3ad	ClothSocksHoled
0xd2b856e7	Work/Data/ClothParam/ClothShoesSandalBeach.data__ClothParam.gyml
0xd2ba2cb9	Player.InteriorRoomStyleInfo.MultiDot03.FirstObtainedSec
0xd2bbcb38	Player.GoodsInfo2.Bill.IsNewlyOwned
0xd2c43946	RoomCarpet
0xd2c6d1d4	Mii.Belongings.RoomStyleInfo.Flag.Game01
0xd2cb31dd	Work/Confluence/PageInfo/HairAllLegacy002.pp__Confluence__PageInfo.gyml
0xd2cbf382	Work/Data/ClothParam/ClothTopsSwim.data__ClothParam.gyml
0xd2d41e68	ClothHeadwearHatBirthday
0xd2d69935	Player.InteriorRoomStyleInfo.Otaku03
0xd2d7c699	Player.InteriorRoomStyleInfo.Nobility02
0xd2dfb97b	ObjTrafficLight_03
0xd2fd7ddc	Work/Confluence/PageInfo/HairAll082.pp__Confluence__PageInfo.gyml
0xd30acfee	BGMVolume
0xd30fec8d	Work/Confluence/PageInfo/HairBack012.pp__Confluence__PageInfo.gyml
0xd312d4af	Work/Data/ClothModelParam/ClothTopslongAlongLongFlower.data__ClothModelParam.gyml
0xd3160487	TreasureAnythingEmotionTelopChatInterestingAtRoom
0xd319d2ae	ClothHeadwearHatBeret
0xd326dcab	ExplainUgcMaking
0xd32836bc	EmotionTelopChatLaughShort
0xd328dce5	ClothHeadwearProtectorAmericanfootball
0xd32b016d	DailyLog.EnterFacilityMarketSale
0xd32bc489	Player.HabitInfo2.StandToeOut.OwnNum
0xd3320666	Player.InteriorRoomStyleInfo.Cage00.FirstObtainedSec
0xd337a606	Player.InteriorRoomStyleInfo.Dot05.State
0xd34155f0	Childcare.Pending.HabitOwnInfo.VoiceGloomy
0xd3429fe0	ItemParty00_Demo_ItemLeft
0xd3442cf3	ObjSprinkler
0xd3470138	Work/Data/ClothModelParam/ClothHeadwearHatAcorn.data__ClothModelParam.gyml
0xd34bcb7c	Childcare.Pending.HabitOwnInfo.GreetingTypeCackle
0xd350c4bd	Place_House_DiningTable
0xd3510b78	Animal
0xd352f0b1	ObjRoadSign_01
0xd3570b30	Work/Data/ClothModelParam/ClothShoesBootsLongRain.data__ClothModelParam.gyml
0xd3597920	Player.HabitInfo2.StomachBig.IsNewlyOwned
0xd35f53c0	TreasureMovieEmotionTelopChatImpressedSitOnSofa
0xd362982e	Work/Data/ClothModelParam/ClothTopsCoatLongKnitGown.data__ClothModelParam.gyml
0xd363cc48	Player.InteriorRoomStyleInfo.Stadium01.InformedNewRelease
0xd367a313	ClothSocksKneeSleeve
0xd36bae69	Player.GoodsInfo2.Camera.OwnNum
0xd36d566d	Childcare.Pending.HabitOwnInfo.WalkScurry.IsOwn
0xd371b5f2	VeryGood02
0xd37a7404	Coordinate0169
0xd37d0fcc	Work/Data/ClothParam/ClothAllBoxLongBuilding.data__ClothParam.gyml
0xd37eb680	Player.InteriorRoomStyleInfo.Street00.FirstObtainedSec
0xd383d4b6	Trouble_FallInOneSideLove_Failure
0xd385d470	Event0022CH2
0xd3871425	Player.GoodsInfo2.WoolFelt.OwnNum
0xd387c19e	Player.InteriorRoomStyleInfo.Cemetery00.OwnNum
0xd387d1f4	Player.GoodsInfo2.Bonsai
0xd388f49f	News.ItemInfo
0xd38ed4b5	Player.InteriorRoomStyleInfo.Fruit00.OwnNum
0xd3902343	Trouble_FriendOther_Failure
0xd394f065	ObjNewlife00_Rack
0xd397895d	House.RoomStyleInfo.Flag.Baby00
0xd39ad773	Communicate013
0xd39e49bd	Player.ClothShopDailyItem.DailyClothInfo.Color
0xd39f5029	TroubleChildBirthGenerate
0xd3a355b5	ClothBottomsSkirtLongDrape
0xd3a49ddb	Player.HabitInfo2.GreetingBow.LastObtainedSec
0xd3a97a54	Work/Data/ClothParam/ClothHeadwearOrnamentSidePin.data__ClothParam.gyml
0xd3aa4499	Player.GoodsInfo2.Nekojarashi.LastObtainedSec
0xd3abb78d	Work/Data/ClothModelParam/ClothHeadwearHatBee.data__ClothModelParam.gyml
0xd3ae2daa	HouseLDK
0xd3b014c3	Player.InteriorRoomStyleInfo.Minimul00.State
0xd3b34e7d	Work/Data/ClothModelParam/ClothHeadwearCostumeReindeer.data__ClothModelParam.gyml
0xd3b3ecb8	TreasureRecordEmotionTelopChatNoFeaturesAtLivingFloor
0xd3b7ea30	Player.InteriorRoomStyleInfo.SmallFlower01.InformedNewRelease
0xd3bd5254	Work/Data/ClothParam/ClothAllCylinderLongCake.data__ClothParam.gyml
0xd3bf0dd2	Work/Data/ClothModelParam/ClothBottomsPantsWideCorduroy.data__ClothModelParam.gyml
0xd3bf8a29	Childcare.Pending.HabitOwnInfo.WalkSwagger.IsChecked
0xd3c03d76	Player.FoodShopDailyItem.DailyFoodStringId
0xd3c6c183	Event0026CH
0xd3cbbc02	Player.GoodsInfo2.Crystal.OwnNum
0xd3cc417e	Player.InteriorRoomStyleInfo.Festival00.InformedNewRelease
0xd3cc5079	Player.InteriorRoomStyleInfo.Gym01
0xd3d007f3	Source
0xd3d16366	Work/Data/Destination/DemoArea/FacilityFamilyRestaurant_FreeSpace.data__destination__DemoArea.gyml
0xd3d174d4	Player.GoodsInfo2.Amber.LastObtainedSec
0xd3d69380	DemoPR000054
0xd3d9271c	Work/Data/ClothParam/ClothHeadwearHatCook.data__ClothParam.gyml
0xd3dc1cc2	Player.HabitInfo2.OftenCrossArms.IsNewlyOwned
0xd3e9a56c	House.RoomStyleInfo.Flag.StarPrint00
0xd3e9b619	WalkToeIn
0xd3ef356a	ObjStar00_Table
0xd401b844	Communicate003
0xd4091f5b	CoolDownFightOverFriend
0xd40adf81	GameAdventure
0xd40c767b	Office00
0xd40f2e29	ClothTopsTshirtHalfCamisoleTshirt
0xd40fe434	Player.InteriorRoomStyleInfo.Labo00.IsNewlyOwned
0xd4164f63	Player.HabitInfo2.VoiceSmall
0xd4178047	Work/Data/ClothParam/ClothTopsCoatHalfHeartApron.data__ClothParam.gyml
0xd42017ee	Work/Data/ClothModelParam/ClothTopsMantleLongVampire.data__ClothModelParam.gyml
0xd424db63	Work/Data/CoordinateClothInfo/Coordinate0055.data__CoordinateClothInfo.gyml
0xd42644e8	Player.GoodsInfo2.Ruby
0xd4312e35	TreasureGameEmotionTelopChatInterestingSitOnTheGround
0xd432da7e	Player.GoodsInfo2.Carnation.LastObtainedSec
0xd43a91de	Work/Data/CoordinateAttribute/Coordinate0191.data__CoordinateAttribute.gyml
0xd43e93c0	MiiEvent_Event0028FL
0xd4478bd1	Pirates00
0xd44ad34b	StoneSpecimen
0xd44adaae	Player.HabitInfo2.GreetingHeadOnly.IsNewlyOwned
0xd44fa016	Shoji00
0xd452a5c6	House.RoomStyleInfo.Flag.LightStick03
0xd4541f94	ClothTopsYshirtHalfRibbon
0xd455a07f	NextGameTime
0xd456806e	Work/Data/Destination/ActionPoint/RoomDollHouseLDK_FrontRight.data__destination__ActionPoint.gyml
0xd459c6ba	Player.InteriorRoomStyleInfo.Sushi00.FirstObtainedSec
0xd45a5db8	Player.LastPlayerBirthdayTime
0xd45cf1eb	Work/Data/Destination/ActionPoint/RoomDollHouseLDK_BackRight.data__destination__ActionPoint.gyml
0xd45d9876	Pants
0xd4600f86	JoinQuestionTopMii
0xd461a384	StyleGroup_Christmas00
0xd4642e9f	Mii.Trouble.Info.NextGameTime
0xd464c188	Player.InteriorRoomStyleInfo.StarPrint03
0xd466ab4a	Player.GoodsInfo2.RadenAccessoryCase.OwnNum
0xd4689619	Player.InteriorRoomStyleInfo.Candy01.OwnNum
0xd46b1cfe	Player.GoodsInfo2.BookCover.LastObtainedSec
0xd46df986	Player.IslandName
0xd47cc286	DemoDM104005S1a
0xd48092bd	Work/Data/ClothModelParam/ClothBottomsPantsWideCowboy.data__ClothModelParam.gyml
0xd487b6d0	TreasureBookEmotionTelopChatNoFeaturesSitOnTheHouseDeck
0xd4950227	ShowerSprinklerGroup
0xd497a363	Work/Data/ClothParam/ClothAccessoryBagOutdoor.data__ClothParam.gyml
0xd49870e1	Mii.Belongings.HabitOwnInfo.GreetingVitality
0xd49c153e	EmotionTelopChatDarkGroundLight
0xd49ee494	Player.InteriorRoomStyleInfo.Train00
0xd4b0bd1a	GardenWedding00
0xd4b1605f	TravelPlaceN011S2
0xd4b93848	Pro
0xd4bc72f0	Mii.Belongings.HabitOwnInfo.GreetingCurtsy.IsOwn
0xd4c10afb	Supermarket00
0xd4ceaaa0	TreasureGameEmotionTelopChatBlushSitOnTheBench
0xd4d12ab3	Place_MapObj_GroundLight_raw
0xd4d50c24	NoGroup_Event0025CH2
0xd4d55684	EntryInfo
0xd4dafe17	Player.InteriorRoomStyleInfo.WesternStyle06.IsNewlyOwned
0xd4deddca	ClothTopslongAlineSleevelessChristmas
0xd4e1fd1a	ItemDilapidated00_Pail_Demo
0xd4e5a491	Work/Data/CoordinateClothInfo/Coordinate0194.data__CoordinateClothInfo.gyml
0xd4e685e3	ObjBathroom00_Shower
0xd4f68f0e	ClothHeadwearOrnamentSideMiniSilkHat
0xd4f86012	fn5
0xd4f8ae54	Player.InteriorRoomStyleInfo.Fruit02.State
0xd4f9b710	Player.InteriorRoomStyleInfo.SmallFlower06.LastObtainedSec
0xd502dbfd	MapGrid
0xd504cb61	Work/Data/ClothParam/ClothShoesPointedWooden.data__ClothParam.gyml
0xd504d12e	JoyCon
0xd50688de	Work/Data/CoordinateClothInfo/Coordinate0304.data__CoordinateClothInfo.gyml
0xd50bed8a	Work/Data/CoordinateClothInfo/Coordinate0323.data__CoordinateClothInfo.gyml
0xd50ca70a	Food02
0xd512925d	HotDog
0xd5169a3f	CheerUpSuccessMisc
0xd5187013	Work/Data/ClothModelParam/ClothHeadwearHatCawboy.data__ClothModelParam.gyml
0xd51bdd37	RandomItem
0xd51f58bb	Work/Data/ClothParam/ClothAccessoryBagSatchel.data__ClothParam.gyml
0xd520834b	Work/Data/ClothParam/ClothBottomsPantsLongMawashi.data__ClothParam.gyml
0xd520d292	Player.InteriorRoomStyleInfo.Stadium01.LastObtainedSec
0xd5311674	LastWatchedTime
0xd531dbaa	Player.InteriorRoomStyleInfo.Garden00
0xd5349d92	Player.InteriorRoomStyleInfo.WoodBoard07.LastObtainedSec
0xd53b457f	Mii.Belongings.HabitOwnInfo.OftenCrossArms.IsOwn
0xd53d2aad	TreasureRecordEmotionTelopChatBlushAtLivingFloorSpeech
0xd53e2a32	Work/Mii/EyeAccessoryParam/Eye078.mii__EyeAccessoryParam.gyml
0xd542ed00	Player.InteriorRoomStyleInfo.Garage02.FirstObtainedSec
0xd548ae4e	ObjSloppy00_Table
0xd5490407	DemoPR000057Food00
0xd54d6597	Player.GoodsInfo2.CDPopMusic.OwnNum
0xd54fd307	ObjAsianResort00_Light
0xd554c2b6	Work/Data/ClothModelParam/ClothTopslongBase.data__ClothModelParam.gyml
0xd5577864	Mii.Belongings.HabitOwnInfo.WalkFloat
0xd559ab55	Trouble_FightCouple_Failure
0xd55a8639	Player.GoodsInfo2.DirtySocks
0xd55af14f	Player.InteriorRoomStyleInfo.LockerRoom00.State
0xd55bdc2e	Work/Confluence/PageInfo/HairFront067.pp__Confluence__PageInfo.gyml
0xd55d5be8	News.ItemInfo.PresetItemId
0xd5677abf	VacantLand_2x2_High
0xd56a47fc	Player.InteriorRoomStyleInfo.StarPrint00.OwnNum
0xd56b708f	Work/Data/CoordinateClothInfo/Coordinate0084.data__CoordinateClothInfo.gyml
0xd5700453	Flag
0xd570f13e	Player.InteriorRoomStyleInfo.Asianresort01
0xd576c8f6	ClothShoesHighcutRubberToe
0xd5787793	Work/Data/ClothParam/ClothTopsYshirtLongHighNeck.data__ClothParam.gyml
0xd57e95ab	Work/Data/ClothModelParam/ClothSocksTights.data__ClothModelParam.gyml
0xd57f527e	Player.InteriorRoomStyleInfo.Garage00
0xd583f618	Work/Data/ClothModelParam/ClothBottomsPantsWideGaucho.data__ClothModelParam.gyml
0xd58eca08	LieFaceDown
0xd58fded7	Work/Data/CoordinateClothInfo/Coordinate0185.data__CoordinateClothInfo.gyml
0xd591fcc6	MiiEvent_Event0036CH
0xd593e292	Player.InteriorRoomStyleInfo.Shoji00.OwnNum
0xd5964a56	ClothTopslongBoxDressSleevelessAncient
0xd5978a5b	Player.GoodsInfo2.BaseBall.LastObtainedSec
0xd59d3744	Work/Data/ClothParam/ClothTopsOuterLongGradation.data__ClothParam.gyml
0xd59d888c	ObjSnowman_03
0xd5a0cec2	Work/Data/ClothModelParam/ClothHeadwearHatPierrot.data__ClothModelParam.gyml
0xd5ac684b	Work/Confluence/PageInfo/HairAll058.pp__Confluence__PageInfo.gyml
0xd5b677eb	Work/Data/ClothModelParam/ClothTopsTshirtHalfBaseball.data__ClothModelParam.gyml
0xd5c51b7c	Work/Data/ClothModelParam/ClothBottomsSkirtBoxDenim.data__ClothModelParam.gyml
0xd5d4852c	Player.GoodsInfo2.BigPot.State
0xd5d55f4a	Player.InteriorRoomStyleInfo.Bathroom01.InformedNewRelease
0xd5d92c75	Player.GoodsInfo2.BaseBall.OwnNum
0xd5e18881	Mii.Belongings.HabitOwnInfo.OftenCrossArms
0xd5e20c00	Work/Data/ClothModelParam/ClothTopsTshirtHalfFestival.data__ClothModelParam.gyml
0xd5e2ce09	Work/Data/CoordinateClothInfo/Coordinate0125.data__CoordinateClothInfo.gyml
0xd5ee521a	Mii.MiiMisc.ClothInfo.Coordinate.KeyHash
0xd5ef6548	ClothHeadwearHatWork
0xd5f027a7	Alpaca
0xd5f0786a	GoroGoro
0xd5f3f733	Player.InteriorRoomStyleInfo.Sakura00.KeyHash
0xd5f5a090	Work/Data/ClothParam/ClothHeadwearHatKnit.data__ClothParam.gyml
0xd5f638d4	EndGameTime
0xd5f7fa3b	Player.GoodsInfo2.TreeBranch.IsNewlyOwned
0xd5fe5c8a	ObjShowa00_Table
0xd6013e30	Player.GoodsInfo2.YogaSet
0xd6037e66	Dress
0xd6043ac2	Work/Data/ClothParam/ClothTopsTshirtLongCheckJacket.data__ClothParam.gyml
0xd61cb076	Player.InteriorRoomStyleInfo.Dot02.State
0xd6259cf5	Mii.Belongings.HabitOwnInfo.StandShakeHip.IsOwn
0xd6292f6d	Player.GoodsInfo2.Daphnia.State
0xd62b5bec	MustacheType
0xd63592ad	Player.HabitInfo2.FaceRaiseEyebrows.LastObtainedSec
0xd6372ebd	Mii.Belongings.RoomStyleInfo.Flag.Steampunk00
0xd63c1381	Mii.Belongings.HabitOwnInfo.ChangeCloth.IsChecked
0xd63c15ce	House.RoomStyleInfo.Flag.Beach00
0xd63e2c67	LvUPGoods_NotePC_House_raw
0xd640f8a0	FirstHungryTrouble
0xd64140ed	DemoDM104072
0xd64570be	FacilityPawnShop_Entrance
0xd64d2268	Player.InteriorRoomStyleInfo.WoodBoard05.State
0xd650fe73	Work/Data/ClothParam/ClothTopsYshirtHalfRugby.data__ClothParam.gyml
0xd656092f	Player.GoodsInfo2.GrandsonsHand.OwnNum
0xd6571672	Work/Data/CoordinateAttribute/Coordinate0083.data__CoordinateAttribute.gyml
0xd6661108	Mii.Belongings.HabitOwnInfo.ExpressionLess.State
0xd667499c	EmotionTelopChatDateWalkingParasol
0xd6710462	ObjFenceLattice_06
0xd6714dae	ClothHeadwearCostumePenguin
0xd673aca8	Work/Data/CoordinateAttribute/Coordinate0111.data__CoordinateAttribute.gyml
0xd679c77f	Mii.Belongings.RoomStyleInfo.Flag.Shoji01
0xd67b659c	ClothTopsBodyBaseBikini
0xd67cd498	Player.GoodsInfo2.CDJazz.OwnNum
0xd67e6cfa	Work/Data/CoordinateAttribute/Coordinate0234.data__CoordinateAttribute.gyml
0xd67ed9d3	Work/Data/ClothParam/ClothShoesLoaferBuckle.data__ClothParam.gyml
0xd681f580	StandOnRestaurantBreakupPlace
0xd6849fe7	Egg
0xd686fd28	Mii.Belongings.RoomStyleInfo.Flag.Otaku00
0xd6871dbc	Work/Data/ClothModelParam/ClothHeadwearCostumeMonster.data__ClothModelParam.gyml
0xd687e785	Player.InteriorRoomStyleInfo.Damask02.KeyHash
0xd68b38a3	Event0040CH
0xd6911488	ClothBottomsDiaper
0xd691afd5	Work/Data/ClothModelParam/ClothAccessoryChestBadgeText.data__ClothModelParam.gyml
0xd698cc37	ObjectSmellType
0xd6a4819a	Player.InteriorRoomStyleInfo.Fruit00.FirstObtainedSec
0xd6a4a3fb	House.RoomStyleInfo.Flag.Garage01
0xd6aaa58f	Mii.Belongings.HabitOwnInfo.StandSweatLot.IsOwn
0xd6ac320e	Waiwai
0xd6ad0e0b	Mii.MiiMisc.ClothInfo.IsTopsIn
0xd6be46a0	CommonMinigameHouse
0xd6c10e8e	Work/Data/ClothParam/ClothHeadwearHatKasa.data__ClothParam.gyml
0xd6c18295	ObjThrone_Center
0xd6c6a2f0	Work/Data/CoordinateClothInfo/Coordinate0157.data__CoordinateClothInfo.gyml
0xd6c9d1d6	LightStick02
0xd6d1f00f	OnesideLoveOther
0xd6d5a2bb	ClothAllCupLongGarbageCan
0xd6d69742	Player.GoodsInfo2.PigPiggyBank.State
0xd6e5a9fa	Work/Data/ClothParam/ClothAllBodySuitLongBaby.data__ClothParam.gyml
0xd6f4c11c	TreasureGoods_Game_House_Irritate
0xd6f72890	Player.GoodsInfo2.Alebrijes.OwnNum
0xd6fa90a0	AdditionalActionAfterPostDemoToilet
0xd701128f	Work/Data/ClothParam/ClothTopsYshirtLongRunning.data__ClothParam.gyml
0xd70579ad	Player.InteriorRoomStyleInfo.StarPrint03.LastObtainedSec
0xd7070113	Mii.HomeLiveTime.CacheOwnerNum
0xd7084b8b	UGC.Goods.PlayerNameRegionLanguageID
0xd7109da7	ClothHeadwearOrnamentFrontTiara
0xd71647fa	Player.InteriorRoomStyleInfo.WoodBoard02.FirstObtainedSec
0xd71f41bb	NoGroup_Event0052CH
0xd7249406	Pyramidroof
0xd726602a	Group_Event0025_2
0xd726d6f3	SolarPanel
0xd72e3b81	Work/Confluence/PageInfo/HairBack032.pp__Confluence__PageInfo.gyml
0xd72f21c5	Protector
0xd731c09b	Work/Data/ClothModelParam/ClothHeadwearFullmaskGladiator.data__ClothModelParam.gyml
0xd7326c36	CDIdol
0xd7352e52	UGC.SuspendData.UgcMapObjectType
0xd7379829	ChaseAndRun
0xd73851ab	LastObtainedSec
0xd73beb47	Won
0xd73c0226	ClothTopslongOverallLongAlpinist
0xd73d120c	ItemDrinkingFountain_Demo
0xd73fca61	ItemPan
0xd7411e83	TravelPlaceN017S3
0xd7423027	NotPartner
0xd7431010	EmotionTelopChatRelaxGuitarShow
0xd74de1bc	Work/Confluence/PageInfo/HairAllLegacy075.pp__Confluence__PageInfo.gyml
0xd74e8ab3	Trouble_PostDepress_Failure
0xd74ff727	EmotionTelopChatFervorSitOnDiningTable
0xd750d13c	Player.GoodsInfo2.MosquitoCoil
0xd754b989	House.RoomStyleInfo.Flag.Camouflage02
0xd7552023	Mii.Belongings.HabitOwnInfo.EatCarefully.IsOwn
0xd75a416d	ClothBottomsPantsLongStripe
0xd7645663	Work/Confluence/PageInfo/HairAllLegacy013.pp__Confluence__PageInfo.gyml
0xd76ee21d	Eraser
0xd770d0c9	MiiEvent_Event0036FL
0xd7738b7a	Childcare.Pending.HabitOwnInfo.UntidySleeper.IsOwn
0xd774fa64	Player.GoodsInfo2.Flamingo.OwnNum
0xd777a54c	Atelier
0xd77c29aa	Garage07
0xd77dbcd2	Work/Component/DestinationInfo/SystemSeaside_2x1.actor__DestinationInfo.gyml
0xd77f2623	ClothHeadwearOrnamentFrontNurseCap
0xd77f349f	ObjHoneycomb00_WallDeco
0xd78ddf53	EmbroideryWallHanging
0xd78fc23b	TreasureAnythingEmotionTelopChatDifficultAtRoomSpeech
0xd792a3dd	Player.GoodsInfo2.Rose.LastObtainedSec
0xd79351f5	Player.InteriorRoomStyleInfo.MonitorRoom01
0xd7998664	UGC.Editor.Sequence.TutorialFlag
0xd79c120b	Player.GoodsInfo2.TrophyGold
0xd79e9b5d	DailyLog.EnterFacilityTower
0xd7a03cef	Player.InteriorRoomStyleInfo.Desert00.IsNewlyOwned
0xd7a37cef	ClothBottomsPantsWideMulticolor
0xd7a7e68a	NoGroup_Event0051FL
0xd7aa49e3	Player.GoodsInfo2.RestaurantMenu
0xd7aac3a5	Work/Data/ClothModelParam/ClothHeadwearHatStrawberry.data__ClothModelParam.gyml
0xd7ad9d18	TreasureGameEmotionTelopChatNoveltySitOnTheBench
0xd7ae7b04	Player.GoodsInfo2.ScrubbingBrush.IsNewlyOwned
0xd7afcd10	Player.InteriorRoomStyleInfo.Botanical00.IsNewlyOwned
0xd7affb7c	Work/Data/ClothParam/ClothTopslongBoxDressLongAodai.data__ClothParam.gyml
0xd7b35f1e	Cloth
0xd7b71a01	Work/Data/ClothParam/ClothAllCostumeLongTamago.data__ClothParam.gyml
0xd7be090c	UgcSaveDataType
0xd7c213f7	Mii.Belongings.RoomStyleInfo.Flag.Strata00
0xd7c553a2	EmotionTelopChatLaughParasol
0xd7c77819	Player.InteriorRoomStyleInfo.Flowergarden00
0xd7c8dd0e	Work/Data/CoordinateAttribute/Coordinate0096.data__CoordinateAttribute.gyml
0xd7cad240	GoodsFixed
0xd7cc1e7c	ClothHeadwearCostumeKoala
0xd7d45bc8	Work/Data/ClothModelParam/ClothTopslongBoxDressHalfToga.data__ClothModelParam.gyml
0xd7d55dd6	TreasureAnythingEmotionTelopChatNoFeaturesSitOnTerraceBench
0xd7d8ff23	Triangle00
0xd7de5aaf	Player.InteriorRoomStyleInfo.Fantasy02.FirstObtainedSec
0xd7decbf5	NeonSigh00
0xd7e5e4e0	Asphalt
0xd7e91bd1	Work/Data/ClothParam/ClothAccessoryBackOxygen.data__ClothParam.gyml
0xd7e9de7a	Childcare.Pending.HabitOwnInfo.GreetingBow
0xd7ec33f2	OneSideLove
0xd7ecf1c3	Work/Data/ClothModelParam/ClothBottomsSkirtBoxMouton.data__ClothModelParam.gyml
0xd7efa0b1	Work/Data/ClothParam/ClothTopslongAlongLongFrilled.data__ClothParam.gyml
0xd7f41284	Mii.Belongings.RoomStyleInfo.Flag.Festival00
0xd7f4de75	NotGiveUpOneSideLove
0xd8002d03	Exterior
0xd804502a	ObjHoneycomb00_Shelf
0xd8067590	ObjFlowerpot_02
0xd80b095c	Work/Data/ClothModelParam/ClothTopsYshirtLongRoomWear.data__ClothModelParam.gyml
0xd80b5536	Work/Confluence/PageInfo/HairBack031.pp__Confluence__PageInfo.gyml
0xd80f2a69	TopsLongAlineN
0xd810c948	DemoSB302002
0xd810f79c	Player.GoodsInfo2.Coral
0xd8192f17	EmotionTelopChatSurpriseNotePCSpeechAtLivingFloor
0xd81edd80	Player.GoodsInfo2.Hamster.OwnNum
0xd81f9f96	Work/Data/ClothModelParam/ClothHeadwearCostumeNinja.data__ClothModelParam.gyml
0xd825448e	MiiMisc
0xd828746c	Player.GoodsInfo2.DVDAction
0xd829a16f	Player.InteriorRoomStyleInfo.Dinosaur01.LastObtainedSec
0xd82ce663	EmotionTelopChatFervorNotePCSpeech
0xd8403edf	Gigantic00
0xd840c06a	Pretty
0xd841114f	Work/Data/ClothParam/ClothAccessoryBackTennisRacketCase.data__ClothParam.gyml
0xd84d274f	Trouble_HungryFish_Failure
0xd84de283	Work/Data/ClothModelParam/ClothTopslongAlineSleevelessFlower.data__ClothModelParam.gyml
0xd850c40f	Texture
0xd8525f7b	Player.InteriorRoomStyleInfo.SmallFlower02.OwnNum
0xd857f27a	TravelPlaceS001S1
0xd85d39d9	Book01
0xd860b701	Player.GoodsInfo2.BookhHistorical.IsNewlyOwned
0xd868235d	DemoPR000057
0xd870e761	Player.InteriorRoomStyleInfo.Temple00.State
0xd877dc54	Work/Data/ClothModelParam/ClothBottomsPantsLongMawashi.data__ClothModelParam.gyml
0xd877dd92	ClothShoesPumpsGlass
0xd8781088	Work/Confluence/PageInfo/HairAllLegacy105.pp__Confluence__PageInfo.gyml
0xd878c231	ClothAccessoryBagTown
0xd87d0b69	Player.GoodsInfo2.CDReggae.OwnNum
0xd87ebf77	TShirtH
0xd8827a34	PriorityR
0xd886762e	Player.InteriorRoomStyleInfo.Japanese02.State
0xd889548a	Work/Data/ClothModelParam/ClothBottomsSkirtLongPleats.data__ClothModelParam.gyml
0xd88a2ed6	Minimul02
0xd894981e	Work/Data/ClothModelParam/ClothTopsYshirtHalfLinePolo.data__ClothModelParam.gyml
0xd894a4cb	Player.InteriorRoomStyleInfo.SmallFlower00.LastObtainedSec
0xd89b8303	Work/Data/ClothModelParam/ClothHeadwearHatMummy.data__ClothModelParam.gyml
0xd89c5780	Work/Data/CoordinateClothInfo/Coordinate0224.data__CoordinateClothInfo.gyml
0xd8a22581	Work/Data/ClothModelParam/ClothTopslongDressHalfDolly.data__ClothModelParam.gyml
0xd8a6de93	ClothHeadwearOrnamentFrontHorn
0xd8b0c8dc	Trouble_OnesideLove_From_02
0xd8b0f681	ObjBaby00_Bed
0xd8b31906	Player.HabitInfo2.EatWild
0xd8b4da0f	Player.InteriorRoomStyleInfo.Market00
0xd8bcc8c1	NoMoney
0xd8bf6033	Player.InteriorRoomStyleInfo.Christmas00.LastObtainedSec
0xd8c301c3	TreasureGameEmotionTelopChatNoFeaturesSitOnTheHouseDeck
0xd8d2db6d	Work/Data/CoordinateAttribute/Coordinate0017.data__CoordinateAttribute.gyml
0xd8d4c1dc	ObjBeachBed_03
0xd8d706bd	Player.InteriorRoomStyleInfo.SF05.LastObtainedSec
0xd8d889e2	Mii.MiiMisc.UgcInfo.IslandName
0xd8dbfa87	Work/Data/ClothParam/ClothHeadwearHatUgcBoater.data__ClothParam.gyml
0xd8dd1410	Player.InteriorRoomStyleInfo.Asianresort01.LastObtainedSec
0xd8df3774	BtoA
0xd8e0c0bb	Player.GoodsInfo2.TrainModel.State
0xd8e1470b	Work/Mii/EyeAccessoryParam/Eye069.mii__EyeAccessoryParam.gyml
0xd8efba59	Place_MapObj_GroundLight_withLoversOnly_raw
0xd8f2e3f3	Player.FloorInfo.InformedNewRelease
0xd8f3745d	Cute00
0xd8f3a63a	TableBench
0xd8f6c9f7	Continue
0xd8f799d0	Player.GoodsInfo2.KeseranPasaran
0xd90c1f07	Work/Data/ClothParam/ClothHeadwearOrnamentFrontBunny.data__ClothParam.gyml
0xd90c582a	Trouble_AskUgcWord_Failure
0xd90f6ae8	FriendFailure
0xd90fc2e0	House.RoomStyleInfo.Flag.Party01
0xd91218c8	Player.GoodsInfo2.Clownfish.OwnNum
0xd9192596	Facility_Tower
0xd91b7d6f	DemoDM104011S2
0xd91f0a06	OnesideTriangleDeject
0xd9218000	NoGroup_Event0022CH3
0xd92e662a	NoGroup_DisillusionedWithOnesideLover
0xd92ea78c	Player.GoodsInfo2.BirdFeathers.OwnNum
0xd92eff19	Player.InteriorRoomStyleInfo.Formula00.OwnNum
0xd9307074	Work/Data/Destination/DemoArea/FacilityInteriorShop_Entrance.data__destination__DemoArea.gyml
0xd93442d5	Work/Confluence/PageInfo/HairAll007.pp__Confluence__PageInfo.gyml
0xd938b63f	ClothSocksAnkle
0xd93937f4	TreasureGoods_Movie_House_Deject
0xd9413fd5	ClothSocksDefault
0xd94262bb	Work/Data/CoordinateClothInfo/Coordinate0052.data__CoordinateClothInfo.gyml
0xd944b18e	Mii.Belongings.HabitOwnInfo.WalkUnsteady
0xd9450c49	ItemSushi
0xd946d9da	Work/Data/CoordinateAttribute/Coordinate0331.data__CoordinateAttribute.gyml
0xd94dedd0	Player.GoodsInfo2.Penguin.State
0xd95ea851	Work/Data/CoordinateClothInfo/Coordinate0101.data__CoordinateClothInfo.gyml
0xd95ecae5	SequenceSystem
0xd964204f	Work/Data/ClothParam/ClothTopsTshirtHalfHeart.data__ClothParam.gyml
0xd96597da	ClothShoesSneakerRunning
0xd966ff70	Circle
0xd976d4e0	ObjStepWood_04
0xd9792c88	Work/Data/ClothParam/ClothAccessoryNeckHeart.data__ClothParam.gyml
0xd97be94e	Player.GoodsInfo2.RadenAccessoryCase.State
0xd97c8cd9	ObjTreeElectric_07
0xd97d035e	Mii.Belongings.HabitOwnInfo.VoiceShiny.IsOwn
0xd97fa51d	Work/Data/ClothParam/ClothSocksLeggingsDot.data__ClothParam.gyml
0xd981e4eb	Figure02
0xd9856f25	Work/Data/ClothModelParam/ClothBottomsPantsLongCapri.data__ClothModelParam.gyml
0xd9889a29	Work/Confluence/PageInfo/HairAllLegacy068.pp__Confluence__PageInfo.gyml
0xd988f5c3	Work/Data/ClothParam/ClothTopsOuterLongAbc.data__ClothParam.gyml
0xd9899836	EmotionTelopChatDateWalkingAtRestaurant
0xd98a916b	Player.GoodsInfo2.BigPot.LastObtainedSec
0xd98b2542	Player.GoodsInfo2.Slime.IsNewlyOwned
0xd98d45ad	Baribari
0xd98ffbc2	TreasureBookEmotionTelopChatImpressedSitOnTheGround
0xd9912574	Mii.Belongings.HabitOwnInfo.StandStraight.IsOwn
0xd997a74e	Player.GoodsInfo2.CrownCap.OwnNum
0xd99c8853	Player.InteriorRoomStyleInfo.Book01.FirstObtainedSec
0xd9aced61	ClothTopslongMuscleLongMuscle
0xd9ae5bd3	NoGroup_Event0048CH
0xd9bd55e0	ClothHeadwearHatToque
0xd9bf5c6a	WoodFloor00
0xd9c0db2b	Player.GoodsInfo2.Perfume.LastObtainedSec
0xd9c14188	Work/Data/CoordinateClothInfo/Coordinate0156.data__CoordinateClothInfo.gyml
0xd9cbd53f	LiveTogetherFailure
0xd9cc3293	Work/Data/ClothModelParam/ClothShoesBootsLongAntique.data__ClothModelParam.gyml
0xd9cd6f02	Work/Data/CoordinateAttribute/Coordinate0151.data__CoordinateAttribute.gyml
0xd9ce365c	DemoPR000101
0xd9ce8653	Player.InteriorRoomStyleInfo.HoneycombTile01.LastObtainedSec
0xd9d34019	ObjSeesaw_03
0xd9d517d4	Work/Data/ClothModelParam/ClothHeadwearOrnamentSideRibbon.data__ClothModelParam.gyml
0xd9da6bb6	Trial.IsGeneratedMiiEvent
0xd9e2c67d	Work/Data/ClothModelParam/ClothTopslongAlongLongShiny.data__ClothModelParam.gyml
0xd9e3c928	TreasureGameEmotionTelopChatScarySitOnFountain
0xd9e40095	Low
0xd9eaa8ca	HowToCallPlayerNickName
0xd9ebcef6	ObjStepWood_03
0xd9f6e04b	Coordinate0133
0xd9f76e23	SurpriseFacePartsFallApart
0xda013f89	DemoPR000080
0xda071175	Slime
0xda0754b5	ClothHeadwearCostumeBaby
0xda0c7d61	ItemWedding00_Carpet
0xda0fe4e6	News.ItemInfo.UgcItemIndex
0xda1a260c	Work/Data/ClothParam/ClothBottomsPantsLongRoomWear.data__ClothParam.gyml
0xda1c3d00	PetGloomy
0xda1d1acc	Childcare.Pending.Name.HowToCallName
0xda1d4195	Player.InteriorRoomStyleInfo.Fantasy01.LastObtainedSec
0xda1ee6e6	Work/Data/ClothParam/ClothTopsMantleLongViking.data__ClothParam.gyml
0xda231477	Coordinate0020
0xda272805	ClothHeadwearCoverPharaoh
0xda320344	Player.InteriorRoomStyleInfo.Stuffed00.OwnNum
0xda38d347	Work/Data/ClothParam/ClothHeadwearFullfaceCardboard.data__ClothParam.gyml
0xda3f5814	Childcare.Pending.HabitOwnInfo.GreetingLazy.IsOwn
0xda4020de	Pet02
0xda416093	Player.InteriorRoomStyleInfo.Book02.KeyHash
0xda45d1c9	Player.GoodsInfo2.Compass
0xda4afdac	Player.GoodsInfo2.SpeechBubbleGold.State
0xda4cbab0	Work/Data/ClothParam/ClothTopsTshirtLongAlphabet.data__ClothParam.gyml
0xda546c09	ClothHeadwearMaskHockey
0xda59abf3	Player.InteriorRoomStyleInfo.Gold00.OwnNum
0xda5bf2a9	Work/Confluence/PageInfo/HairFront006.pp__Confluence__PageInfo.gyml
0xda5f344b	Festival
0xda61df88	Player.InteriorRoomStyleInfo.Fruit00.State
0xda6bf884	StreetDanceCycleMyRoom
0xda6c592b	ClothHeadwearHatExplorer
0xda6c5f12	Work/Data/Destination/ActionPoint/RoomRefrigerator_Refrigerator.data__destination__ActionPoint.gyml
0xda6d720f	Work/Data/ClothParam/ClothTopsTshirtHalfStar.data__ClothParam.gyml
0xda7015b0	Trouble_GoodsDVD_Success
0xda7064b4	ClothHeadwearHatTulip
0xda7250a6	Work/Data/CoordinateClothInfo/Coordinate0070.data__CoordinateClothInfo.gyml
0xda758a29	Work/Data/CoordinateAttribute/Coordinate0195.data__CoordinateAttribute.gyml
0xda78513d	Mii.Belongings.HabitOwnInfo.EatMouthful
0xda7d5d1a	Player.GoodsInfo2.CDDance.IsNewlyOwned
0xda7da4f2	House.RoomStyleInfo.Flag.Gym01
0xda802e45	Work/Data/CoordinateClothInfo/Coordinate0226.data__CoordinateClothInfo.gyml
0xda80e469	Player.InteriorRoomStyleInfo.Midcentury00.IsNewlyOwned
0xda8336d0	Event0026FL
0xda84ce9d	MahjongTile
0xda8c840c	Player.HabitInfo2.WalkNoSwinging.OwnNum
0xda93023d	WalkType
0xda9ced52	ObjFenceStake
0xdaa0e60a	Work/Confluence/PageInfo/HairAll073.pp__Confluence__PageInfo.gyml
0xdaa7eece	TreasurePetEmotionTelopChatImpressedAtRoom
0xdabd22a7	TreasureBookEmotionTelopChatDifficultAtRoom
0xdabd40b2	Player.InteriorRoomStyleInfo.Atelier00.KeyHash
0xdac53953	Work/Data/ClothModelParam/ClothAccessoryBackAxe.data__ClothModelParam.gyml
0xdac89a9a	Mii.Belongings.HabitOwnInfo.StandRhythm.IsChecked
0xdad1e2df	ClothAllBodySuitLongBodySuit
0xdad40350	StyleGroup_Market00
0xdadc00af	OuterSleeveless
0xdadcb719	Childcare.Pending.HabitOwnInfo.VoiceLoud
0xdaddede1	Player.InteriorRoomStyleInfo.BigFlower00.FirstObtainedSec
0xdadeaf5f	ObjKitchen00_Rangefood
0xdae02eab	Trouble_ClothPShoes_Failure
0xdae884ea	Player.InteriorRoomStyleInfo.LightStick04.KeyHash
0xdae93beb	Player.InteriorRoomStyleInfo.Heart01.KeyHash
0xdae95b87	HouseDollHouseDecoBack
0xdaf2eaed	Player.GoodsInfo2.Amulet.LastObtainedSec
0xdaf3904f	ClothHeadwearHatStrawberry
0xdaf695da	Work/Data/ClothParam/ClothShoesSandalBallet.data__ClothParam.gyml
0xdafd9f80	Work/Data/ClothModelParam/ClothHeadwearHatSquare.data__ClothModelParam.gyml
0xdb05bf5f	SecurityCamera
0xdb0b46ab	NoGroup_Event0026CH
0xdb14e679	House.RoomStyleInfo.Flag.Classroom01
0xdb175b11	ClothHeadwearProtectorRugby
0xdb1bb7e4	TreasureGameEmotionTelopChatDifficultAtRoom
0xdb1f926e	Trouble_ClothPShoes_Success
0xdb2cb0e4	Meter
0xdb2ed5b0	BentSpoon
0xdb31941c	ObjBenchHome_07
0xdb3261c7	Work/Data/ClothModelParam/ClothShoesBootsShortStuds.data__ClothModelParam.gyml
0xdb332367	Share
0xdb3444dc	Work/Data/ClothModelParam/ClothBottomsDiaper.data__ClothModelParam.gyml
0xdb3a2333	Work/Mii/EyeAccessoryParam/Eye001.mii__EyeAccessoryParam.gyml
0xdb3a4549	ClothTopsYshirtLongCorduroy
0xdb3a6e2d	UgcInteriorMaterialType
0xdb3fd01d	ObjBrooklyn00_Clock
0xdb437d03	Player.InteriorRoomStyleInfo.WoodBoard02.State
0xdb450022	Mii.Belongings.HabitOwnInfo.EatCrisp.IsOwn
0xdb45dafc	Childcare.Pending.HabitOwnInfo.StandCute.IsOwn
0xdb469cbf	LvUPGoods_ALL_Outdoor_Chat_raw
0xdb47dc02	TravelPlaceN005S4
0xdb508bc6	UGC.Goods.IsNewlyOwned
0xdb514bd1	Player.HabitInfo2.FaceSmile.OwnNum
0xdb5b4914	Player.GoodsInfo2.Hamster.LastObtainedSec
0xdb61b200	Childcare.Pending.HabitOwnInfo.Chicken.State
0xdb66b6c6	Player.InteriorRoomStyleInfo.Fruit01.OwnNum
0xdb69f1ca	Work/Data/ClothParam/ClothAllBodySuitLongSkeleton.data__ClothParam.gyml
0xdb6cbe45	Work/Data/ClothModelParam/ClothAccessoryBackJetpack.data__ClothModelParam.gyml
0xdb6ee4f5	ClothAccessoryNeckCardigan
0xdb730fac	WesternStyle05
0xdb7786bb	Player.BirthDay.BirthDay_Day
0xdb78c8c1	PriorityH
0xdb796897	Player.GoodsInfo2.Kangaroo.State
0xdb7a5c2f	Player.GoodsInfo2.DVDShopping.LastObtainedSec
0xdb7c6be0	DemoDM104059
0xdb7d8ea6	Work/Confluence/PageInfo/HairAll064.pp__Confluence__PageInfo.gyml
0xdb7df1d1	HostIOUgcBc3
0xdb7eda6a	Player.InteriorRoomStyleInfo.Fruit06.FirstObtainedSec
0xdb818cab	House.RoomStyleInfo.Flag.Bathroom00
0xdb89a870	Work/Data/CoordinateAttribute/Coordinate0121.data__CoordinateAttribute.gyml
0xdb9ef08b	Work/Data/ClothParam/ClothAccessoryNeckRing.data__ClothParam.gyml
0xdb9f4750	Player.InteriorRoomStyleInfo.Jail00.InformedNewRelease
0xdba42841	Player.GoodsInfo2.MapleSyrupSamplingPort.LastObtainedSec
0xdba65458	Player.InteriorRoomStyleInfo.Garage01.FirstObtainedSec
0xdba99bba	DemoSB044041
0xdbac1425	Player.InteriorRoomStyleInfo.Party00.KeyHash
0xdbbef421	Marionette
0xdbbf0bd2	Player.InteriorRoomStyleInfo.BigFlower00.IsNewlyOwned
0xdbc616e0	DemoDM104086
0xdbcc83f2	ClothAccessoryNeckPendant
0xdbd18513	Player.InteriorRoomStyleInfo.Cage00.KeyHash
0xdbd26c1c	ClothBottomsSkirtBoxFrontButton
0xdbd33ef7	Player.ClothShopDailyItem.DailyCoordinateInfo.Variation
0xdbdb59fa	Mii.MiiMisc.UgcInfo.IsCopy
0xdbdd16a6	Player.InteriorRoomStyleInfo.Damask00.State
0xdbde7e43	Trouble_HungryBread_Failure
0xdbe1bad4	TargetGoodsId
0xdbe4248d	Player.CoordinateInfo
0xdbea35ab	Player.InteriorRoomStyleInfo.LightStick02.IsNewlyOwned
0xdbea68f5	EmotionTelopChatSadSitOnTheGround
0xdbf38be0	TutorialCommon
0xdbf3bc31	Player.RoomStyleWeeklyItem.RoomStyleVariationGroupStringId
0xdbf4b89d	ObjGame00_Monster1
0xdbff588e	NoGroup_Event0040FL2
0xdbffbc33	Work/Data/CoordinateAttribute/Coordinate0295.data__CoordinateAttribute.gyml
0xdc0256f1	PlayerNickNameRegionLanguageID
0xdc04fa80	Work/Data/ClothModelParam/ClothBottomsUgcPantsLong.data__ClothModelParam.gyml
0xdc064333	Player.InteriorRoomStyleInfo.Baby02
0xdc124516	ClothAccessoryNeckStethoscope
0xdc15c504	ColorBox00
0xdc16746e	Work/Data/CoordinateAttribute/Coordinate0262.data__CoordinateAttribute.gyml
0xdc17051b	KnowWithoutOnesideLoved
0xdc1799f4	ObjCandy00_Bed
0xdc17e1d0	Work/Data/ClothModelParam/ClothHeadwearGlassEyepatch.data__ClothModelParam.gyml
0xdc1b5580	EyebrowThinLitleHighAngle
0xdc1cdab9	MiiEvent.MiiEventInfo.InfoEnableGenerateGameTime
0xdc1d18c0	Mii.Belongings.UgcExteriorOwnInfo
0xdc2280dc	Player.InteriorRoomStyleInfo.SFX01.InformedNewRelease
0xdc2426b2	OliveSoap
0xdc260809	Mii.MiiMisc.UgcInfo.NetworkUuid
0xdc26b33d	Nature
0xdc2c8175	Trouble_HungryAll1_Success
0xdc30dcfd	Player.HabitInfo2.StandCute.IsNewlyOwned
0xdc34d395	HouseOneRoomDeco
0xdc405a12	Work/Data/ClothParam/ClothAccessoryBackDragon.data__ClothParam.gyml
0xdc419bdc	Work/Data/CoordinateClothInfo/Coordinate0284.data__CoordinateClothInfo.gyml
0xdc425f84	Heart04
0xdc427c1a	Work/Data/ClothParam/ClothTopsCoatLongKnit.data__ClothParam.gyml
0xdc45f17b	Player.InteriorRoomStyleInfo.MultiDot03.State
0xdc4c26e1	FocusLeadingToObjByPickUpCount
0xdc4e1b13	Work/Data/ClothParam/ClothTopsOuterLongHoliday.data__ClothParam.gyml
0xdc50b0da	Player.CoordinateInfo.OwnInfoArray.LastObtainedSec
0xdc52b2f0	ObjFigure00_WallDecoW
0xdc545605	Player.GoodsInfo2.Parakeet.IsNewlyOwned
0xdc5773e7	UgcMaterialType
0xdc593de2	Childcare.Pending.HabitOwnInfo.Chicken.IsChecked
0xdc5ac050	Work/Data/ClothParam/ClothTopsCoatHalfBigTee.data__ClothParam.gyml
0xdc5b1443	House.RoomStyleInfo.Flag.PublicBath00
0xdc5d91bc	Childcare.Pending.HabitOwnInfo.WalkUnsteady.IsChecked
0xdc6a65b2	ExpressionCool
0xdc6fbb0e	ObjJackOLantern_06
0xdc703580	Player.InteriorRoomStyleInfo.Brick00.LastObtainedSec
0xdc73aa8f	Childcare.Pending.HabitOwnInfo.GetAngryTypeHard.State
0xdc76c95d	EngagementRing
0xdc7bf2bb	Camouflage02
0xdc83ba45	Work/Data/ClothModelParam/ClothAccessoryNeckAcrylic.data__ClothModelParam.gyml
0xdc85ae66	Player.InteriorRoomStyleInfo.Formula01.IsNewlyOwned
0xdc88680e	Player.GoodsInfo2.DucksToy.OwnNum
0xdc88f139	Player.Currency
0xdc8f5fef	Player.InteriorRoomStyleInfo.Triangle01
0xdc955e4c	Player.HabitInfo2.GreetingTypeNoting.LastObtainedSec
0xdc9ff1d9	Relation
0xdcad823f	ObjSafetyCone_03
0xdcb2cc93	Work/Data/ClothParam/ClothHeadwearCostumePig.data__ClothParam.gyml
0xdcb95ebc	Work/Confluence/PageInfo/HairAll040.pp__Confluence__PageInfo.gyml
0xdcb96430	Player.InteriorRoomStyleInfo.Fruit06.KeyHash
0xdcbc27e0	Work/Data/CoordinateClothInfo/Coordinate0293.data__CoordinateClothInfo.gyml
0xdcbf2f35	House.RoomStyleInfo.Flag.Botanical00
0xdcc3521c	TravelPlaceN017
0xdcc55931	ClothHeadwearCostumeHorse
0xdccb3ec0	ReplicaSwordSchoolFieldLarge
0xdccbb80f	Work/Data/ClothModelParam/ClothTopsYshirtLongMultiColor.data__ClothModelParam.gyml
0xdccdf079	Work/Data/CoordinateClothInfo/Coordinate0303.data__CoordinateClothInfo.gyml
0xdccf515c	Work/Data/ClothParam/ClothTopsOuterLongCamouflage.data__ClothParam.gyml
0xdcd4dbe6	Work/Confluence/PageInfo/HairFront077.pp__Confluence__PageInfo.gyml
0xdcdf3d3f	Player.InteriorRoomStyleInfo.Camouflage00.IsNewlyOwned
0xdce826fc	UGC.MapObject.AttrSmellType
0xdce85107	Player.InteriorRoomStyleInfo.DropCurtain00.KeyHash
0xdcea9c25	Work/Data/CoordinateClothInfo/Coordinate0133.data__CoordinateClothInfo.gyml
0xdceeb05b	TravelPosLeft
0xdcef14c6	Childcare.Pending.HabitOwnInfo.WalkToeIn
0xdcef9860	IsUnlockPlayerNickName
0xdcf7aeeb	Work/Data/ClothModelParam/ClothAllMonsterLongDragon.data__ClothModelParam.gyml
0xdcfc7603	Parent
0xdd07fc3f	Hair
0xdd0b050b	ObjThrone
0xdd0fb204	Work/Data/ClothModelParam/ClothHeadwearOrnamentTopAngel.data__ClothModelParam.gyml
0xdd11ef68	Work/Data/ClothParam/ClothTopslongAlineHalfJumperSkirt.data__ClothParam.gyml
0xdd124260	Sawdust
0xdd13a3a6	Player.InteriorRoomStyleInfo.MultiDot03
0xdd188a35	Stuffed01
0xdd255ddb	ChangeHairAccept_1
0xdd25ba0b	Work/Data/ClothModelParam/ClothTopslongDressHalfDreamy.data__ClothModelParam.gyml
0xdd2eb967	PhotoStudioUnlockFlag
0xdd2f43f4	PetRobot
0xdd359463	Player.InteriorRoomStyleInfo.WhiteRoom00.FirstObtainedSec
0xdd390ebb	Work/Data/ClothModelParam/ClothAllMascotLongRabbit.data__ClothModelParam.gyml
0xdd4013d5	ClothTopsOuterLongMountain
0xdd44f70a	Player.InteriorRoomStyleInfo.Garage00.State
0xdd44f7be	Work/Data/ClothParam/ClothBottomsUgcSkirtMini.data__ClothParam.gyml
0xdd44fb02	DVDLove
0xdd458a47	TreasureRecordEmotionTelopChatBlushSitOnTheGroundCircle
0xdd47b6b6	Work/Data/ClothParam/ClothTopsYshirtLongShirtKnit.data__ClothParam.gyml
0xdd4a5037	Work/Confluence/PageInfo/HairAll028.pp__Confluence__PageInfo.gyml
0xdd4d9f64	CommonMinigameField2
0xdd50597e	Herringbone02
0xdd5e39ef	Mii.MiiMisc.SatisfyInfo.DepressGameTime
0xdd65862a	SuspendData
0xdd68ce8b	Work/Confluence/PageInfo/HairFront043.pp__Confluence__PageInfo.gyml
0xdd6b0bac	TreasureGameEmotionTelopChatNoveltySitOnFerrisWheelEntrance
0xdd755ddf	Work/Data/ClothModelParam/ClothAllBodySuitLongDevil.data__ClothModelParam.gyml
0xdd78e508	Mii.Belongings.RoomStyleInfo.Flag.Nobility02
0xdd792419	NoGroup_Event0039CH
0xdd807a26	Unlock.LiveTogetherSuccessCount
0xdd8105e2	Player.GoodsInfo2.MiniCar.IsNewlyOwned
0xdd83e250	BeardShortType
0xdd85d1fc	PantsL
0xdd886375	Shell
0xdd88d742	Baseball
0xdd8ae662	LipSmile
0xdd8d6c5a	UGC.Food.WordAttrCount
0xdd8fbfd5	Work/Data/ClothParam/ClothTopslongDressHalfAlpinist.data__ClothParam.gyml
0xdd9051be	Work/Data/ClothParam/ClothHeadwearCostumeStagBeetle.data__ClothParam.gyml
0xdd910af6	Work/Confluence/PageInfo/HairFront022.pp__Confluence__PageInfo.gyml
0xdd97dc82	Player.InteriorRoomStyleInfo.NightView00.InformedNewRelease
0xdd9b4dbc	MiiEvent_Event0017FL
0xdd9c907a	KitchenSink
0xddad18c2	Place_MapObj_ALL_NotChat_raw
0xddadd551	Star01
0xddadfbf2	GridPosY
0xddb1e00f	TreasurePetEmotionTelopChatBlushSitOnTheGround
0xddb2a128	Capybara
0xddb5b619	Player.GoodsInfo2.ElectronicSubstrate
0xddc12704	SFX01
0xddc9af5d	ClothAccessoryBackFairy
0xddcee6e8	NotTrouble
0xddd519ce	TreasureRecordEmotionTelopChatNoveltyAtLivingFloor
0xddd9b1bb	Player.GoodsInfo2.Shell
0xdddba8a0	Damask01
0xddde2529	Player.InteriorRoomStyleInfo.WesternStyle03.IsNewlyOwned
0xdde1012e	GroupWalking
0xdde21baf	Mii.Belongings.RoomStyleInfo.Flag.MovingBox01
0xdde2b636	NoGroup_Event0025CH
0xdde4178e	Player.GoodsInfo2.MessageBottle.State
0xdde62eba	UgcGoodsFeature
0xdde67413	Player.InteriorRoomStyleInfo.Stuffed01.OwnNum
0xdde6fe20	Work/Confluence/PageInfo/HairFront058.pp__Confluence__PageInfo.gyml
0xdde987ec	Work/Data/CoordinateAttribute/Coordinate0060.data__CoordinateAttribute.gyml
0xddea6736	ClothAccessoryWaistMonkey
0xddeb9f72	Work/Data/CoordinateAttribute/Coordinate0214.data__CoordinateAttribute.gyml
0xddebc3e8	Work/Data/ClothParam/ClothBottomsSkirtBoxOffice.data__ClothParam.gyml
0xddefa97d	Player.GoodsInfo2.SpeechBubbleSilver.IsNewlyOwned
0xddf13859	Work/Data/ClothModelParam/ClothTopslongDressHalfGingham.data__ClothModelParam.gyml
0xddf2c323	Mii.Belongings.RoomStyleInfo.Flag.WoodBoard06
0xde048373	Work/Data/ClothModelParam/ClothBottomsPantsWideSurf.data__ClothModelParam.gyml
0xde054cd4	Player.HabitInfo2.BlinkLot.State
0xde0ecf98	MiiA_MiiB
0xde0f24b9	Fantasy00
0xde13c1a8	MiiEvent_Event0005CH
0xde1594ba	EatElegantly
0xde187e38	ItemPhotoframe
0xde188fd7	ByeByeHere
0xde1d07c8	Player.HabitInfo2.WalkToeIn
0xde2176f7	Player.GoodsInfo2.TreeBranch.State
0xde2583f1	Work/Data/ClothParam/ClothAccessoryMufflerStole.data__ClothParam.gyml
0xde2ae66e	Player.InteriorRoomStyleInfo.Midcentury01.FirstObtainedSec
0xde2ccc05	Work/Confluence/PageInfo/HairBack020.pp__Confluence__PageInfo.gyml
0xde2d3f19	Trouble_HungrySour_Failure
0xde2e4cb2	Work/Data/ClothModelParam/ClothAccessoryWaistPig.data__ClothModelParam.gyml
0xde31d0c5	Work/Data/ClothParam/ClothHeadwearHatMagician.data__ClothParam.gyml
0xde371509	Misc_PlayFree_Outdoor
0xde3a2625	Player.InteriorRoomStyleInfo.Wedding00.FirstObtainedSec
0xde3d64db	Work/Data/ClothParam/ClothTopsYshirtLongDot.data__ClothParam.gyml
0xde412084	ObjGigantic00_BuildingN02LDK
0xde4762a5	Player.HabitInfo2.FaceCloseEyes.IsNewlyOwned
0xde47b528	Work/Data/ClothParam/ClothHeadwearHatSkateboard.data__ClothParam.gyml
0xde486fe6	Childcare.Pending.HabitOwnInfo.StandAffected
0xde50ba4e	EmotionTelopChatRelaxSitOnTheGroundCircleRoomNight
0xde5543b4	ObjStar00_WallDeco
0xde578684	Asphalt_Road
0xde5c28ce	Cat00
0xde5c3554	Player.InteriorRoomStyleInfo.Botanical00.OwnNum
0xde5f3b5f	BirthDay
0xde6013a0	Work/Data/ClothModelParam/ClothHeadwearHatTam.data__ClothModelParam.gyml
0xde6c39a9	OtherFeature
0xde70245c	TravelPlaceN003S3
0xde723046	Work/Data/ClothModelParam/ClothTopsYshirtLongSuit.data__ClothModelParam.gyml
0xde73cee6	Mii.MiiMisc.FaceInfo.IsFacePaintFront
0xde761d9a	Work/Data/ClothModelParam/ClothBottomsPantsWideSki.data__ClothModelParam.gyml
0xde7635f9	Work/Data/ClothModelParam/ClothBottomsPantsLongHot.data__ClothModelParam.gyml
0xde77fe81	Player.InteriorRoomStyleInfo.LightStick01
0xde7cb924	UGC.MapFloor.UgcFloorCostType
0xde80e826	Coordinate0231
0xde84022b	Tops
0xde885afa	Player.GoodsInfo2.MirrorBall.IsNewlyOwned
0xde8db2ba	Player.InteriorRoomStyleInfo.Brick00.State
0xde90958f	Mii.Belongings.HabitOwnInfo.WalkUnsteady.State
0xde93ecda	OthersS
0xde97264e	TroubleLoverWantedSuitable
0xdead99bc	Work/Data/Destination/DemoArea/FacilityFountain_AllParkSpace.data__destination__DemoArea.gyml
0xdeae00ad	Crover
0xdeb33099	Player.InteriorRoomStyleInfo.SmallFlower05.FirstObtainedSec
0xdeb4ca22	Player.GoodsInfo2.Capybara.IsNewlyOwned
0xdeb7fa0c	StyleGroup_MusicRoom00
0xdebb323d	Player.InteriorRoomStyleInfo.Garage00.IsNewlyOwned
0xdebd46ef	Work/Data/ClothModelParam/ClothAccessoryWaistRabbit.data__ClothModelParam.gyml
0xdec51775	NoGroup_Event0022CH2
0xdec7376e	ItemSprinkler_Demo
0xdec8ce13	Player.FloorInfo
0xdec8fa6d	Work/Confluence/PageInfo/HairFront028.pp__Confluence__PageInfo.gyml
0xdecc8954	UGC.FacePaint.TextureSourceType
0xdecd1bff	ObjWedding00_Cake
0xdecf2f16	House.RoomStyleInfo.Flag.Party03
0xded001a4	Work/Data/ClothParam/ClothTopslongUgcKimonoLong.data__ClothParam.gyml
0xded4b3e8	UGC.SuspendMii
0xded80abe	Player.InteriorRoomStyleInfo.StarPrint01.InformedNewRelease
0xdeda15c1	Coordinate0273
0xdedd1cf1	Work/Data/ClothModelParam/ClothTopsTshirtLongPastelJacket.data__ClothModelParam.gyml
0xdee25a59	Player.InteriorRoomStyleInfo.Labo00.InformedNewRelease
0xdee5f3fd	an4
0xdeea7c26	Work/Data/CoordinateClothInfo/Coordinate0138.data__CoordinateClothInfo.gyml
0xdeee6f6d	ClothAccessoryChestPearl
0xdeee983a	Work/Data/ClothModelParam/ClothHeadwearCostumeSnowman.data__ClothModelParam.gyml
0xdef062de	Player.InteriorRoomStyleInfo.Christmas00.OwnNum
0xdef1920d	Work/Confluence/PageInfo/HairAllLegacy010.pp__Confluence__PageInfo.gyml
0xdef534a7	ClothShoesSneakerSideline
0xdef58839	House.RoomStyleInfo.Flag.Baby01
0xdef9f1c7	Mii.Belongings.RoomStyleInfo.Flag.Heart02
0xdefa9609	House.RoomStyleInfo.Flag.Western00
0xdf069967	MiiEvent_Event0034FL
0xdf088fa3	AttributeBook
0xdf0c15bb	Work/Data/ClothModelParam/ClothTopslongDressHalfMaid.data__ClothModelParam.gyml
0xdf0e4a45	FancyCupcake
0xdf139364	Player.GoodsInfo2.SatueOfLiberty.OwnNum
0xdf17a464	Misc_EmotionTelopChatSitting
0xdf19b6ad	Player.GoodsInfo2.TomodachiCollection.OwnNum
0xdf1aaa07	ClothTopsTshirtHalfPhoto
0xdf1af957	Player.InteriorRoomStyleInfo.Horror01
0xdf28b5e1	ClothBottomsSkirtMiniStraw
0xdf2af605	HairColor
0xdf2f520a	Player.InteriorRoomStyleInfo.IceRink00.OwnNum
0xdf356772	Player.InteriorRoomStyleInfo.WesternStyle05.InformedNewRelease
0xdf37929c	Childcare.Pending.HabitOwnInfo.GreetingLazy.State
0xdf3811e6	Player.GoodsInfo2.Marionette.State
0xdf392c29	ClothAllMonsterLongDragon
0xdf398a0e	Player.InteriorRoomStyleInfo.LightStick07.KeyHash
0xdf3d6c11	NextTime
0xdf42721a	UGC.SuspendData.IsCopy
0xdf46fd79	ObjLovely00_HangerRack
0xdf48f814	Pig
0xdf4f1d69	Player.InteriorRoomStyleInfo.Club00.LastObtainedSec
0xdf4f84d3	Work/Data/ClothModelParam/ClothAllTrainLongTrain.data__ClothModelParam.gyml
0xdf531764	Mii.Belongings.RoomStyleInfo.Flag.Bathroom00
0xdf561873	NoHitNoGravity
0xdf57e997	ObjStreetLampRetro_06
0xdf59d199	Player.InteriorRoomStyleInfo.Brick00.IsNewlyOwned
0xdf63ccef	Childcare.Pending.HabitOwnInfo.FaceLousy.State
0xdf66ac94	Work/Data/ClothParam/ClothHeadwearMaskPlain.data__ClothParam.gyml
0xdf67c433	Mii.Belongings.RoomStyleInfo.Flag.SmallFlower05
0xdf6f6b82	Player.BondInfo
0xdf7088fc	Adult
0xdf786333	Work/Confluence/PageInfo/HairAllLegacy088.pp__Confluence__PageInfo.gyml
0xdf7a11d3	Player.GoodsInfo2.SonohenNoIshikoro.State
0xdf845f50	GetTime
0xdf8527a0	Mii.Belongings.RoomStyleInfo.Flag.Train00
0xdf87c53a	OrangeJuice
0xdf898c51	PlayGuitar
0xdf8c1db7	Player.GoodsInfo2.CircleOfWisdom.LastObtainedSec
0xdf8fbc76	Mattari
0xdf91c32f	Player.InteriorRoomStyleInfo.Shoji01.IsNewlyOwned
0xdf940c62	Work/Data/ClothParam/ClothShoesPumpsZebra.data__ClothParam.gyml
0xdf957cbc	Unlock.FightCount
0xdf9d31e9	Work/Data/ClothParam/ClothBottomsSkirtMiniSailor.data__ClothParam.gyml
0xdf9eb9d0	Attract
0xdfa1c0e9	Player.GoodsInfo2.CDGameMusic
0xdfa4315e	Work/Data/CoordinateAttribute/Coordinate0276.data__CoordinateAttribute.gyml
0xdfab93f4	FacilityFountain_AllSpace
0xdfad8541	Relation_LoversOnly_House
0xdfb7e2e7	Mii.Belongings.RoomStyleInfo.Flag.SmallFlower01
0xdfb99527	Player.GoodsInfo2.NailPolish.LastObtainedSec
0xdfbe7e15	Player.GoodsInfo2.BalloonArt.IsNewlyOwned
0xdfbe8831	House.RoomStyleInfo.Flag.Party07
0xdfc1001f	Player.GoodsInfo2.MartianStone.LastObtainedSec
0xdfc46593	MinigameGroup2
0xdfc82223	Mii.MiiMisc.FaceInfo.IsLoveGender
0xdfca6187	Tree
0xdfd0cfa1	Player.HabitInfo2.WalkRhythm
0xdfe2a3cd	Player.InteriorRoomStyleInfo.Wedding01.KeyHash
0xdfe79cee	TreasureBookEmotionTelopChatScarySitOnTheHouseDeck
0xdfe84794	Work/Data/ClothModelParam/ClothTopslongBoxDressLongChangshan.data__ClothModelParam.gyml
0xdfebbd3a	ObjSafetyCone_02
0xdfebf3ca	Work/Data/ClothParam/ClothHeadwearOrnamentSideDaisy.data__ClothParam.gyml
0xdff11fc2	EighthTriplet
0xdff1e5f2	ClothHeadwearCostumeRabbit
0xdff277ad	Misc_EmotionTelopChatStand_Laught
0xdffa5280	bn4
0xdffaee40	ItemDVD
0xdffd22c0	Work/Data/CoordinateAttribute/Coordinate0179.data__CoordinateAttribute.gyml
0xe004cdff	EmotionTelopChatSurpriseNotePCSpeechAtRoom
0xe00bd201	Player.InteriorRoomStyleInfo.Fruit03.OwnNum
0xe00e5e1a	Work/Data/ClothModelParam/ClothTopsTshirtLongAlphabet.data__ClothModelParam.gyml
0xe00f55d4	BirthDay_Month
0xe00fd26d	Player.GoodsInfo2.Floppy.IsNewlyOwned
0xe010a999	DemoDM104035
0xe0135e92	Work/Data/ClothModelParam/ClothHeadwearGlassFlower.data__ClothModelParam.gyml
0xe0157787	TreasureBookEmotionTelopChatNoveltyAtRoomSpeech
0xe01f6e08	Invite_BackToLover
0xe0294d98	Player.InteriorRoomStyleInfo.Dog00.InformedNewRelease
0xe02a023f	ObjKitchen00_WallDecoE
0xe02c489c	ClothBottomsPantsWideSpace
0xe02de698	Player.InteriorRoomStyleInfo.Damask07.State
0xe03e892e	ObjFenceWood_06
0xe040d35d	FaceDown
0xe041abda	InsideHeadTimeUp
0xe042ff76	ShopPaidMoneyBuildingMapObje
0xe0435261	DemoDM104018
0xe04e0089	MakeLower
0xe04e1e6b	UGC.MapObject.AttrLookType
0xe04f9b72	ObjClockTower_01
0xe050db4c	Work/Confluence/PageInfo/HairAllLegacy123.pp__Confluence__PageInfo.gyml
0xe0525209	FlySwatter
0xe052c9d5	Player.GoodsInfo2.GameRacing.LastObtainedSec
0xe05cd8b3	FloorInfo
0xe05df7d8	Work/Data/CoordinateAttribute/Coordinate0134.data__CoordinateAttribute.gyml
0xe0607352	Player.InteriorRoomStyleInfo.Damask03.IsNewlyOwned
0xe060f103	TreasurePetEmotionTelopChatImpressedAtLivingFloorSpeech
0xe0653a37	ObjGarage00_Car
0xe067e703	Player.GoodsInfo2.SpeechBubbleSilver
0xe06b1cb9	Player.InteriorRoomStyleInfo.Shoji01.FirstObtainedSec
0xe06ce476	Player.InteriorRoomStyleInfo.Formula01.KeyHash
0xe072e5c4	Compass
0xe0781324	ClothBottomsUgcSkirtMini
0xe0788131	Mii.Belongings.RoomStyleInfo.Flag.BigFlower00
0xe0795d96	Player.InteriorRoomStyleInfo.MovingBox00.FirstObtainedSec
0xe07b1e85	Work/Confluence/PageInfo/HairBack040.pp__Confluence__PageInfo.gyml
0xe07cf982	Work/Data/CoordinateAttribute/Coordinate0018.data__CoordinateAttribute.gyml
0xe07e5590	Player.GoodsInfo2.BeardedDragon
0xe0829f23	Player.GoodsInfo2.9VDryBattery.IsNewlyOwned
0xe086ec73	Player.GoodsInfo2.Kangaroo.OwnNum
0xe088969e	ClothBottomsPantsLongSuede
0xe088b83d	EmotionTelopChatSecretNotePCSpeechAtRoom
0xe08c8c91	Player.GoodsInfo2.TinToy.IsNewlyOwned
0xe08cd0b7	ClothShoesSandalBear
0xe09070a9	Loc_Item_Wrist_R
0xe090bb25	Work/Data/ClothModelParam/ClothHeadwearHatDress.data__ClothModelParam.gyml
0xe0943533	ItemNobility00_Chair_Demo
0xe094bf00	MiiEvent_Event0012CH
0xe0960684	TreasureGoods_Book_Floor_House
0xe09b210a	Player.GoodsInfo2.Clownfish.State
0xe0a31f8c	Work/Mii/EyeAccessoryParam/Eye006.mii__EyeAccessoryParam.gyml
0xe0a6a0c2	DailyFoodStringId
0xe0ab3537	UGC.Exterior.IsEdit
0xe0abd0bf	Work/Data/ClothParam/ClothAllBoxLongToyRobot.data__ClothParam.gyml
0xe0acfa74	Work/Data/ClothParam/ClothTopsOuterLongCollege.data__ClothParam.gyml
0xe0b0f818	Player.InteriorRoomStyleInfo.Otaku04.FirstObtainedSec
0xe0b151d8	ItemWeddingBouquet
0xe0b5e5a1	Mii.MiiMisc.BondInfo.IsUnlockPlayerNickName
0xe0b917e0	Work/Data/ClothParam/ClothHeadwearOrnamentFrontNurseCap.data__ClothParam.gyml
0xe0bb45f0	FirstInterior
0xe0cdb870	TravelPlaceS001S3
0xe0d1d6b9	UgcFoodAndGoods02
0xe0d2f344	DumbbellExerciseLDK
0xe0d319f5	Childcare.Pending.CharInfoEx
0xe0ddf74f	Effect_02
0xe0de409b	Trouble_FightCouple_Success
0xe0dfa1ae	Player.InteriorRoomStyleInfo.Shoji02.OwnNum
0xe0e1aa60	IslandEditNoMoney
0xe0e2e085	Player.GoodsInfo2.Jellyfish.State
0xe0e39762	TongueTwister
0xe0e558a4	Player.InteriorRoomStyleInfo.Lace03.State
0xe0e86302	Player.GoodsInfo2.FallenLeaves.OwnNum
0xe0ec9a12	Childcare.Pending.HabitOwnInfo.WalkRhythm.IsOwn
0xe0edd4a9	WalkHot
0xe0eef3da	Player.InteriorRoomStyleInfo.Minimul02.KeyHash
0xe0f25195	Misc_Insurance_Play
0xe0f274dd	Wedding01
0xe0f3c777	ClothTopsYshirtHalfWappen
0xe0f86bdc	ClothTopsTshirtHalfRockBand
0xe1039e74	Player.InteriorRoomStyleInfo.SmallFlower04.State
0xe104ddf1	ClothHeadwearHatDetectives
0xe10ae391	LvUPGoods_ALL_House_Sofa_raw
0xe10b7d80	Player.GoodsInfo2.Flamingo.LastObtainedSec
0xe1115a37	Player.GoodsInfo2.Top.OwnNum
0xe113c13c	FacilityMarket_Front
0xe120d948	Event0042FL
0xe135aed2	ProbabilityC
0xe1394952	Player.InteriorRoomStyleInfo.MovingBox01.FirstObtainedSec
0xe13b2f20	TroubleAskPlayerFellowship04
0xe13ca1da	Priority02
0xe143e8d2	EmotionTelopChatDateWalkingAtLivingFloor
0xe144533d	Branch_NotOnesideLove
0xe146b8cc	Player.GoodsInfo2.InsectSpecimen.LastObtainedSec
0xe147b2c5	HairParts
0xe14bca88	Work/Data/ClothParam/ClothHeadwearGlassPhantomThief.data__ClothParam.gyml
0xe157577e	TroubleLiveApartGenerate
0xe15a4184	TreasureRecordEmotionTelopChatImpressedAtRoomSpeech
0xe15afb2e	Work/Data/ClothModelParam/ClothSocksOnePoint.data__ClothModelParam.gyml
0xe1643b0e	TreasureGameEmotionTelopChatNoFeaturesSitOnFountain
0xe167a828	Player.GoodsInfo2.BookManga.LastObtainedSec
0xe16b8745	Work/Mii/EyeAccessoryParam/Eye011.mii__EyeAccessoryParam.gyml
0xe1759b71	Player.GoodsInfo2.Pinecone.LastObtainedSec
0xe176aa64	Work/Data/ClothModelParam/ClothHeadwearHatNightCap.data__ClothModelParam.gyml
0xe17747f8	ClothTopsOuterLongCyber
0xe17aa8d1	Player.InteriorRoomStyleInfo.Bathroom02.LastObtainedSec
0xe17ed6ce	Coordinate0106
0xe1815179	Player.GoodsInfo2.WorkoutSet.OwnNum
0xe1840d3d	NoGroup_Event0038CH
0xe1877829	DVDSports
0xe193c5a2	Child
0xe1997aa3	Work/Data/ClothParam/ClothBottomsPantsLongStripe.data__ClothParam.gyml
0xe19d7839	ObjSloppy00_Shelf
0xe1a58f40	CurrentPlayDay
0xe1a8203d	ClothTarget
0xe1a8f29e	Player.InteriorRoomStyleInfo.Japanese05.OwnNum
0xe1a9c212	Work/Data/ClothParam/ClothAccessoryBagButterfly.data__ClothParam.gyml
0xe1b0d942	ClothTopsYshirtLongDogJersey
0xe1b82d1c	LvUPGoods_Knitting_House
0xe1bdc9b9	Goods_Sword
0xe1bff35d	Player.GoodsInfo2.Binoculars.State
0xe1c09479	Player.GoodsInfo2.NatureDVD.LastObtainedSec
0xe1c5f822	ClothHeadwearHatStudent
0xe1c6c57d	ItemSpoon
0xe1cafa24	Mii.Belongings.HabitOwnInfo.GreetingCurtsy
0xe1cd0dc7	House.RoomStyleInfo.Flag.MultiDot02
0xe1dfc9d3	OnesideLoveChangeDuringChat
0xe1e2dfdc	FloorGenre
0xe1e467f5	TreasurePetEmotionTelopChatNoFeaturesAtRoom
0xe1e59707	Player.InteriorRoomStyleInfo.Formula01.LastObtainedSec
0xe1f413f1	ClothTopslongBoxDressLongChangshan
0xe2026510	ClothTopsYshirtLongGakuranOpen
0xe2036216	Player.GoodsInfo2.Top
0xe20d595e	Player.InteriorRoomStyleInfo.Garage07.LastObtainedSec
0xe20e4f81	WishInfo
0xe211c2a3	WesternStyle07
0xe2123ede	ObjBenchPark_02
0xe21300ba	HostIOUgcRgba
0xe21460dd	Alder
0xe2150534	FaceBalance
0xe2166e4f	Work/Confluence/PageInfo/HairAllLegacy008.pp__Confluence__PageInfo.gyml
0xe2197424	House.RoomStyleInfo.Flag.Grassland00
0xe21c58eb	ObjFlowerNemophila
0xe21dd111	Player.InteriorRoomStyleInfo.Lace00.FirstObtainedSec
0xe2201775	Work/Data/CoordinateAttribute/Coordinate0321.data__CoordinateAttribute.gyml
0xe225917e	Work/Data/CoordinateClothInfo/Coordinate0102.data__CoordinateClothInfo.gyml
0xe2299fe9	Player.GoodsInfo2.Pig
0xe22b73fb	TreasureGoods_Anything_House_Irritate
0xe236b17c	Player.GoodsInfo2.PlasterFigure.OwnNum
0xe2400eed	ClothTopsYshirtLongHeart
0xe242d720	Player.InteriorRoomStyleInfo.Heart03.OwnNum
0xe248067b	ObjGigantic00_Helicopter
0xe2531c5f	Work/Data/CoordinateClothInfo/Coordinate0285.data__CoordinateClothInfo.gyml
0xe254277d	Work/Data/ClothParam/ClothBottomsSkirtLongDrape.data__ClothParam.gyml
0xe257565e	Player.GoodsInfo2.Daruma
0xe261da89	Player.GoodsInfo2.ReplicaSword.State
0xe2621efa	Player.InteriorRoomStyleInfo.Bathroom00.OwnNum
0xe266b20e	Place_House_Room_WithLovers
0xe266d03c	UGC.Interior.PlayerNameRegionLanguageID
0xe2673011	ObjOffice00_DeskB
0xe27329b5	Mii.Belongings.RoomStyleInfo.Flag.WesternStyle03
0xe27e2488	Player.InteriorRoomStyleInfo.Stuffed02
0xe280295b	Work/Confluence/PageInfo/HairAllLegacy070.pp__Confluence__PageInfo.gyml
0xe281fdc7	Work/Data/ClothModelParam/ClothTopsTshirtSleevelessRunning.data__ClothModelParam.gyml
0xe282282a	ClothTopsTshirtSleevelessRunning
0xe282c36a	ClothTopslongDressHalfSimple
0xe2890997	Player.InteriorRoomStyleInfo.Book01.State
0xe289c045	Coordinate0123
0xe289cf67	Work/Data/Destination/DemoArea/FacilityBuildingShop_Entrance.data__destination__DemoArea.gyml
0xe290fdc9	Player.InteriorRoomStyleInfo.Damask04.FirstObtainedSec
0xe2911aba	Blue
0xe291d95a	Work/Data/CoordinateAttribute/Coordinate0114.data__CoordinateAttribute.gyml
0xe296df36	Mii.Belongings.HabitOwnInfo.WalkToeOut.IsChecked
0xe2a50cee	FriendFailureCount
0xe2a6b018	CheerUpSuccessA
0xe2aaea15	FountainNoReward
0xe2ab903e	AdditionalActionAfterPostDemoInsertActionShort
0xe2b36417	Work/Mii/EyeAccessoryParam/Eye074.mii__EyeAccessoryParam.gyml
0xe2b7b1e4	OtherHot
0xe2b7ba08	Work/Data/CoordinateClothInfo/Coordinate0144.data__CoordinateClothInfo.gyml
0xe2b98e27	MiiEvent_FirstSightLove
0xe2bab730	Work/Data/ClothParam/ClothAllMascotLongHorse.data__ClothParam.gyml
0xe2bd0942	ObjBrooklyn00_Sofa
0xe2bdbd85	Player.GoodsInfo2.Octahydrone.OwnNum
0xe2caaac1	Work/Data/ClothModelParam/ClothHeadwearHatSchool.data__ClothModelParam.gyml
0xe2d07294	Player.InteriorRoomStyleInfo.SmallFlower05.InformedNewRelease
0xe2d440c9	House.RoomStyleInfo.Flag.SF03
0xe2d9e504	Work/Data/ClothModelParam/ClothBottomsSkirtBoxChidori.data__ClothModelParam.gyml
0xe2da137d	ObjBrooklyn00_Table
0xe2daffdf	Player.InteriorRoomStyleInfo.Midcentury00.InformedNewRelease
0xe2e44613	Player.GoodsInfo2.MagnifyingGlass.OwnNum
0xe2e68cfe	Work/Data/ClothModelParam/ClothBottomsPantsWideKnit.data__ClothModelParam.gyml
0xe2e69587	Work/Confluence/PageInfo/HairAll094.pp__Confluence__PageInfo.gyml
0xe2e83d14	Receipt
0xe2e8dc9b	Player.InteriorRoomStyleInfo.LightStick07.IsNewlyOwned
0xe2ea28a1	Prickly
0xe2eeb938	Player.InteriorRoomStyleInfo.Party07.LastObtainedSec
0xe2f2d6c8	ByeByeAtFerrisWheel
0xe2f3901c	House.RoomStyleInfo.Flag.Log00
0xe2fb8713	Player.GoodsInfo2.Ufo.LastObtainedSec
0xe2fbbc84	Player.GoodsInfo2.GameLoveSimulation.OwnNum
0xe2fc9a10	Player.InteriorRoomStyleInfo.Atelier00
0xe2fea342	HawaiiKeyChain
0xe300f9b0	Player.GoodsInfo2.StreetDanceSet.LastObtainedSec
0xe308ed72	LectureIdValue
0xe30b4232	Player.InteriorRoomStyleInfo.Minimul06.OwnNum
0xe30f64ef	ClothAccessoryMufflerSimple
0xe3131738	ObjGigantic00_BuildingN
0xe3138f02	Work/Data/CoordinateClothInfo/Coordinate0232.data__CoordinateClothInfo.gyml
0xe31ad2e1	Player.GoodsInfo2.DVDSports.LastObtainedSec
0xe326ee23	Misc_EmotionTelopChatFountain
0xe327b680	ClothHeadwearHatColorCap
0xe327e838	FriendSuccessCount
0xe32b6940	CenterActorDir
0xe3300406	Player.InteriorRoomStyleInfo.Gym00.IsNewlyOwned
0xe3371597	House.RoomStyleInfo.Flag.StainedGlass00
0xe3371dc3	ObjStuffed00_StuffedB
0xe34142eb	Demo.DemoEndTimeAry
0xe342a903	Work/Data/CoordinateAttribute/Coordinate0157.data__CoordinateAttribute.gyml
0xe3454a39	Childcare.Pending.HabitOwnInfo.ExpressionLess
0xe3473920	Player.HabitInfo2.EatElegantly.State
0xe34faad9	Work/Data/ClothModelParam/ClothTopslongSalopetteHalfJumpSuit.data__ClothModelParam.gyml
0xe3584890	LiveDollHouse
0xe35a6927	Event0020FL2
0xe3617e3c	TreasureGameEmotionTelopChatDifficultAtLivingFloor
0xe3625749	News.UgcTextId
0xe36285ed	Work/Data/ClothParam/ClothTopsTshirtSleevelessPattern.data__ClothParam.gyml
0xe3655bf9	Horror01
0xe368415d	Player.InteriorRoomStyleInfo.StarPrint04.IsNewlyOwned
0xe3685509	Player.InteriorRoomStyleInfo.Fruit01.IsNewlyOwned
0xe36a7846	Player.InteriorRoomStyleInfo.Galaxy00.KeyHash
0xe36af0f9	BookFeature
0xe36b7d9c	Work/Confluence/PageInfo/HairFront002.pp__Confluence__PageInfo.gyml
0xe36c1260	Player.GoodsInfo2.Parrot.State
0xe37121e2	Player.ProposalFailureCount
0xe37c0cfa	LastFoodGiveTime
0xe37cd3bc	Player.InteriorRoomStyleInfo.Dot02.LastObtainedSec
0xe3802eb9	Mii.MiiMisc.ClothInfo.TopsUGCIndex
0xe38856be	Market00
0xe38c7611	Liberation.WishInfo.IsLiberated
0xe38cec83	Work/Data/ClothModelParam/ClothTopsYshirtHalfHibiscus.data__ClothModelParam.gyml
0xe38f25c2	Player.InteriorRoomStyleInfo.LockerRoom01.KeyHash
0xe392bf24	Player.InteriorRoomStyleInfo.GardenWedding00.IsNewlyOwned
0xe3935852	BlowBubblesCycle
0xe39985d6	Place_Facility_Fountain_raw
0xe3a61a29	EmotionTelopChatSecretSpeech
0xe3b2fa34	UGC.MapObject.IslandName
0xe3bad0b6	Work/Data/ClothParam/ClothTopsYshirtLongSuit.data__ClothParam.gyml
0xe3bc2059	Work/Data/ClothModelParam/ClothHeadwearOrnamentFrontMaid.data__ClothModelParam.gyml
0xe3bfe72e	Relation.Info
0xe3c08c2c	Player.HabitInfo2.EatMouthful.IsNewlyOwned
0xe3c51ece	Mii.Belongings.RoomStyleInfo.Flag.StarPrint01
0xe3c7a847	TreasureRecordEmotionTelopChatNoFeaturesAtRoom
0xe3ca5242	Trouble_Cloth2Bad_Failure
0xe3cb0cf9	Player.InteriorRoomStyleInfo.Office00.KeyHash
0xe3cea958	Trouble_IslandEditObjectStreetscape_Success
0xe3d163c3	Work/Data/ClothParam/ClothTopslongDressSleevelessBallet.data__ClothParam.gyml
0xe3d2fe08	LoverReconciliationFailureSeparated
0xe3d6005e	Mii.Belongings.GoodsOwnInfoSlot.GoodsStringId
0xe3d63e91	Player.InteriorRoomStyleInfo.Nobility02.State
0xe3da6f31	Mii.Belongings.RoomStyleInfo.Flag.StainedGlass02
0xe3e1ea8f	ItemTea00_Utensils_Demo
0xe3e5250b	ObjFenceChain
0xe3f33431	House.RoomSettings.BaseStyleId
0xe3f3f075	Player.InteriorRoomStyleInfo.Garage01.IsNewlyOwned
0xe40c3e1a	ObjAerogenerator_02
0xe4109d9c	Player.InteriorRoomStyleInfo.Nobility02.IsNewlyOwned
0xe411fc9f	Work/Data/ClothModelParam/ClothTopslongKimonoLongLinen.data__ClothModelParam.gyml
0xe4148435	Work/Data/ClothParam/ClothHeadwearFullfaceTelevision.data__ClothParam.gyml
0xe414854e	Work/Confluence/PageInfo/HairFront075.pp__Confluence__PageInfo.gyml
0xe4188c9b	Player.InteriorRoomStyleInfo.HoneycombTile02.KeyHash
0xe4203aec	DemoForkCoordinate
0xe421d052	Player.SpecialSaleStartTime
0xe4225484	Childcare.Pending.HabitOwnInfo.TakeItOutOnObject.IsOwn
0xe428eb67	TravelPlaceN003
0xe42a4329	Loc_Item_Wrist_L
0xe42e1d52	Work/Data/ClothParam/ClothBottomsSkirtBoxChidori.data__ClothParam.gyml
0xe43bf5e0	ClothTopsYshirtLongDot
0xe43f3acf	Work/Data/ClothParam/ClothSocksKneeSleeve.data__ClothParam.gyml
0xe4402dca	ObjPinwheel_03
0xe4412fb4	Goods05
0xe442b833	Maracas_Use_Left
0xe4443419	Player.InteriorRoomStyleInfo.Marble01.IsNewlyOwned
0xe446097a	DemoDM104019
0xe449a0ed	Player.GoodsInfo2.DVDShopping
0xe44c9300	ClothTopsCoatHalfRestaurant
0xe44cc70d	ClothHeadwearCostumeDevil
0xe44d9698	ObjFantasy00_PlantB
0xe4526208	Player.InteriorRoomStyleInfo.SFX01.FirstObtainedSec
0xe4678701	ObjBenchHome_05
0xe46ae8a3	Player.HabitInfo2.GreetingOsu.LastObtainedSec
0xe46d3e6d	Work/Data/ClothModelParam/ClothTopslongBoxDressLongAodai.data__ClothModelParam.gyml
0xe46fbfe4	String
0xe47bf2a7	Player.InteriorRoomStyleInfo.Fantasy02.LastObtainedSec
0xe488b41d	TreasureGoods_Movie_House_LDKCarpet_raw
0xe48e1988	News
0xe4975c13	FocusLeadingFirstSightLoveChange
0xe49c4585	Effect_00
0xe4a0cabd	ObjFenceLattice_07
0xe4a7d2b9	Mustache
0xe4a896cf	TargetItemType
0xe4ae11c1	Player.GoodsInfo2.Cat
0xe4b43ce5	Player.GoodsInfo2.ToiletPaper.State
0xe4b46b54	Player.InteriorRoomStyleInfo.Cute00.InformedNewRelease
0xe4b52c53	House.RoomStyleInfo.Flag.Street00
0xe4b8ab26	ClothTopslongBoxDressHalfToga
0xe4b8e869	Player.InteriorRoomStyleInfo.Dilapidated00.LastObtainedSec
0xe4bc1751	ClothTopsOuterSleevelessParka
0xe4d04960	EmotionTelopChatSadNotePCSpeechAtLivingFloor
0xe4d1e8e9	LvUPGoods_Camera_House_LDKCarpet_raw
0xe4d55f53	Work/Data/ClothModelParam/ClothBottomsPantsLongSuede.data__ClothModelParam.gyml
0xe4d5e76b	ClothHeadwearCostumeBird
0xe4d6b373	BubblesBottle_Carry
0xe4da30f3	Player.InteriorRoomStyleInfo.MultiDot01.IsNewlyOwned
0xe4dd4cf4	Work/Confluence/PageInfo/HairFront057.pp__Confluence__PageInfo.gyml
0xe4dd755e	Work/Data/ClothModelParam/ClothShoesPointedWooden.data__ClothModelParam.gyml
0xe4de660d	FacilityItemShopOther
0xe4e05d53	Work/Data/ClothParam/ClothTopslongAlineSleevelessMonogram.data__ClothParam.gyml
0xe4e2dcea	Player.InteriorRoomStyleInfo.MonitorRoom00.FirstObtainedSec
0xe4e58580	ObjStepWood_05
0xe4e72a83	Work/Data/ClothModelParam/ClothAllMascotLongMonkey.data__ClothModelParam.gyml
0xe4e81476	ShoutToSea
0xe4e9a3b3	ItemTrashCan_Demo
0xe4eaac2a	FirstMiiHouse
0xe4f04ce4	House.RoomStyleInfo.Flag.Fruit07
0xe4f53819	HouseDollHouseRoomWindowIcon
0xe4f594da	Player.InteriorRoomStyleInfo.MonitorRoom01.OwnNum
0xe4f81c83	Work/Data/ClothModelParam/ClothTopsTshirtHalfStar.data__ClothModelParam.gyml
0xe4f952e8	ObjKids00_Block
0xe504eec3	Player.InteriorRoomStyleInfo.WoodBoard02.KeyHash
0xe5078944	RoomBed_Entrance
0xe50d03a4	Player.InteriorRoomStyleInfo.WoodBoard04
0xe50d119c	Player.GoodsInfo2.SuspiciousSwitch.LastObtainedSec
0xe50f33bc	Food
0xe50f80c0	Childcare.Pending.HabitOwnInfo.GreetingMacho.State
0xe5101345	Work/Data/ClothModelParam/ClothSocksFishnet.data__ClothModelParam.gyml
0xe510d076	Player.HabitInfo2.StandLeanForward.IsNewlyOwned
0xe5111dcb	TreasureBookEmotionTelopChatImpressedSitOnFerrisWheelEntrance
0xe514679b	Work/Confluence/PageInfo/HairAllLegacy117.pp__Confluence__PageInfo.gyml
0xe515229c	DailyLog.EmotionBallSpent
0xe519b917	TreasureAnythingEmotionTelopChatImpressedAtRoom
0xe5246e65	Work/Data/CoordinateClothInfo/Coordinate0315.data__CoordinateClothInfo.gyml
0xe52a8099	Player.InteriorRoomStyleInfo.Baby01.OwnNum
0xe53dc29e	Player.InteriorRoomStyleInfo.Sushi00.LastObtainedSec
0xe53dd26b	Midcentury01
0xe53ee2b3	TreasureAnythingEmotionTelopChatDifficultAtRoom
0xe543695b	MisoSoup
0xe545a456	Mii.Belongings.HabitOwnInfo.FaceRaiseEyebrows
0xe549f53c	ClothHeadwearOrnamentSideFlapper
0xe5520849	AttributeDVD
0xe55558d3	Work/Confluence/PageInfo/HairFront078.pp__Confluence__PageInfo.gyml
0xe55c1794	TutorialLamp
0xe55f77aa	Player.InteriorRoomStyleInfo.Stuffed00.KeyHash
0xe55fb97c	ObjFenceIron_06
0xe5601d20	Player.InteriorRoomStyleInfo.Horror00.State
0xe5620683	Player.HabitInfo2.GetAngryTypeRegretfulTears.State
0xe5623929	Place_Misc_Seaside_WithLovers_raw
0xe56739e5	GuitarCycleHere
0xe5740d1f	Work/Data/ClothParam/ClothTopsSarashi.data__ClothParam.gyml
0xe57805ba	EmotionTelopChatDark
0xe57a0d6f	Player.InteriorRoomStyleInfo.SFX00.LastObtainedSec
0xe57f530a	OneEarphoneIsMisissing
0xe580ca2b	Work/Data/ClothModelParam/ClothHeadwearHatHologram.data__ClothModelParam.gyml
0xe589a672	ClothBottomsPantsWideGlen
0xe58a4394	Coordinate0178
0xe5937b14	Sequence
0xe59e7d3e	FamousMountainCalendar
0xe5af11a8	ClothHeadwearCostumeCat
0xe5b10af7	Fight
0xe5b21fb9	Player.InteriorRoomStyleInfo.Festival00.OwnNum
0xe5b79e51	Work/Confluence/PageInfo/HairAllLegacy033.pp__Confluence__PageInfo.gyml
0xe5b90924	HalfBall
0xe5bc11f9	BookSelfDevelopment
0xe5bc794b	TreasureGameEmotionTelopChatNoveltySitOnFountain
0xe5c0bb4d	Work/Data/ClothParam/ClothTopsCoatLongKnitGown.data__ClothParam.gyml
0xe5c37f30	ObjGrandlight
0xe5cb22cb	ItemPinwheel_Demo
0xe5cf6c26	Mii.Belongings.HabitOwnInfo.WalkToeIn.IsChecked
0xe5d9fbb6	Mii.Belongings.RoomStyleInfo.Flag.Damask03
0xe5da8d17	ObjRock_01
0xe5de0759	Player.InteriorRoomStyleInfo.MonitorRoom00.State
0xe5e5eb95	Player.HabitInfo2.StandProudly
0xe5e88106	Mii.MiiMisc.ClothInfo.Shoes
0xe5e8b421	RandomDouble
0xe5e9b0db	Sphere
0xe5f9c508	Player.InteriorRoomStyleInfo.Camouflage00.OwnNum
0xe5fcdd1e	Work/Data/ClothParam/ClothShoesSandalSneaker.data__ClothParam.gyml
0xe5fde92c	Player.GoodsInfo2.GearParts
0xe601ea79	House.RoomStyleInfo.Flag.LightStick07
0xe6054e54	Work/Data/CoordinateAttribute/Coordinate0186.data__CoordinateAttribute.gyml
0xe60b4545	ClothTopsTshirtHalfHeart
0xe6101556	Player.HabitInfo2.FaceBliss.OwnNum
0xe610a669	UGC.SuspendData.BaseColor
0xe6111d0f	Player.InteriorRoomStyleInfo.NeonSign00.OwnNum
0xe613a68a	Player.GoodsInfo2.GlitterBeads.LastObtainedSec
0xe61b3c35	Plx_Alb
0xe61e4250	Player.InteriorRoomStyleInfo.Antarctic00.LastObtainedSec
0xe622dd3a	Work/Data/ClothParam/ClothHeadwearOrnamentSideBijou.data__ClothParam.gyml
0xe624befa	ObjCardboard00_CardboardC
0xe6253f5c	Player.GoodsInfo2.Crover.State
0xe6254862	Player.InteriorRoomStyleInfo.Damask02
0xe62cbe85	IsCameraReverseRotateY
0xe62febd3	DemoDM104015
0xe6321904	Player.GoodsInfo2.KarateSet
0xe633b164	ClothSocksStocking
0xe6417241	Work/Data/ClothModelParam/ClothBottomsPantsLongRagged.data__ClothModelParam.gyml
0xe64611f7	Work/Data/ClothModelParam/ClothAccessoryBagKnapsack.data__ClothModelParam.gyml
0xe64b9aa7	ObjClockTower_05
0xe650450b	Player.GoodsInfo2.CoconutBowl.IsNewlyOwned
0xe6508664	Warmly
0xe6523c59	Mii.Belongings.RoomStyleInfo.Flag.Atelier01
0xe65989c0	Activeness
0xe65d7632	ClothTopsYshirtLongStripe
0xe6644dc4	Childcare.Pending.ParentMiiIndex
0xe666a670	TreasurePetEmotionTelopChatNoveltySitOnTheGroundCircle
0xe6683205	Mii.MiiMisc.EatInfo
0xe6696b98	WoodFloor01
0xe669d4ce	House.RoomStyleInfo.Flag.StarPrint01
0xe6743277	House.RoomStyleInfo.Flag.Wedding01
0xe677dc76	ClothSocksRib
0xe6812324	Work/Data/CoordinateClothInfo/Coordinate0280.data__CoordinateClothInfo.gyml
0xe68b7dac	Work/Data/CoordinateAttribute/Coordinate0244.data__CoordinateAttribute.gyml
0xe68fc240	Work/Data/ClothModelParam/ClothTopsYshirtLongHighNeck.data__ClothModelParam.gyml
0xe6924607	HostIOPhotoRgba
0xe6956817	LastIslandEditTime
0xe69d3f39	Work/Data/ClothModelParam/ClothSocksBorder.data__ClothModelParam.gyml
0xe6a11757	ObjCat00_Bed
0xe6a52ac7	Event0004CH
0xe6a5e4e3	SeasonUnlockAutumn
0xe6a5eec9	ClothHeadwearHatEgg
0xe6ac7c5b	Work/Data/ClothParam/ClothAllBodySuitLongDevil.data__ClothParam.gyml
0xe6ad5d31	Player.InteriorRoomStyleInfo.Classroom00.State
0xe6aed5fe	Work/Confluence/PageInfo/HairAll057.pp__Confluence__PageInfo.gyml
0xe6ba5127	DailyLog.InnerRoomPrivateRoomChangeCount
0xe6bcd21e	ObjSnowman_Center
0xe6c764ee	Work/Confluence/PageInfo/HairAllLegacy074.pp__Confluence__PageInfo.gyml
0xe6c9a0de	Trouble_GiveUpOneSideLove_Success
0xe6c9d402	Player.GoodsInfo2.GamePuzzle.IsNewlyOwned
0xe6d3b9a9	Player.InteriorRoomStyleInfo.Minimul00.FirstObtainedSec
0xe6dd04d6	Player.InteriorRoomStyleInfo.Dot06.InformedNewRelease
0xe6de671d	Dog01
0xe6de939b	Work/Data/CoordinateClothInfo/Coordinate0344.data__CoordinateClothInfo.gyml
0xe6ded326	Trouble_GoodsDVD_Failure
0xe6e0a96e	Player.InteriorRoomStyleInfo.Grassland00.KeyHash
0xe6e26155	TalkStart
0xe6e2d8d7	Currency
0xe6e49d5f	Player.InteriorRoomStyleInfo.Classroom01.KeyHash
0xe6e4c457	Work/Data/CoordinateClothInfo/Coordinate0099.data__CoordinateClothInfo.gyml
0xe6eb182a	Work/Data/ClothModelParam/ClothHeadwearHatJapan.data__ClothModelParam.gyml
0xe6ef2292	Player.InteriorRoomStyleInfo.Success00.FirstObtainedSec
0xe6f4d52d	Communicate017_2
0xe6f527c4	Work/Confluence/PageInfo/HairAllLegacy065.pp__Confluence__PageInfo.gyml
0xe6fe0ed6	Work/Data/ClothParam/ClothAllUfoAlien.data__ClothParam.gyml
0xe70196c3	TomodachiCollection
0xe7121dfa	Work/Data/ClothModelParam/ClothHeadwearProtectorSamuraiHelmet.data__ClothModelParam.gyml
0xe71382ba	ItemCutCake_03
0xe7141982	Newlife00
0xe714d105	Player.InteriorRoomStyleInfo.Game00.KeyHash
0xe7184c9e	ObjParty00_WallDecorationLDK
0xe718c4ed	Player.InteriorRoomStyleInfo.WoodBoard06.InformedNewRelease
0xe727d012	ClothTopsYshirtLongShirtKnit
0xe72a04e1	Work/Data/ClothParam/ClothHeadwearOrnamentFrontRabbitRibbon.data__ClothParam.gyml
0xe733331d	MiiEvent_Event0027FL2
0xe733a2e9	MenuBack
0xe736e99c	ChildBirthSuccess
0xe7386b29	Mii.MiiMisc.PatInfo
0xe73eeb5d	EmotionTelopChatLoveSitOnSofa
0xe74428f2	Bool
0xe7499b77	Player.InteriorRoomStyleInfo.Log00.FirstObtainedSec
0xe75039ab	Player.InteriorRoomStyleInfo.Triangle01.LastObtainedSec
0xe7526de3	Mii.Belongings.RoomStyleInfo.Flag.Wrestling00
0xe756275d	Player.InteriorRoomStyleInfo.Shogun00.OwnNum
0xe7584c6c	Tea
0xe7587dcf	TreasureGameEmotionTelopChatScarySitOnTheBench
0xe761c1cd	TreasurePetEmotionTelopChatScaryAtLivingFloor
0xe7622faa	CheerUpFailure
0xe7645eb7	Player.InteriorRoomStyleInfo.Formula01.InformedNewRelease
0xe767ea21	Place_Misc_Outdoor_WithLoves_raw
0xe76b40f4	Mii.Belongings.RoomStyleInfo.Flag.LockerRoom01
0xe7742a99	PetVoiceEffectType
0xe775cb20	MakeUpper
0xe77b18a4	Player.HabitInfo2.GreetingCurtsy.State
0xe788268d	ObjFenceLattice_03
0xe78bad96	Work/Data/ClothModelParam/ClothAccessoryBackClockwork.data__ClothModelParam.gyml
0xe78db556	Player.InteriorRoomStyleInfo.Train00.KeyHash
0xe78f7341	Work/Data/CoordinateAttribute/Coordinate0263.data__CoordinateAttribute.gyml
0xe7945dbf	Player.InteriorRoomStyleInfo.SmallFlower02.KeyHash
0xe7a6be85	RemindAddSixthMii
0xe7a7fe91	Player.InteriorRoomStyleInfo.Dot00.OwnNum
0xe7a84036	Work/Data/ClothModelParam/ClothTopsTshirtSleevelessPattern.data__ClothModelParam.gyml
0xe7b51d52	ItemBaseballBall
0xe7b5f05a	ClothTopsTshirtLongDefault
0xe7b64ca8	Player.InteriorRoomStyleInfo.Damask01.State
0xe7b8676d	Player.InteriorRoomStyleInfo.Fruit05.KeyHash
0xe7b9c3a0	Work/Data/ClothModelParam/ClothTopsTshirtLongSummerCardigan.data__ClothModelParam.gyml
0xe7be89d4	Alien1
0xe7c07c60	ClothAllMascotLongDog
0xe7c0d971	DemoDM104094
0xe7c2f1e8	Player.InteriorRoomStyleInfo.Fruit01.FirstObtainedSec
0xe7c338d9	Place_Facility_ALL_WithLovers_raw
0xe7c3d341	WalkingDate
0xe7c5b167	EmotionTelopChatDarkNotePCSpeech
0xe7c5efd0	Work/Data/CoordinateAttribute/Coordinate0218.data__CoordinateAttribute.gyml
0xe7cd05c7	EUru
0xe7cf1de3	ClothHeadwearMaskWelding
0xe7d1079a	Work/Confluence/PageInfo/HairAllLegacy036.pp__Confluence__PageInfo.gyml
0xe7db1e60	AddTime
0xe7dbc8cc	Work/Mii/EyeAccessoryParam/Eye028.mii__EyeAccessoryParam.gyml
0xe7df3b58	Trial.IsFoodShopDialogShown
0xe7e7b162	Work/Data/ClothParam/ClothBottomsPantsWidePainter.data__ClothParam.gyml
0xe7ebc042	GroupAction_ExLoverBecomeFriendsAgain
0xe7f04c10	House.RoomStyleInfo.Flag.Gold00
0xe7f375f7	Player.GoodsInfo2.SolarPanel
0xe7f3ea97	Item
0xe7f9d439	UGC.Interior.TextureSourceType
0xe7f9dbe4	Player.InteriorRoomStyleInfo.Success00
0xe7fddbd0	Player.InteriorRoomStyleInfo.Stuffed03.KeyHash
0xe800ce0a	AddThirdMii
0xe80466b0	Trouble_ClothEHalloween_Failure
0xe80646bc	Work/Confluence/PageInfo/HairFront050.pp__Confluence__PageInfo.gyml
0xe807cd6a	Mii.Belongings.HabitOwnInfo.WalkRhythm.IsOwn
0xe80bacdd	Work/Confluence/PageInfo/HairBack018.pp__Confluence__PageInfo.gyml
0xe812f5bd	Work/Confluence/PageInfo/HairAll035.pp__Confluence__PageInfo.gyml
0xe812f5c9	Player.GoodsInfo2.Frog.IsNewlyOwned
0xe8148e26	Work/Data/ClothParam/ClothTopsTshirtHalfScarf.data__ClothParam.gyml
0xe81ee9c4	Mii.MiiMisc.ClothInfo.Tops.KeyHash
0xe81fe997	Work/Data/ClothParam/ClothTopslongBoxDressLongMoga.data__ClothParam.gyml
0xe828641c	ObjFlowerSunflowers
0xe82a082d	Work/Data/ClothModelParam/ClothHeadwearOrnamentSidePinCross.data__ClothModelParam.gyml
0xe82b4c07	EyebrowNormalHighAngle
0xe82c2cab	Parakeet
0xe82cb749	ObjAsianResort00_CurtainS
0xe82f07b1	Player.InteriorRoomStyleInfo.Garage02.State
0xe831e54f	Communicate020
0xe834ac4d	Work/Data/ClothParam/ClothShoesBootsLongSanta.data__ClothParam.gyml
0xe834b500	Childcare.Pending.HabitOwnInfo.WalkUneasily.IsChecked
0xe834cd88	Childcare.Pending.HabitOwnInfo.StandCute
0xe83591a3	LvUPGoods_Maracas_House_LDKCarpet_raw
0xe8366039	ObjBenchPark_06
0xe836d6f7	Mii.Belongings.HabitOwnInfo.VoiceLoud
0xe837b6f1	Player.InteriorRoomStyleInfo.Japanese01.LastObtainedSec
0xe83871c1	TreasureBookEmotionTelopChatInterestingSitOnTheHouseDeck
0xe83c5bb3	Spring
0xe841dfe8	Player.InteriorRoomStyleInfo.Dog00.LastObtainedSec
0xe8484120	TrafficLight
0xe84e3152	Player.HabitInfo2.StandShy
0xe84f6eca	Work/Data/ClothParam/ClothHeadwearGlassPixel.data__ClothParam.gyml
0xe8507f60	Work/Data/ClothParam/ClothTopsOuterLongSki.data__ClothParam.gyml
0xe8538718	Mii.Belongings.HabitOwnInfo.GreetingTypeShallow
0xe858fb90	Childcare.Pending.HabitOwnInfo.StandSweatLot
0xe868fd6f	DemoPR000089
0xe86b1a7c	Childcare.Pending.HabitOwnInfo.GetAngryTypeBrightly.IsOwn
0xe86f5cfd	Coordinate0126
0xe8709343	V3f
0xe8754563	Work/Data/CoordinateClothInfo/Coordinate0053.data__CoordinateClothInfo.gyml
0xe87d499d	Work/Data/CoordinateClothInfo/Coordinate0175.data__CoordinateClothInfo.gyml
0xe87e19f2	FoodTaste
0xe880c81c	House.UgcInteriorOwnInfo
0xe8827314	TroubleSeparateGenerate
0xe888166c	Player.InteriorRoomStyleInfo.StarPrint00.InformedNewRelease
0xe88cabc9	Trouble_ChallengeConfession_Success
0xe8905435	LoveLoveFerrisWheel
0xe893e307	Work/Data/ClothParam/ClothShoesSandalSlipperBorder.data__ClothParam.gyml
0xe8958440	PlayMyRoomGroup
0xe8986412	Player.GoodsInfo2.PocketWatch.IsNewlyOwned
0xe899b648	Player.GoodsInfo2.Clione.IsNewlyOwned
0xe89b294d	Coordinate0207
0xe8ac5272	Mii.Belongings.HabitOwnInfo.FaceCloseEyes.State
0xe8b00042	Player.InteriorRoomStyleInfo.Antarctic00.IsNewlyOwned
0xe8b20e5a	DemoPR000045Food02
0xe8b477f7	UGC.Cloth.NetworkDeliverCount
0xe8ba22d8	Player.InteriorRoomStyleInfo.SF04.LastObtainedSec
0xe8bd8c89	UGC.MapFloor.EmissionIntensity
0xe8bf7788	Player.InteriorRoomStyleInfo.Log00.IsNewlyOwned
0xe8c2afb9	ObjBenchTerrace_04
0xe8c2df39	Player.InteriorRoomStyleInfo.Office00.LastObtainedSec
0xe8c6dfe6	Work/Data/ClothParam/ClothAllCostumeLongSnowman.data__ClothParam.gyml
0xe8cbabbe	Player.InteriorRoomStyleInfo.BigFlower03.KeyHash
0xe8cbd555	UgcFood04
0xe8cdcba8	ClothTopslongSalopetteLongCasual
0xe8d165a0	ObjFantasy00_PlantC
0xe8d2fb98	UGC.Interior
0xe8fb6569	Player.InteriorRoomStyleInfo.Steampunk00.InformedNewRelease
0xe8fc71ec	ClothHeadwearOrnamentTopUfo
0xe90728bf	Food_All
0xe90a961b	Player.GoodsInfo2.CrownCap
0xe90d634d	UGC.Exterior.EntryTime
0xe911c380	Work/Data/ClothModelParam/ClothTopslongOverallLongAlpinist.data__ClothModelParam.gyml
0xe91748cc	FacilityFamilyRestaurant_MeetingPlace3
0xe91c4992	House.RoomStyleInfo.Flag.Club00
0xe91cf70d	CasterMii
0xe929fc1b	ClothTopsTshirtSleevelessPattern
0xe932b18f	EmotionTelopChatSadSitKnittingOnTheBench
0xe9347774	TreasureGameEmotionTelopChatImpressedSitOnSofaTVMode
0xe9439689	Childcare.Pending.HabitOwnInfo.WalkStoop.IsOwn
0xe94439af	DemoDM104069
0xe9473287	Snow_Road
0xe947fe58	Player.InteriorRoomStyleInfo.Dot05.OwnNum
0xe94d915b	Player.GoodsInfo2.Ruby.IsNewlyOwned
0xe94e5720	Work/Data/CoordinateAttribute/Coordinate0016.data__CoordinateAttribute.gyml
0xe9502ce6	Work/Data/ClothModelParam/ClothAccessoryBackStar.data__ClothModelParam.gyml
0xe953013b	Player.InteriorRoomStyleInfo.SmallFlower02.IsNewlyOwned
0xe954f9e1	TreasureBookEmotionTelopChatScarySitOnTheGround
0xe955124b	Mii.Belongings.HabitOwnInfo.EatCute
0xe95a60cf	TreasureMovieEmotionTelopChatImpressedAtRoom
0xe95f510d	RestaurantTable
0xe961d7df	ObjHoneycomb00_Ceiling
0xe962c755	PushUpExerciseFieldLarge
0xe964add6	Player.GoodsShopItem.IsNeedShowNew
0xe9665718	Childcare.Pending.HabitOwnInfo.EatCarefully.IsChecked
0xe96dfb6e	UgcHeadwearOwnInfo
0xe96fb904	Work/Data/CoordinateClothInfo/Coordinate0283.data__CoordinateClothInfo.gyml
0xe975866a	Player.InteriorRoomStyleInfo.Party05.State
0xe97c0ab6	Work/Data/ClothParam/ClothHeadwearHatPropellerCap.data__ClothParam.gyml
0xe97d1278	Player.InteriorRoomStyleInfo.Damask01.IsNewlyOwned
0xe97eda86	Work/Confluence/PageInfo/HairFront019.pp__Confluence__PageInfo.gyml
0xe9831d80	Player.GoodsInfo2.GameEducation
0xe9846ce0	Player.InteriorRoomStyleInfo.Bathroom01.State
0xe986ab81	Work/Mii/EyeAccessoryParam/Eye064.mii__EyeAccessoryParam.gyml
0xe989142d	ClothTopsCoatHalfFire
0xe98abf3d	Player.BGMVolume
0xe98fd6f6	ObjGigantic00_BuildingS04LDK
0xe9985cd7	Octahydrone
0xe99b39c1	ClothTopslongBoxDressLongJumper
0xe9a13caf	MiiEvent_Event0048FL
0xe9a16477	Work/Data/ClothParam/ClothTopsCoatLongAsymmetry.data__ClothParam.gyml
0xe9a3a354	Player.GoodsInfo2.Screw.LastObtainedSec
0xe9a4654d	Work/Data/CoordinateAttribute/Coordinate0324.data__CoordinateAttribute.gyml
0xe9a91e22	ObjTrain00_Ceiling
0xe9ac610d	Work/Data/ClothModelParam/ClothTopslongDressHalfKatrina.data__ClothModelParam.gyml
0xe9adf175	Childcare.Pending.HabitOwnInfo.GetAngryTypeRegretfulTears.IsOwn
0xe9b89bdf	Nobility02
0xe9bbd2d3	Work/Data/ClothParam/ClothTopsTshirtLongSailor.data__ClothParam.gyml
0xe9bc6b0a	Player.InteriorRoomStyleInfo.LightStick04.InformedNewRelease
0xe9bd52f8	Player.InteriorRoomStyleInfo.Gold00.FirstObtainedSec
0xe9c9da19	DemoPR000005
0xe9c9dd6d	Monitor00
0xe9d0245d	Fruit02
0xe9d502fa	Work/Data/ClothModelParam/ClothTopsOuterLongYokosuka.data__ClothModelParam.gyml
0xe9d522ec	Player.GoodsInfo2.DVDLove
0xe9d8877d	Mii.Belongings.RoomStyleInfo.Flag.Garden00
0xe9dcaf8a	ClothHeadwearHatBackCap
0xe9dd9637	Coordinate0154
0xe9e881ae	ObjStar00_CeilingA
0xe9e89ff0	Player.GoodsInfo2.ColorfulBasket.State
0xe9ea4adc	Player.InteriorRoomStyleInfo.Garage05.State
0xe9edbef6	ObjShowerOutdoor_02
0xe9f1d4cb	Work/Data/ClothParam/ClothBottomsPantsLongPatch.data__ClothParam.gyml
0xea0173cd	Player.HabitInfo2.StandStraight.IsNewlyOwned
0xea0645eb	Bathroom01
0xea070e46	Work/Mii/EyeAccessoryParam/Eye007.mii__EyeAccessoryParam.gyml
0xea0734b2	Work/Data/ClothModelParam/ClothShoesSneakerSideline.data__ClothModelParam.gyml
0xea0e4d34	ClothTopslongAlineLongCoatDress
0xea127472	Work/Data/CoordinateAttribute/Coordinate0238.data__CoordinateAttribute.gyml
0xea143e9d	ObjVendingMachine_05
0xea1885a2	Indigo
0xea2471da	RoomDoorRoom_LeftDoorKnob
0xea266e16	DemoPR000102
0xea2d75ca	Work/Data/ClothModelParam/ClothTopslongBoxDressSleevelessSlip.data__ClothModelParam.gyml
0xea343800	Work/Data/ClothModelParam/ClothHeadwearHatShallow.data__ClothModelParam.gyml
0xea3a2e82	MapObjectSytem
0xea3d2bd1	Place_Facility_ALL_NotChat_raw
0xea3f9cc0	Player.GoodsInfo2.Maracas.LastObtainedSec
0xea3ff9fc	FacilityFerrisWheelGondolaIndoor
0xea4743ea	Place_MapObj_TableBench_raw
0xea4798bd	Work/Data/ClothModelParam/ClothTopsTshirtHalfMultiBorder.data__ClothModelParam.gyml
0xea486416	Work/Confluence/PageInfo/HairAllLegacy080.pp__Confluence__PageInfo.gyml
0xea4b1250	Work/Mii/EyeAccessoryParam/EyeNothing.mii__EyeAccessoryParam.gyml
0xea4c0eb7	Player.GoodsInfo2.MapleSyrupSamplingPort.IsNewlyOwned
0xea4d306f	DailyLog.PresentClothCount
0xea4d83a7	RubberString
0xea52e5b9	Coordinate0118
0xea54c03e	Player.GoodsInfo2.Frog.State
0xea5682c9	Haniwa
0xea56fca5	Coordinate0229
0xea5b5488	Player.GoodsInfo2.Bouquet.OwnNum
0xea5b8742	DVDAction
0xea63da21	ClothSocksArgyle
0xea6f555a	Work/Data/ClothParam/ClothTopsTshirtLongSimple.data__ClothParam.gyml
0xea7574e7	ItemFenceBarbed_Demo
0xea77123f	Player.InteriorRoomStyleInfo.Heart04.InformedNewRelease
0xea8185ce	ObjSloppy00_Sofa
0xea8abf5e	HouseSingle
0xea910be8	DemoDM104085
0xea914fc1	Player.GoodsInfo2.CoinSilver.OwnNum
0xea9422d9	ItemBowlingBall
0xea96cf1f	Robot
0xea9805aa	Work/Data/ClothModelParam/ClothAccessoryBackFlower.data__ClothModelParam.gyml
0xeaa0796e	Communicate007
0xeaa639ce	Player.GoodsInfo2.KnittingSet
0xeab036de	UGC.Text.TextData
0xeab55d6b	Player.InteriorRoomStyleInfo.Garage06
0xeab6c014	ObjPinwheel
0xeab6ca86	Work/Confluence/PageInfo/HairFront038.pp__Confluence__PageInfo.gyml
0xeac014e7	Work/Confluence/PageInfo/HairFront064.pp__Confluence__PageInfo.gyml
0xeadaec83	Player.InteriorRoomStyleInfo.Office01.KeyHash
0xeadcc78c	Player.InteriorRoomStyleInfo.Fantasy00.InformedNewRelease
0xeaddf790	ObjFenceStake_06
0xeae1cc69	TreasurePetEmotionTelopChatImpressedSitOnTheGroundCircle
0xeae22e7a	Work/Data/ClothModelParam/ClothShoesBase.data__ClothModelParam.gyml
0xeae72642	ObjBlock1
0xeaed026e	Trouble_HungryAll2_Failure
0xeaf26a09	Pink
0xeaf4edff	Work/Data/CoordinateClothInfo/Coordinate0316.data__CoordinateClothInfo.gyml
0xeaf77722	Relation_FriendAndMore_House
0xeb0a84e9	ItemBenchPark_Demo
0xeb0f05b7	Work/Data/ClothModelParam/ClothShoesPumpsRibbon.data__ClothModelParam.gyml
0xeb0f7a36	Lion
0xeb10d5b0	ClothHeadwearOrnamentSideHairClip
0xeb1623e8	Player.GoodsInfo2.Camera.State
0xeb16f369	Childcare.Pending.HabitOwnInfo.StandShy
0xeb1d6581	Work/Data/ClothModelParam/ClothTopsTshirtHalfBoxLogo.data__ClothModelParam.gyml
0xeb213538	Wood
0xeb21cf03	Player.GoodsInfo2.ScrubbingBrush.OwnNum
0xeb225561	Player.GoodsInfo2.Crover
0xeb25300a	ObjKids00_Teaset
0xeb269f00	ObjNewlife00_Kitchen
0xeb298b29	Player.InteriorRoomStyleInfo.WoodBoard04.State
0xeb2da4eb	Mii.Belongings.HabitOwnInfo.FaceCloseEyes
0xeb2fc67d	Work/Data/ClothParam/ClothTopslongDressHalfKatrina.data__ClothParam.gyml
0xeb3978c8	Work/Data/ClothModelParam/ClothSocksTowLine.data__ClothModelParam.gyml
0xeb39f3ac	Work/Data/ClothParam/ClothSocksNordic.data__ClothParam.gyml
0xeb3c825b	ObjBathroom00_Mat
0xeb419930	USen
0xeb4584e0	Player.InteriorRoomStyleInfo.Party01.LastObtainedSec
0xeb47ef5b	Work/Component/DestinationInfo/SystemPrivateRoom.actor__DestinationInfo.gyml
0xeb47f217	Player.HabitInfo2.StomachSmall
0xeb4a50af	Player.InteriorRoomStyleInfo.Garden00.FirstObtainedSec
0xeb4bceaa	EmotionTelopChatLaughSitKnittingOnSofa
0xeb562762	Work/Data/CoordinateClothInfo/Coordinate0310.data__CoordinateClothInfo.gyml
0xeb5790be	Work/Data/ClothModelParam/ClothHeadwearHatHunting.data__ClothModelParam.gyml
0xeb6eca1f	Work/Data/ClothParam/ClothBottomsPantsLongDown.data__ClothParam.gyml
0xeb6f25c8	Work/Data/ClothParam/ClothHeadwearHatSki.data__ClothParam.gyml
0xeb72b286	Player.InteriorRoomStyleInfo.Book01.OwnNum
0xeb7362cd	Player.GoodsInfo2.Amber.State
0xeb7725f5	Trouble_IslandEditObjectPlant_Failure
0xeb7b494e	ObjBell_06
0xeb7d53a9	Player.GoodsInfo2.CDIdol.IsNewlyOwned
0xeb894c04	Player.InteriorRoomStyleInfo.Otaku02.LastObtainedSec
0xeb89c3b3	Player.InteriorRoomStyleInfo.HoneycombTile01.State
0xeb8cab4e	Player.InteriorRoomStyleInfo.Formula01
0xeb8e1f6d	Work/Data/ClothParam/ClothAccessoryMufflerFur.data__ClothParam.gyml
0xeb92c74f	Work/Data/ClothModelParam/ClothTopsTshirtHalfStripe.data__ClothModelParam.gyml
0xeb93ad86	House.RoomStyleInfo.Flag.MonitorRoom01
0xeba50e57	Obje_PassableObje
0xeba5f017	Work/Data/CoordinateAttribute/Coordinate0344.data__CoordinateAttribute.gyml
0xebace20b	ObjLanternSakura_05
0xebb12157	Work/Data/ClothModelParam/ClothAccessoryWaistTurkey.data__ClothModelParam.gyml
0xebb49bcc	House.RoomStyleInfo.Flag.HoneycombTile03
0xebb59868	Player.InteriorRoomStyleInfo.WoodBoard06.State
0xebbb4532	Work/Data/ClothParam/ClothTopslongMuscleLongTraining.data__ClothParam.gyml
0xebbb9133	NoGroup_Event0041CH
0xebccc3cf	Player.GoodsInfo2.Spirit.LastObtainedSec
0xebce8e80	UGC.SuspendData.UgcImpressionType
0xebd6ba7d	ObjFormula00_BookB
0xebd8c5b5	GreetingCool
0xebd969f9	Work/Data/ClothParam/ClothHeadwearFullfaceAstronaut.data__ClothParam.gyml
0xebdb8a9d	ClothTopsKnitCamisole
0xebdbe859	Player.InteriorRoomStyleInfo.Wedding00.IsNewlyOwned
0xebdc8a53	Player.InteriorRoomStyleInfo.Damask03.InformedNewRelease
0xebdf54bf	ObjDog00_Rope
0xebe020cb	Player.InteriorRoomStyleInfo.Triangle00.IsNewlyOwned
0xebe47230	Work/Data/CoordinateAttribute/Coordinate0032.data__CoordinateAttribute.gyml
0xebeb53ba	Mii.Belongings.HabitOwnInfo.SnoreLoudly.IsOwn
0xebf8ca58	Childcare.Pending.HabitOwnInfo.ChangeCloth.IsOwn
0xebf9ea96	House.RoomStyleInfo.Flag.Shoji00
0xebfb09d8	Player.InteriorRoomStyleInfo.SmallFlower02.FirstObtainedSec
0xec025c08	Work/Data/ClothParam/ClothTopsOuterLongStadium.data__ClothParam.gyml
0xec0590fa	SleepInfo
0xec06e231	TreasureRecordEmotionTelopChatBlushSpeech
0xec079f30	Player.GoodsInfo2.MirrorBall.LastObtainedSec
0xec0aa37c	Shuffle
0xec0b60f6	Work/Data/ClothParam/ClothTopsYshirtLongMultiColor.data__ClothParam.gyml
0xec1442b6	Event0003CH
0xec16e069	ClothTopsTshirtLongRaglan
0xec2427f1	ObjStepIron_05
0xec273833	Work/Data/CoordinateClothInfo/Coordinate0228.data__CoordinateClothInfo.gyml
0xec277e25	Work/Data/ClothModelParam/ClothBottomsSkirtLongDot.data__ClothModelParam.gyml
0xec38a8f9	Player.GoodsInfo2.Top.IsNewlyOwned
0xec3b9abd	Childcare.Pending.HabitOwnInfo.StandPutsGlasses.State
0xec4a11ac	EmotionTelopChatDateWalkingAtShop
0xec4feff6	Work/Data/ClothParam/ClothShoesStandardBotanicalSlipon.data__ClothParam.gyml
0xec5010fb	Mii.MiiMisc.ClothInfo.BottomsA.ColorIndex
0xec521b02	Work/Data/ClothParam/ClothTopslongDressSleevelessSunflower.data__ClothParam.gyml
0xec65e2e4	UGC.Interior.EmissionIntensity
0xec6ad06f	ObjPinwheel_06
0xec6bd541	Player.InteriorRoomStyleInfo.Fruit03.KeyHash
0xec6e7552	ClothHeadwearHatMushroom
0xec70a703	ClothHeadwearGlassEyepatch
0xec71ca56	Work/Data/Destination/ActionArea/FacilityTower_Front.data__destination__ActionArea.gyml
0xec773b19	Player.InteriorRoomStyleInfo.Atelier01.State
0xec7b5268	Player.GoodsInfo2.Egg.IsNewlyOwned
0xec7d6255	Player.InteriorRoomStyleInfo.LightStick02.KeyHash
0xec83ba91	DailyLog.ResolvedTroubleCount
0xec8483af	ClothTopslongSalopetteHalfJimbei
0xec85cefe	Player.GoodsInfo2.Crystal.LastObtainedSec
0xec85dd61	ClothTopsTshirtHalfFruits
0xec89d3a7	Player.InteriorRoomStyleInfo.Triangle05.KeyHash
0xec8eb994	Variation
0xec9076b5	Work/Data/CoordinateClothInfo/Coordinate0325.data__CoordinateClothInfo.gyml
0xec933f5d	Work/Data/CoordinateClothInfo/Coordinate0298.data__CoordinateClothInfo.gyml
0xec9c8b75	YogaSet
0xeca01124	ObjAtelier00_EaselB
0xeca2704c	EmotionTelopChatFervorLamp
0xeca2aacc	Player.GoodsInfo2.CoinGold.OwnNum
0xeca3b06e	House.RoomStyleInfo.Flag.Japanese00
0xeca5b9a2	Work/Confluence/PageInfo/HairBack000.pp__Confluence__PageInfo.gyml
0xeca6099b	TreasureMovieEmotionTelopChatBlushAtLivingFloor
0xeca778ff	Mii.Belongings.RoomStyleInfo.Flag.Triangle05
0xecacacb1	Work/Data/CoordinateClothInfo/Coordinate0097.data__CoordinateClothInfo.gyml
0xecb04283	Work/Data/ClothParam/ClothTopslongMuscleLongSinglet.data__ClothParam.gyml
0xecb0b2a2	MonitorRoom01
0xecb42c7d	Work/Confluence/PageInfo/HairParts012.pp__Confluence__PageInfo.gyml
0xecb4a185	Work/Data/ClothParam/ClothHeadwearMaskMask.data__ClothParam.gyml
0xecc3218a	Player.HabitInfo2.BreakGas.OwnNum
0xecc37e5e	Work/Data/CoordinateAttribute/Coordinate0208.data__CoordinateAttribute.gyml
0xecc8bae5	CatchBallTriangle
0xeccfc094	StyleGroup_Classroom00
0xecd0c62c	ClothAllCostumeLongSheep
0xecd1c500	Player.InteriorRoomStyleInfo.Strata00.InformedNewRelease
0xecdaba6b	LvUPGoods_Knitting_Outdoor_Deject
0xecdc07c1	Work/Data/ClothParam/ClothHeadwearCostumeDevil.data__ClothParam.gyml
0xecdef880	Player.InteriorRoomStyleInfo.Party03.OwnNum
0xece0ebd8	InvitingGroupDemo_DemoExLoversBecomeLoversAgain
0xece821b2	ClothBottomsPantsWideDotHalf
0xece88aa2	TreasureGameEmotionTelopChatScarySitOnSofaTVMode
0xece907bf	Player.GoodsInfo2.Pearl
0xecf3c11d	MouthImpassive
0xecf4f9f0	Bill
0xecf86ffb	Mii.MiiMisc.BalloonTalkInfo.LastTalkGameTime
0xecfa67c1	ClothShoesSandalBeads
0xecff4f2a	Effect
0xed0817c5	Work/Data/ClothParam/ClothTopslongAlongLongVintage.data__ClothParam.gyml
0xed0a05b0	Work/Confluence/PageInfo/HairAll043.pp__Confluence__PageInfo.gyml
0xed0d0d57	ClothShoesStandardSlipon
0xed0f2e13	Double
0xed128515	Player.GoodsInfo2.MagnifyingGlass
0xed14a1bc	HeadwearUGCIndex
0xed1f263d	Work/Data/CoordinateAttribute/Coordinate0307.data__CoordinateAttribute.gyml
0xed21fee5	SitUpSchoolFieldLarge
0xed29c906	Trouble_HungryAll2_Success
0xed2e0ad9	Mii.Belongings.HabitOwnInfo.FaceSmug.IsOwn
0xed2eac39	EmotionTelopChatSurpriseGuitarShowAtLivingFloor
0xed31088f	Player.InteriorRoomStyleInfo.Flowergarden00.FirstObtainedSec
0xed3c5ee4	Work/Data/ClothModelParam/ClothAccessoryBagBusiness.data__ClothModelParam.gyml
0xed3ccf23	Player.InteriorRoomStyleInfo.MultiDot01.FirstObtainedSec
0xed478ab7	Carpet09
0xed4a455d	Work/Data/ClothParam/ClothAccessoryChestBadgeCute.data__ClothParam.gyml
0xed4aa47a	Player.InteriorRoomStyleInfo.Gym02.FirstObtainedSec
0xed4ba394	Work/Data/Destination/DemoArea/FacilitySupermarket_Entrance.data__destination__DemoArea.gyml
0xed5cbded	Work/Data/ClothModelParam/ClothHeadwearOrnamentSideMiniSilkHat.data__ClothModelParam.gyml
0xed687f1e	ObjFenceLattice_02
0xed6fdb82	Mii.Belongings.HabitOwnInfo.GreetingTypeCackle
0xed7227be	FriendKnow_NotOnesideLove_EachOther
0xed744cd7	HighLand
0xed7cadf0	MiiEvent_Event0037FL
0xed7d81a6	FacilityFamilyRestaurant_Back
0xed85a5c3	Player.InteriorRoomStyleInfo.Lace02.OwnNum
0xed88ec04	House.RoomStyleInfo.Flag.Atelier01
0xed8fcf2e	LvUPGoods_Yoga_Outdoor_raw
0xed95cf0f	UGC.Exterior.UgcMaterialType
0xed978aa6	Work/Data/ClothParam/ClothAllCostumeLongTuna.data__ClothParam.gyml
0xed9a0640	TreasureGameEmotionTelopChatBlushSitOnFerrisWheelEntrance
0xed9b98f6	Player.GoodsInfo2.CeladonTeapot.IsNewlyOwned
0xeda1ba5f	Coordinate0194
0xeda606d6	ClothBottomsSkirtBoxLace
0xeda9e564	Work/Data/ClothModelParam/ClothBottomsPantsWideMetallic.data__ClothModelParam.gyml
0xedacada4	StyleGroup_Training00
0xedb0b09f	Work/Data/ClothParam/ClothTopslongKimonoLongMagician.data__ClothParam.gyml
0xedb45a02	GoRestaurantMealTogetherWithDemo
0xedb97ebf	Upper
0xedb9fd5d	Minimul05
0xedba8b55	Work/Data/ClothModelParam/ClothShoesHighcutRubberToe.data__ClothModelParam.gyml
0xedbb5b86	Player.InteriorRoomStyleInfo.Halloween00.KeyHash
0xedbc8399	TreasureGameEmotionTelopChatBlushSitOnFountain
0xedbce213	IsChildInGame
0xedc14120	ClothShoesBootsShortLaceUp
0xedc25713	ObjGame00_Grass2
0xedc7a304	Player.InteriorRoomStyleInfo.Halloween00.IsNewlyOwned
0xedcda0d5	Minus1
0xedcf396a	Goods01
0xedd25018	Player.GoodsInfo2.Daruma.IsNewlyOwned
0xedd4e019	Player.InteriorRoomStyleInfo.LightStick04.FirstObtainedSec
0xedd72100	ObjStepWood_02
0xedd8906b	Player.InteriorRoomStyleInfo.MonitorRoom02.FirstObtainedSec
0xedd962c8	DemoPR000046
0xeddb6212	Player.GoodsInfo2.DVDLive.IsNewlyOwned
0xeddc4f0a	Week2
0xede30826	ClothTopsTshirtLongRetro
0xede548e5	Player.GoodsInfo2.LuckyCat.OwnNum
0xede60a39	Childcare.Pending.Voice.Pitch
0xedec4f99	Work/Data/ClothModelParam/ClothBottomsBloomersDot.data__ClothModelParam.gyml
0xedf504b3	TreasureAnythingEmotionTelopChatNoveltySpeech
0xedf7d303	Player.InteriorRoomStyleInfo.Party03
0xedf900f6	Player.InteriorRoomStyleInfo.Factry00.InformedNewRelease
0xedfaf1c7	Player.HabitInfo2.GreetingShy.State
0xedff231e	ToCamera
0xee00251c	Work/Data/CoordinateAttribute/Coordinate0068.data__CoordinateAttribute.gyml
0xee00d586	Derived
0xee06209e	Player.InteriorRoomStyleInfo.Dog01.IsNewlyOwned
0xee0b27ec	MapObject.MapLink.LinkedMapId
0xee0db44a	UGC.Editor.Sequence.MiiEditorTutorialFlag
0xee10269a	ClothSocksTowLine
0xee1502be	Work/Data/Destination/ActionDirection/RoomBed_Entrance.data__destination__ActionDirection.gyml
0xee1a6e8f	InvitingGroupDemo_DemoDM104068
0xee1aa1a5	Eyelash
0xee204684	Mii.Belongings.RoomStyleInfo.Flag.Baby00
0xee268fa2	Mii.Belongings.HabitOwnInfo.WalkUneasily
0xee26b823	Mii.Belongings.HabitOwnInfo.SnoreLoudly.IsChecked
0xee26d8a4	Player.GoodsInfo2.CDRock.State
0xee31f33b	ClothHeadwearOrnamentSideButterfly
0xee3277bb	Work/Data/CoordinateAttribute/Coordinate0183.data__CoordinateAttribute.gyml
0xee342f1d	Japanese05
0xee35dab3	Night-Midnight
0xee37f256	Mii.MiiMisc.ClothInfo.All.ColorIndex
0xee3d6b24	Player.InteriorRoomStyleInfo.Minimul00.LastObtainedSec
0xee3e1202	RoomDollHouseLDK_Carpet
0xee4167c8	Work/Data/ClothModelParam/ClothSocksBlockCheck.data__ClothModelParam.gyml
0xee435af5	Parrot
0xee49d81a	MiiEvent_Event0035FL
0xee4ad722	FerrisWheel
0xee4be75c	Player.InteriorRoomStyleInfo.PublicBath00.FirstObtainedSec
0xee4d034b	ClothHeadwearOrnamentSideIdol
0xee4f01e5	Minimul06
0xee5153b8	Work/Data/ClothParam/ClothBottomsSkirtLongDotMiddle.data__ClothParam.gyml
0xee516285	ObjHeart00_HangerRack
0xee5b06f9	FacilityInteriorShop_ViewPos
0xee5bb497	Player.InteriorRoomStyleInfo.Snow00.InformedNewRelease
0xee5f65ac	Work/Data/ClothModelParam/ClothTopslongAlineSleevelessChristmas.data__ClothModelParam.gyml
0xee67c4c3	PocketWatch
0xee6a2906	Player.GoodsInfo2.GoldBar
0xee79f224	ObjFireworksAerial_02
0xee7a5d14	Mii.Belongings.RoomStyleInfo.Flag.MultiDot00
0xee7bee8f	Player.GoodsInfo2.Alpaca.IsNewlyOwned
0xee8a1ac2	Player.GoodsInfo2.Pinata.LastObtainedSec
0xee8b65c5	Work/Data/ClothModelParam/ClothBase.data__ClothModelParam.gyml
0xee8f054a	Work/Data/CoordinateClothInfo/Coordinate0089.data__CoordinateClothInfo.gyml
0xee921ae2	UGC.MapObject.HowToCallName
0xee9672e0	ClothHeadwearHatMarine
0xee99701e	Work/Data/ClothParam/ClothAccessoryNeckLoopTie.data__ClothParam.gyml
0xeea14954	Player.InteriorRoomStyleInfo.WesternStyle01.FirstObtainedSec
0xeea19b28	Work/Confluence/PageInfo/HairAllLegacy048.pp__Confluence__PageInfo.gyml
0xeea32e12	Player.HabitInfo2.WalkRhythm.LastObtainedSec
0xeea928a3	Mii.Belongings.HabitOwnInfo.WalkFloat.IsOwn
0xeeac75be	ItemChinese00_Chair_Demo
0xeeb9a91d	TopslongShortSleeve
0xeebc79bd	ItemRaptors
0xeebdf6c5	FriendCupidFailure
0xeec0a624	Player.InteriorRoomStyleInfo.LightStick05.IsNewlyOwned
0xeec31039	Player.InteriorRoomStyleInfo.Dinosaur01.KeyHash
0xeecbb18b	TroubleFallInOneSideLoveSuccess
0xeecbbe92	Bottom
0xeecda1f3	Mii.Belongings.RoomStyleInfo.Flag.Chinese01
0xeed2f71c	Work/Data/ClothModelParam/ClothBottomsBodyBaseBikini.data__ClothModelParam.gyml
0xeed6d279	DailyLog.PlayTimeCameraDistanceLevel
0xeed8d356	Work/Data/CoordinateClothInfo/Coordinate0266.data__CoordinateClothInfo.gyml
0xeedb9deb	Player.InteriorRoomStyleInfo.Garage01
0xeedc74f2	Player.GoodsInfo2.Marionette
0xeededa0e	Voice_DelayM
0xeee1afff	Trouble_HungryHot_Failure
0xeeea6221	PeriodCOrAfter
0xeeeef89e	Work/Data/ClothParam/ClothSocksSpider.data__ClothParam.gyml
0xeefaeb91	ToAfSourcesRandomPositionInActionArea
0xeefe7304	Player.InteriorRoomStyleInfo.LightStick02.InformedNewRelease
0xef00982c	Work/Confluence/PageInfo/HairAll001.pp__Confluence__PageInfo.gyml
0xef014050	Childcare.Pending.HabitOwnInfo.StandProudly.IsChecked
0xef03dcf8	Success00
0xef078b5e	Book02
0xef080e0b	Player.GoodsInfo2.Marble
0xef086ee0	Mii.Belongings.RoomStyleInfo.Flag.Lace03
0xef08a974	Work/Data/ClothModelParam/ClothAccessoryChestBadgeCute.data__ClothModelParam.gyml
0xef0ab8c4	Player.InteriorRoomStyleInfo.Marble01
0xef0cde20	Impossible
0xef0ee3ed	Work/Data/ClothParam/ClothShoesSandalSabo.data__ClothParam.gyml
0xef129727	Work/Data/ClothModelParam/ClothTopsYshirtLongWork.data__ClothModelParam.gyml
0xef16c314	UGC.SuspendData.Size
0xef23293c	StyleGroup_UMA00
0xef25b456	Mii.MiiMisc.EatInfo.EatFullness
0xef2bbfd7	TreasurePetEmotionTelopChatScarySpeech
0xef31d774	Event0023CH
0xef367a15	DemoPR000077
0xef3869f1	Work/Data/ClothParam/ClothHeadwearCoverCatcher.data__ClothParam.gyml
0xef38799d	Player.GoodsInfo2.Carnation.State
0xef3ba81f	ClothTopsYshirtLongHighNeck
0xef3c3813	OldWoman
0xef3d365e	Player.GoodsInfo2.Faucet.LastObtainedSec
0xef41b509	Player.GoodsInfo2.BentSpoon
0xef4316ea	Player.InteriorRoomStyleInfo.Garage07.OwnNum
0xef443e7c	Player.InteriorRoomStyleInfo.Field00.KeyHash
0xef44bade	Player.HabitInfo2.WalkLikeRobot.State
0xef48a3a4	Player.InteriorRoomStyleInfo.MultiDot00.KeyHash
0xef53ed61	Player.GoodsInfo2.TrophyGold.IsNewlyOwned
0xef56842d	ObjStreetLampRetro_03
0xef5ec647	ClothTopslongBoxDressHalfNurse
0xef5f5507	MiiEvent_Event0022FL3
0xef60b606	HowToCallFirstPerson
0xef692dc8	ObjTrain00_WallS
0xef69a3c4	DemoDM104077
0xef6b1067	ClothTopsTshirtLongLayeredHeart
0xef6c74ab	Work/Data/CoordinateClothInfo/Coordinate0287.data__CoordinateClothInfo.gyml
0xef6d2c82	ObjKitchen00_WallDecoW
0xef7104a1	ClothTopsOuterLongAbc
0xef744da2	Work/Data/ClothParam/ClothTopslongDressHalfPolkaDot.data__ClothParam.gyml
0xef781813	ClothTopslongBoxDressLongMoga
0xef7fe065	Work/Data/ClothModelParam/ClothTopsOuterLongCamouflage.data__ClothModelParam.gyml
0xef81def0	Player.InteriorRoomStyleInfo.WesternStyle05
0xef8f1f48	Work/Data/ClothModelParam/ClothHeadwearProtectorIceHockey.data__ClothModelParam.gyml
0xef947d70	Work/Confluence/PageInfo/HairAllLegacy018.pp__Confluence__PageInfo.gyml
0xef9a1dc1	ObjFenceLattice
0xef9a7220	UgcClothOwnInfo
0xef9b2d43	Player.InteriorRoomStyleInfo.Candy01.LastObtainedSec
0xefa31401	ClothHeadwearHatCatCap
0xefa370e9	ObjFlowerCosmos
0xefa5904f	PetInsect
0xefacd753	OutsideRoom
0xefaf8421	Work/Data/ClothModelParam/ClothTopsTshirtLongFrilled.data__ClothModelParam.gyml
0xefb01d8a	TreasurePetEmotionTelopChatImpressedAtLivingFloor
0xefb094a5	LoverReconciliationFailure
0xefb50904	LvUPGoods_Guitar_House_Irritate
0xefc1cb2a	Work/Data/ClothParam/ClothHeadwearHatBeret.data__ClothParam.gyml
0xefc5c460	Player.InteriorRoomStyleInfo.WesternStyle05.LastObtainedSec
0xefc92131	SuspiciousSwitch
0xefcf86e0	Service
0xefd3671b	Work/Data/ClothModelParam/ClothAccessoryNeckLeatherChoker.data__ClothModelParam.gyml
0xefd377b2	Childcare.Pending.Gender
0xefde535c	Player.GoodsInfo2.CoinSilver.State
0xefe1dcb2	Work/Data/ClothParam/ClothSocksPedicel.data__ClothParam.gyml
0xefe53b3a	Player.GoodsInfo2.MoodLight.LastObtainedSec
0xefe6c662	Work/Data/ClothParam/ClothHeadwearProtectorRugby.data__ClothParam.gyml
0xefea0d6a	Player.GoodsInfo2.GameAction.OwnNum
0xefee1b3c	Player.HabitInfo2.FaceSmile
0xeff0b42f	HouseOneRoom_PreActor
0xeff0ba05	FloorBoard
0xeffaa646	Mix
0xeffaaa6b	Work/Data/ClothParam/ClothTopsTshirtHalfSimple.data__ClothParam.gyml
0xeffd6131	Player.InteriorRoomStyleInfo.Damask03
0xf00215fd	NoGroup_Event0040CH2
0xf003e9c0	FacilityPawnShop
0xf0051437	ClothBottomsPantsLongRollUp
0xf00aada9	Player.InteriorRoomStyleInfo.Party04.LastObtainedSec
0xf00b0ae6	Work/Data/CoordinateAttribute/Coordinate0026.data__CoordinateAttribute.gyml
0xf01bac5d	PriorityL
0xf01d2085	Work/Data/CoordinateClothInfo/Coordinate0028.data__CoordinateClothInfo.gyml
0xf01d30f9	ItemRain00_Umbrella_Demo
0xf020ef92	EmotionTelopChatLaughSitKnittingOnFountain
0xf020f35f	Brick00
0xf0211ab3	Player.FloorInfo.State
0xf0223aeb	Player.GoodsInfo2.ShigarakiWare
0xf0226fc2	Mii.Belongings.HabitOwnInfo.StandShy.IsOwn
0xf0238e2e	TopslongShortSleeveless
0xf025a9f5	StyleGroup_Cat00
0xf026722e	DemoStringIdHash
0xf0281317	VacantlandWithDemoDM104076
0xf02dceec	Player.GoodsInfo2.DVDShopping.State
0xf02ef7a7	Work/Data/ClothParam/ClothAccessoryBackLight.data__ClothParam.gyml
0xf038d194	Mii.Belongings.HabitOwnInfo.EatElegantly.IsOwn
0xf03c7444	Work/Data/ClothModelParam/ClothTopsYshirtSleevelessDenimShirt.data__ClothModelParam.gyml
0xf03e74aa	Trouble_ReturnConfession_Failure
0xf03fe66f	Player.GoodsInfo2.Goldfish.LastObtainedSec
0xf03ff3c0	Deco
0xf042bc5b	Work/Data/ClothModelParam/ClothTopslongAlongLongClassical.data__ClothModelParam.gyml
0xf045992a	ObjJackOLantern_07
0xf0476f6e	Player.InteriorRoomStyleInfo.Japanese04.OwnNum
0xf049946c	Work/Data/ClothParam/ClothBottomsPantsWideBasketball.data__ClothParam.gyml
0xf05132e0	ClothHeadwearOrnamentFrontWedding
0xf051ef04	Priority01
0xf052df88	Work/Data/ClothModelParam/ClothTopsOuterLongStadium.data__ClothModelParam.gyml
0xf053dfad	Work/Data/ClothParam/ClothAccessoryNeckSkull.data__ClothParam.gyml
0xf0596189	ObjSF00_Machine
0xf059c2c7	Player.InteriorRoomStyleInfo.LightStick00.OwnNum
0xf05fc729	Player.InteriorRoomStyleInfo.Midcentury01.LastObtainedSec
0xf06079ed	PeriodABC
0xf067e0f5	ClothTopsYshirtLongShirtCardigan
0xf068755a	Player.InteriorRoomStyleInfo.SF04.InformedNewRelease
0xf06cdf83	Work/Data/Destination/ActionPoint/FacilityTower_ViewPos.data__destination__ActionPoint.gyml
0xf06e61bb	Work/Data/CoordinateAttribute/Coordinate0294.data__CoordinateAttribute.gyml
0xf06fa269	Player.HabitInfo2.GetAngryTypeHard.LastObtainedSec
0xf0770725	IsLiberated
0xf07a00f2	Player.GoodsInfo2.Sandglass.OwnNum
0xf07c8c8f	Work/Data/ClothModelParam/ClothHeadwearProtectorFirefighter.data__ClothModelParam.gyml
0xf07caa09	Newlife01
0xf07e71b0	MiiEvent_Event0020FL2
0xf07f8755	Player.GoodsInfo2.NailPolish.IsNewlyOwned
0xf082049d	DemoDM104027
0xf082bc76	Natural00
0xf082e4ca	ObjBeachParasol
0xf0860196	Player.InteriorRoomStyleInfo.Wrestling00.State
0xf08a4002	Work/Data/ClothParam/ClothTopsOuterLongHeart.data__ClothParam.gyml
0xf08cbc9b	Work/Data/CoordinateClothInfo/Coordinate0147.data__CoordinateClothInfo.gyml
0xf08d0746	Player.GoodsInfo2.BrushBronze
0xf08eac5b	PostBreakingNews
0xf08ed21e	GroupAction_DivorceBecomeLoversAgain
0xf08fbb53	Player.InteriorRoomStyleInfo.Horror01.OwnNum
0xf09118bf	Player.InteriorRoomStyleInfo.Heart00.LastObtainedSec
0xf0a2fabd	Work/Data/ClothParam/ClothAccessoryBagTown.data__ClothParam.gyml
0xf0a8da57	Player.InteriorRoomStyleInfo.NightView00.LastObtainedSec
0xf0aecfd3	Player.InteriorRoomStyleInfo.Damask00.FirstObtainedSec
0xf0b24859	ClothShoesPumpsRibbon
0xf0b811ad	EmotionTelopChatDarkBonfire
0xf0b96516	FoodAndGoods05
0xf0ba589e	Player.InteriorRoomStyleInfo.LightStick06
0xf0ba9170	Train01
0xf0bfbb55	Work/Data/ClothParam/ClothBottomsPantsLongRollUp.data__ClothParam.gyml
0xf0cfda54	ClothTopsYshirtLongSimple
0xf0cfe6eb	EatHot
0xf0d36ff1	Player.InteriorRoomStyleInfo.Dot04
0xf0d4a7b7	Player.InteriorRoomStyleInfo.Party01.KeyHash
0xf0d70a34	StraddleAfSourcesSwingRider
0xf0db91fe	Work/Confluence/PageInfo/HairAll103.pp__Confluence__PageInfo.gyml
0xf0dc9743	ClothTopsYshirtLongGinghamCheck
0xf0e581d7	Work/Data/ClothParam/ClothHeadwearHatBucket.data__ClothParam.gyml
0xf0ec2bf1	Player.InteriorRoomStyleInfo.BigFlower03.State
0xf0f31148	Work/Data/CoordinateClothInfo/Coordinate0158.data__CoordinateClothInfo.gyml
0xf0f40823	MiiEvent_Event0052CH
0xf0f82ac6	Trial.IsOccurredFocusLeadingDemo
0xf0f93bee	StandPutsGlasses
0xf0fbc825	Trouble_Divorce_Failure
0xf0fe1fb0	Work/Data/ClothParam/ClothTopslongAlongHalfCheck.data__ClothParam.gyml
0xf1009f09	Work/Data/ClothModelParam/ClothBottomsSkirtLongElephant.data__ClothModelParam.gyml
0xf1048419	Player.InteriorRoomStyleInfo.Gym02.State
0xf106eb35	Dark
0xf108391c	Work/Data/ClothModelParam/ClothSocksSushi.data__ClothModelParam.gyml
0xf110e214	Id_a
0xf114cb64	Work/Data/ClothParam/ClothHeadwearHatShampoo.data__ClothParam.gyml
0xf116281e	NoGroup_Event0011FL
0xf117cec4	House.RoomStyleInfo.Flag.MonitorRoom02
0xf1229dfb	Player.InteriorRoomStyleInfo.Bathroom02.InformedNewRelease
0xf1231b1c	Work/Data/ClothParam/ClothBottomsUgcPantsWide.data__ClothParam.gyml
0xf1272129	TreasureMovieEmotionTelopChatNoveltySitOnSofa
0xf128e47d	Player.InteriorRoomStyleInfo.Dinosaur00.InformedNewRelease
0xf12cfd86	Work/Data/ClothModelParam/ClothTopslongOverallSleevelessAerobics.data__ClothModelParam.gyml
0xf12d93db	Event0040FL
0xf12e1106	Event0039FL
0xf131495d	InvitingDemo_RoomRedecorate
0xf132f3de	Player.GoodsInfo2.TrophyPlatinum
0xf1375d62	RoomDollHouseLDK_BackRight
0xf1378827	BlinkAngerMouth
0xf137a2e6	Childcare.Pending.HabitOwnInfo.WalkUneasily.IsOwn
0xf139450b	Player.GoodsInfo2.Dice.LastObtainedSec
0xf142ebff	ReplicaSwordSchoolMyRoom
0xf145990a	MultiStripe00
0xf154c180	Mii.Belongings.RoomStyleInfo.Flag.Book00
0xf1586fad	Work/Data/CoordinateClothInfo/Coordinate0162.data__CoordinateClothInfo.gyml
0xf15b8221	Work/Data/ClothParam/ClothTopslongOverallLongAlpinist.data__ClothParam.gyml
0xf15cba0d	Asianresort00
0xf15e9a07	Player.InteriorRoomStyleInfo.Dot04.KeyHash
0xf164432a	ObjShowa00_KatoriSenko
0xf16a31ea	Work/Data/ClothModelParam/ClothShoesPumpsLeopard.data__ClothModelParam.gyml
0xf171d097	Childcare.Pending.HabitOwnInfo.WalkFloat.IsChecked
0xf17678e9	Work/Data/ClothParam/ClothTopslongMuscleLongProWrestling.data__ClothParam.gyml
0xf177f708	VacantLand_3x3_High
0xf1817b9a	Place_House_Sofa_raw
0xf1841a13	EmotionTelopChaDarkSitOnTheFerrisWheelEntrance
0xf1852875	Work/Data/ClothModelParam/ClothSocksSeethroughDot.data__ClothModelParam.gyml
0xf185a912	Player.GoodsInfo2.WoolFelt.LastObtainedSec
0xf18783c8	ClothBottomsSkirtBoxKnit
0xf188c108	Work/Data/ClothModelParam/ClothAllBodySuitLongHeavyMetal.data__ClothModelParam.gyml
0xf18d542c	Mii.Belongings.HabitOwnInfo.GreetingLazy.State
0xf193c12a	Player.GoodsInfo2.Nekojarashi.OwnNum
0xf197c342	Pet04
0xf19a7d26	TroubleLiveTogetherThanks
0xf19b142b	Player.GoodsInfo2.SeaUrchinBone.State
0xf19b4347	Player.InteriorRoomStyleInfo.Minimul06.KeyHash
0xf19b4ae2	Player.HabitInfo2.FaceSmile.IsNewlyOwned
0xf19bfa32	Player.InteriorRoomStyleInfo.Otaku04.InformedNewRelease
0xf1a1398f	TreasureRecordEmotionTelopChatBlushSitOnTheGround
0xf1a205d6	Work/Data/CoordinateAttribute/Coordinate0298.data__CoordinateAttribute.gyml
0xf1a39ad0	Work/Data/ClothParam/ClothTopsYshirtLongDownVest.data__ClothParam.gyml
0xf1a46d92	Work/Data/ClothModelParam/ClothAllBodySuitLongHero.data__ClothModelParam.gyml
0xf1a64287	ClothHeadwearCostumePig
0xf1af7aff	Player.InteriorRoomStyleInfo.Dot01.State
0xf1b17e2f	Event0006FL
0xf1bb155c	Player.GoodsInfo2.RestaurantMenu.OwnNum
0xf1bd6925	Work/Data/ClothParam/ClothTopsTshirtLongTilden.data__ClothParam.gyml
0xf1d12464	Player.InteriorRoomStyleInfo.Midcentury01
0xf1d398a7	Player.GoodsInfo2.JewelleryBox.IsNewlyOwned
0xf1d533df	EmotionTelopChatDarkSitKnittingOnTheFerrisWheelEntrance
0xf1d620fe	Summer
0xf1ddabc8	Player.InteriorRoomStyleInfo.Otaku00.FirstObtainedSec
0xf1dfb57b	TreasurePetEmotionTelopChatNoveltyAtRoomSpeech
0xf1e4097e	Player.InteriorRoomStyleInfo.Japanese02.InformedNewRelease
0xf1f9af46	Player.GoodsInfo2.Cat.IsNewlyOwned
0xf1faa8b7	Mii.Belongings.RoomStyleInfo.Flag.Party07
0xf1fe69b3	ClothTopslongDressHalfStar
0xf1ff6d9a	Work/Data/ClothParam/ClothHeadwearOrnamentSideHibiscus.data__ClothParam.gyml
0xf200e718	Feeling
0xf202d44b	TreasureGameEmotionTelopChatNoFeaturesSitOnTheBench
0xf202ed90	Work/Data/CoordinateClothInfo/Coordinate0009.data__CoordinateClothInfo.gyml
0xf209e2f9	UGC.MapFloor.WordAttrGrammaticality
0xf20adcd7	Work/Data/ClothParam/ClothBottomsPantsWideGlen.data__ClothParam.gyml
0xf2103d75	Work/Data/ClothParam/ClothTopslongAlongHalfNegligee.data__ClothParam.gyml
0xf21124c7	Mii.Belongings.RoomStyleInfo.Flag.SmallFlower04
0xf2150511	Work/Data/ClothParam/ClothTopsYshirtLongNecktie.data__ClothParam.gyml
0xf2159364	Work/Data/ClothParam/ClothAccessoryBagMini.data__ClothParam.gyml
0xf2174330	Player.GoodsInfo2.PlasterFigure
0xf21bb078	Work/Data/ClothParam/ClothHeadwearCostumeSheep.data__ClothParam.gyml
0xf21d5ea9	Player.InteriorRoomStyleInfo.Candy02.InformedNewRelease
0xf2240e32	Childcare.Pending.HabitOwnInfo.GreetingNoble.State
0xf22602b0	ClothHeadwearHatRoll
0xf23004e2	Work/Data/CoordinateAttribute/Coordinate0319.data__CoordinateAttribute.gyml
0xf231d646	Player.HabitInfo2.WalkScurry.IsNewlyOwned
0xf23444d7	Coordinate0001
0xf23ad7ee	Work/Data/ClothModelParam/ClothHeadwearCostumeHen.data__ClothModelParam.gyml
0xf23dff36	FocusLeadingBecomeFriendHighPriority
0xf24c149e	Work/Data/ClothModelParam/ClothAllMantleLongHero.data__ClothModelParam.gyml
0xf259442c	Cola
0xf25b10ed	ProbabilityE
0xf25dcfed	Player.InteriorRoomStyleInfo.StainedGlass01.State
0xf2604de0	Player.InteriorRoomStyleInfo.Jail00.FirstObtainedSec
0xf260ae6c	Work/Data/CoordinateAttribute/Coordinate0132.data__CoordinateAttribute.gyml
0xf261a82c	Work/Data/CoordinateAttribute/Coordinate0079.data__CoordinateAttribute.gyml
0xf271967f	Work/Data/ClothModelParam/ClothHeadwearHatBicycle.data__ClothModelParam.gyml
0xf2724bee	Work/Data/CoordinateClothInfo/Coordinate0242.data__CoordinateClothInfo.gyml
0xf2775e7e	TreasureBookEmotionTelopChatImpressedSitOnTheHouseDeck
0xf27bfb13	Player.InteriorRoomStyleInfo.InterviewBoard00.InformedNewRelease
0xf27eda3f	ObjFenceWood
0xf27ef64b	TreasureGameEmotionTelopChatInterestingSitOnTheBench
0xf27ffd0a	UGC.Interior.IslandName
0xf287550b	Place_MapObj_Lamp_withLoversOnly_raw
0xf2882d3a	ClothAllCostumeLongPumpkin
0xf290f07c	Work/Data/ClothModelParam/ClothAllCostumeLongSushi.data__ClothModelParam.gyml
0xf29bd6d8	ObjStepStone
0xf29c2e9b	Player.InteriorRoomStyleInfo.Formula00.InformedNewRelease
0xf29c6cab	Player.InteriorRoomStyleInfo.NeonSign00.State
0xf29e320e	Coordinate0112
0xf2a019c4	Work/Mii/EyeAccessoryParam/Eye043.mii__EyeAccessoryParam.gyml
0xf2a7c485	Event0028CH
0xf2a965a8	HouseParts
0xf2ad3ff9	EmotionTelopChatRelaxSitOnTerraceBench
0xf2b5d1de	Work/Data/CoordinateAttribute/Coordinate0182.data__CoordinateAttribute.gyml
0xf2b60a8a	Work/Data/CoordinateClothInfo/Coordinate0122.data__CoordinateClothInfo.gyml
0xf2bc9cbd	ClothTopsOuterLongBoaFleece
0xf2c2148e	Work/Mii/EyeAccessoryParam/Eye061.mii__EyeAccessoryParam.gyml
0xf2c6b4e0	Player.InteriorRoomStyleInfo.WesternStyle05.KeyHash
0xf2cc10cd	MultiStripe01
0xf2cc1fc8	Work/Data/ClothModelParam/ClothHeadwearOrnamentSidePinSeashell.data__ClothModelParam.gyml
0xf2ccaf01	Work/Data/ClothParam/ClothTopsYshirtHalfHappi.data__ClothParam.gyml
0xf2d19462	Work/Data/CoordinateAttribute/Coordinate0245.data__CoordinateAttribute.gyml
0xf2d368bf	UgcClothGenreType
0xf2d419af	Work/Data/ClothModelParam/ClothTopsTshirtHalfSimple.data__ClothModelParam.gyml
0xf2d54c08	IsEnableChildbirth
0xf2d5f3ba	Work/Data/ClothParam/ClothShoesLooseSocksSchool.data__ClothParam.gyml
0xf2d83776	Player.InteriorRoomStyleInfo.MonitorRoom02.LastObtainedSec
0xf2de9f80	Work/Data/ClothParam/ClothHeadwearFullmaskGladiator.data__ClothParam.gyml
0xf2e2b423	UGCExterior
0xf2e58c5c	Work/Data/ClothParam/ClothTopsYshirtLongCowboy.data__ClothParam.gyml
0xf2e84745	Honeycomb02
0xf2ee11fb	TutorialInviting
0xf2ee1e04	Work/Data/ClothParam/ClothAllMonsterLongFish.data__ClothParam.gyml
0xf303eec5	Heart00
0xf3046534	Angry
0xf30d57a7	Work/Confluence/PageInfo/HairAllLegacy119.pp__Confluence__PageInfo.gyml
0xf30e5e5d	House.RoomStyleInfo.Flag.Camouflage03
0xf30f5fcc	Place_Misc_Seaside
0xf3101d8e	Player.InteriorRoomStyleInfo.Dot07.IsNewlyOwned
0xf317a6b0	GreetingHeadOnly
0xf3208e0e	Refrigerator
0xf32739fa	Player.InteriorRoomStyleInfo.WesternStyle05.IsNewlyOwned
0xf3294ea9	Work/Confluence/PageInfo/HairBack043.pp__Confluence__PageInfo.gyml
0xf32a550b	ClothTopsTshirtHalfMultiBorder
0xf32d0d75	Player.HabitInfo2.EatElegantly.IsNewlyOwned
0xf330b967	Player.GoodsInfo2.Cashbox.OwnNum
0xf334fd2e	Mii.Belongings.Money
0xf3388caa	Player.GoodsInfo2.BookHorror.State
0xf33a84b4	Work/Confluence/PageInfo/HairAll006.pp__Confluence__PageInfo.gyml
0xf33cb427	Mii.Belongings.HabitOwnInfo.FaceOpenEyes.IsOwn
0xf33d282e	TravelPlaceN011
0xf33d6d02	ClothHeadwearCoverSwim
0xf33e1888	Work/Data/ClothParam/ClothBottomsPantsWideGaucho.data__ClothParam.gyml
0xf33ff91b	Work/Data/ClothModelParam/ClothAllCostumeLongCow.data__ClothModelParam.gyml
0xf341d188	Player.GoodsInfo2.BubblesSet.LastObtainedSec
0xf342dc3a	LeadingChatGroup
0xf34766ae	Work/Data/ClothModelParam/ClothTopsYshirtLongGakuran.data__ClothModelParam.gyml
0xf348b86a	Player.InteriorRoomStyleInfo.Fruit06.LastObtainedSec
0xf34a04a4	ItemLoveCake
0xf34b18c3	Player.HabitInfo2.GreetingNoble.OwnNum
0xf34e0230	Work/Data/ClothParam/ClothHeadwearHatFlowerCrown.data__ClothParam.gyml
0xf35d7ae9	Player.ClothInfo.OwnInfoArray.LastObtainedSec
0xf35e0873	Player.InteriorRoomStyleInfo.Wrestling00.IsNewlyOwned
0xf3606969	Childcare.Pending.CharacterParam.Audaciousness
0xf3623d45	ClothShoesSneakerRubberToe
0xf362c79d	Work/Data/ClothModelParam/ClothTopsCoatLongDuffle.data__ClothModelParam.gyml
0xf36a5a0b	UGC.Goods.GoodsText
0xf36c4e28	UGC.Goods.BaseColor
0xf370dc5a	Player.InteriorRoomStyleInfo.Minimul04.LastObtainedSec
0xf370ea68	Work/Data/ClothParam/ClothHeadwearOrnamentTopKeyHolder.data__ClothParam.gyml
0xf375bb81	Pinecone
0xf376e7ee	Player.InteriorRoomStyleInfo.Stuffed02.IsNewlyOwned
0xf3796572	ObjSloppy00_FloorDeco
0xf37e45a7	ClothTopsUgcTshirtHalf
0xf37e61ba	Labo00
0xf37fb447	Childcare.Pending.HabitOwnInfo.SnoreLoudly
0xf3878f49	Work/Data/CoordinateClothInfo/Coordinate0205.data__CoordinateClothInfo.gyml
0xf3923c04	Work/Data/ClothModelParam/ClothTopslongSalopetteLongFirefighter.data__ClothModelParam.gyml
0xf39541ac	Work/Data/ClothParam/ClothHeadwearOrnamentFrontWedding.data__ClothParam.gyml
0xf39ccbe4	ClothTopsCoatLongCook
0xf3a6d2bb	LotteryForBad
0xf3a832fa	InterviewBoard01
0xf3b6494d	Work/Data/ClothParam/ClothBottomsSkirtMiniHeartBuckle.data__ClothParam.gyml
0xf3b92c68	Mii.Belongings.HabitOwnInfo.FaceOpenEyes.IsChecked
0xf3c07827	Player.InteriorRoomStyleInfo.Nobility02.InformedNewRelease
0xf3c3de59	Mii.Name.PronounType
0xf3c6ad2f	MiiEvent_Event0050FL
0xf3dd65a4	Roommate
0xf3dd7503	Work/Data/ClothParam/ClothHeadwearHatStrawWide.data__ClothParam.gyml
0xf3e4763b	Player.GoodsInfo2.Rose.OwnNum
0xf3e65968	SmallCharacter
0xf3e78fc5	Player.InteriorRoomStyleInfo.Sushi00.OwnNum
0xf3e925f4	BodyBuilding
0xf3ebbff1	ClothTopsTshirtHalfRinger
0xf3eeacaf	TreasureAnythingEmotionTelopChatInterestingAtLivingFloorSpeech
0xf3f2ea16	Trouble_DepressSeparated_Failure
0xf3fcc2c5	MarketFoodStringId
0xf40510ea	FightCancel
0xf4091615	FacilityMarketInnerModel
0xf410b71b	Player.InteriorRoomStyleInfo.Fruit05.State
0xf4155160	Event0028FL
0xf41c22d5	UGC.MapFloor
0xf41e0c3f	Work/Data/ClothModelParam/ClothBottomsPantsLongDefault.data__ClothModelParam.gyml
0xf41e974d	Mii.Belongings.RoomStyleInfo.Flag.Fruit07
0xf423885e	Work/Data/ClothModelParam/ClothBottomsSwim.data__ClothModelParam.gyml
0xf42646ac	Work/Data/CoordinateAttribute/Coordinate0223.data__CoordinateAttribute.gyml
0xf42cddfe	ClothTopsYshirtLongJersey
0xf42fce4a	NoGroup_Event0013FL
0xf435a4ef	Unconditional
0xf43b668b	Work/Data/ClothParam/ClothTopslongAlineHalfLinen.data__ClothParam.gyml
0xf43bab82	Player.GoodsInfo2.CoinGold.LastObtainedSec
0xf43c1492	Work/Data/ClothParam/ClothShoesSandalOutdoor.data__ClothParam.gyml
0xf4425860	Player.GoodsInfo2.Pearl.LastObtainedSec
0xf442ca6d	Work/Confluence/PageInfo/HairBack057.pp__Confluence__PageInfo.gyml
0xf4461ca1	ClothSocksLeggingsDot
0xf44d6569	ExteriorNextEmotionBallTime
0xf44df2ce	TreasureGameEmotionTelopChatBlushSitOnSofaTVMode
0xf459121b	ItemSakura00_LunchB
0xf45995ae	ObjSF00_ControlPanel
0xf459bb7b	Player.InteriorRoomStyleInfo.WesternStyle06.InformedNewRelease
0xf459d236	Work/Data/ClothModelParam/ClothShoesMuleRibbon.data__ClothModelParam.gyml
0xf45c77eb	Arrived
0xf4664ec7	WakeUpLauncher
0xf466542d	Work/Data/ClothModelParam/ClothBottomsPantsWideBaggy.data__ClothModelParam.gyml
0xf46dd928	Player.FloorInfo.OwnNum
0xf4758f7e	Mii.Belongings.HabitOwnInfo.VoiceShiny.State
0xf4790cfb	Event0045FL
0xf47caba2	Player.HabitInfo2.GetAngryTypeBrightly.State
0xf481e657	Player.InteriorRoomStyleInfo.Market00.FirstObtainedSec
0xf4830eeb	Player.InteriorRoomStyleInfo.Cute01.KeyHash
0xf4846e29	TreasureGoods_Book_Outdoor_raw
0xf488d349	Event0033_Toy
0xf489f7aa	House.RoomStyleInfo.Flag.Party02
0xf48c633e	ObjGigantic00_BuildingS
0xf48cc31f	TreasureRecordEmotionTelopChatNoFeaturesAtLivingFloorSpeech
0xf4901597	Work/Data/ClothModelParam/ClothBottomsPantsLongDenimDamaged.data__ClothModelParam.gyml
0xf499a09a	Player.InteriorRoomStyleInfo.Wrestling00
0xf49b16de	Work/Component/DestinationInfo/FacilityFamilyRestaurantDrinkCorner.actor__DestinationInfo.gyml
0xf49de116	RestaurantDemoChat02
0xf4a052b9	ItemSwingRider_Demo
0xf4a25737	Work/Data/ClothModelParam/ClothTopsCoatLongPea.data__ClothModelParam.gyml
0xf4a2b777	MiiEvent_Event0025CH2
0xf4a39965	UGC.Food.State
0xf4a524ff	Player.GoodsInfo2.PlasticModelParts.IsNewlyOwned
0xf4a74b91	Player.InteriorRoomStyleInfo.Marble00.InformedNewRelease
0xf4ab1d26	Work/Data/ClothModelParam/ClothHeadwearCostumeTree.data__ClothModelParam.gyml
0xf4b09c49	ObjClockTower
0xf4b4173a	SpeechBubbleSilver
0xf4bd50b6	NoDir1Grid_Flower
0xf4beadc2	UGC.Exterior.State
0xf4c1c5db	LightStick03
0xf4c7de8d	Player.GoodsInfo2.Ammonite.State
0xf4cdd9f4	Player.GoodsInfo2.Axolotl.LastObtainedSec
0xf4ce069a	WrinkleLower
0xf4ce25e2	Mii.Belongings.RoomStyleInfo.Flag.BlueSheet00
0xf4cf8d2e	Work/Component/DestinationInfo/ObjSwingRider.actor__DestinationInfo.gyml
0xf4d0da4a	Work/Data/ClothParam/ClothAccessoryNeckFlower.data__ClothParam.gyml
0xf4d12244	OwnNum
0xf4d2ca8c	HabitOwnInfo
0xf4d32bc0	Work/Data/CoordinateClothInfo/Coordinate0282.data__CoordinateClothInfo.gyml
0xf4db66f3	Mii.MiiMisc.EntryInfo.BloodMiiIndex
0xf4e14cbf	ClothShoesSandalOutdoor
0xf4e31fd0	Player.InteriorRoomStyleInfo.Stuffed03.LastObtainedSec
0xf4e695a9	ExpensivePot
0xf4efebc6	GoodsStringId
0xf4f3ee10	EUde
0xf4f913fc	Cloud
0xf5010c26	Work/Data/ClothParam/ClothTopsTshirtLongPastelJacket.data__ClothParam.gyml
0xf5038e56	Sports
0xf509b962	PlaySeesaw
0xf50b9ff1	Work/Data/CoordinateAttribute/Coordinate0138.data__CoordinateAttribute.gyml
0xf50baacc	FacilityAtelier_ViewPos
0xf50fff25	Work/Data/ClothModelParam/ClothBottomsPantsWideCropped.data__ClothModelParam.gyml
0xf512b638	Work/Confluence/PageInfo/HairAllLegacy029.pp__Confluence__PageInfo.gyml
0xf5169026	ClothTopsCoatLongSoutienCollar
0xf516eb2a	Work/Data/ClothParam/ClothTopslongBoxDressLongGothic.data__ClothParam.gyml
0xf5197024	Work/Data/ClothModelParam/ClothHeadwearHatMarine.data__ClothModelParam.gyml
0xf51a6995	Player.InteriorRoomStyleInfo.Rain00.State
0xf523a482	Mii.Belongings.HabitOwnInfo.WalkUnsteady.IsChecked
0xf52916e0	Player.HabitInfo2.GetAngryTypeHard.State
0xf52bd9f7	Work/Data/ClothParam/ClothShoesThickDown.data__ClothParam.gyml
0xf52eed11	Work/Data/ClothModelParam/ClothTopslongAlineSleevelessParty.data__ClothModelParam.gyml
0xf531ca25	TreasureAnythingEmotionTelopChatDifficultSitOnTheGroundCircle
0xf532373b	Childcare.Pending.HabitOwnInfo.GetAngryTypeRegretfulTears
0xf5377280	Player.GoodsInfo2.CDNurseryRhyme
0xf5387675	DemoDM104026
0xf538929a	ObjStepIron_01
0xf544970a	PetBehavior
0xf548a20d	ClothHeadwearCostumeSnowman
0xf54a3740	Work/Data/ClothParam/ClothAccessoryBagStuds.data__ClothParam.gyml
0xf54cf52e	Depress
0xf555e3a7	Locker00
0xf558884b	Player.InteriorRoomStyleInfo.Dinosaur00.IsNewlyOwned
0xf55baf11	Player.GoodsInfo2.WickerBasket
0xf55ebc07	ClothBottomsPantsWidePajama
0xf55fe77a	Work/Data/CoordinateClothInfo/Coordinate0038.data__CoordinateClothInfo.gyml
0xf563995c	Work/Data/ClothParam/ClothAccessoryNeckMedal.data__ClothParam.gyml
0xf566f7bf	Trouble_InsideHead_Success
0xf56f77a7	Teak
0xf57069ca	ObjStreetLampRetro
0xf5706efe	ObjCandy00_Ornament
0xf57589c1	ClothBottomsPantsLongHot
0xf57738c7	Work/Data/ClothParam/ClothAccessoryWaistBear.data__ClothParam.gyml
0xf57e43d3	Player.InteriorRoomStyleInfo.PublicBath00.IsNewlyOwned
0xf57fa3a5	ObjClockTower_04
0xf580d0f4	Mii.Belongings.ExteriorNextEmotionBallTime
0xf581c9b3	Monitor01
0xf581dea5	Work/Data/ClothModelParam/ClothShoesSneakerRunning.data__ClothModelParam.gyml
0xf5836148	Out_1
0xf583ef45	Mii.Belongings.HabitOwnInfo.StandShakeHip
0xf5841236	Player.InteriorRoomStyleInfo.InterviewBoard00.IsNewlyOwned
0xf585a7d0	Player.HabitInfo2.GreetingTypeNoting.State
0xf58613f6	Work/Data/ClothParam/ClothTopsYshirtLongKungfu.data__ClothParam.gyml
0xf58655aa	Place_Facility_Fountain
0xf590a7ce	Introduction.FocusLeadingInfo.LastTimeMii
0xf590dca8	UGC.SuspendData.TextureSourceType
0xf596bc0c	Work/Data/ClothModelParam/ClothTopsCoatLongApronCheck.data__ClothModelParam.gyml
0xf5994578	Childcare.Pending.HabitOwnInfo.GetAngryTypeHard.IsChecked
0xf59b6fea	Action
0xf5a0e64e	Player.InteriorRoomStyleInfo.Damask02.State
0xf5a55043	TreasureGameEmotionTelopChatNoFeaturesSitOnTheGroundCircle
0xf5a8c105	ObjFenceIron
0xf5a958f7	Player.InteriorRoomStyleInfo.MultiDot00.FirstObtainedSec
0xf5ac33dd	Sloppy00
0xf5b417c1	DashClashFallInLoveFirstSight
0xf5bbbeb9	WalkLikeRobot
0xf5c0661a	Player.InteriorRoomStyleInfo.Triangle00
0xf5c33cb6	Work/Data/ClothParam/ClothTopsCroppedTankTop.data__ClothParam.gyml
0xf5cf6886	ItemDemoSB007157SoundActor
0xf5d37c9b	CallingOut
0xf5d60243	LightStick01
0xf5d60f2e	MiniCar
0xf5d9970e	Work/Data/ClothModelParam/ClothTopsCoatLongCook.data__ClothModelParam.gyml
0xf5dd2bd0	ClothHeadwearHatCossack
0xf5df66f7	SafetyCone
0xf5ead875	Player.InteriorRoomStyleInfo.MonitorRoom01.InformedNewRelease
0xf5ec587c	Lousy
0xf5ec59e7	Work/Data/ClothModelParam/ClothBottomsPantsLongRollUp.data__ClothModelParam.gyml
0xf5ef8690	Player.GoodsInfo2.BookSelfDevelopment.State
0xf5f283b3	Player.GoodsInfo2.Ohsho
0xf5fe7774	Work/Data/ClothModelParam/ClothTopsYshirtLongSafetyVest.data__ClothModelParam.gyml
0xf5fef7f0	ObjNatural00_Shelf
0xf6024ce6	Work/Data/ClothParam/ClothShoesMuleStrap.data__ClothParam.gyml
0xf603348e	ObjTrashCan_06
0xf60566e3	LieOnAfSource
0xf6065999	SystemPrivateRoom_BigSpace
0xf607bcda	ClothAccessoryBackStaff
0xf60adbc7	Player.HabitInfo2.WalkScurry.State
0xf60ba37b	ClothTopslongKimonoLongRobe
0xf60bc2a5	Emm
0xf60c0ca3	Childcare.Pending.HabitOwnInfo.StomachBig
0xf60c7fbc	Player.GoodsInfo2.EngagementRing.LastObtainedSec
0xf60ce142	ToRandom
0xf61572cf	Work/Data/CoordinateClothInfo/Coordinate0168.data__CoordinateClothInfo.gyml
0xf61590bb	Work/Data/ClothParam/ClothSocksBlockCheck.data__ClothParam.gyml
0xf618046e	JPja
0xf6205ddd	cSingular
0xf6205fbe	PickUpToObjectCount
0xf6267665	BaoshanDecoration
0xf62d985d	UpdateTimeRanking
0xf633ef31	Work/Data/ClothParam/ClothHeadwearHatTam.data__ClothParam.gyml
0xf6349929	UGC.Goods.WordAttrCount
0xf6357c4b	Work/Data/ClothParam/ClothTopsTshirtLongRiders.data__ClothParam.gyml
0xf6372158	Place_MapObj_Parasol_Lovers_raw
0xf640fb56	Work/Data/ClothParam/ClothSocksRibbon.data__ClothParam.gyml
0xf64243d4	ClothHeadwearOrnamentTopFlower
0xf64260ce	Hospital00
0xf64f66f0	DumbbellExerciseField
0xf6506d90	Event0010CH
0xf6544d26	Player.InteriorRoomStyleInfo.WoodBoard05.LastObtainedSec
0xf655b33a	UGC.Goods.HowToCallName
0xf655e686	Player.InteriorRoomStyleInfo.StainedGlass01.KeyHash
0xf6560d83	Work/Confluence/PageInfo/HairParts019.pp__Confluence__PageInfo.gyml
0xf65b4c59	ClothHeadwearHatFlowerCrown
0xf65c658b	Work/Data/ClothModelParam/ClothTopsTshirtSleevelessTraining.data__ClothModelParam.gyml
0xf665ebf2	Work/Data/CoordinateAttribute/Coordinate0167.data__CoordinateAttribute.gyml
0xf668149f	Work/Data/ClothParam/ClothTopsTshirtLongWrinkles.data__ClothParam.gyml
0xf66adf80	Work/Data/ClothModelParam/ClothTopslongMuscleLongTraining.data__ClothModelParam.gyml
0xf66ae156	Player.InteriorRoomStyleInfo.Fantasy00.FirstObtainedSec
0xf674d2b5	Group_Event0004
0xf6778b74	Work/Data/ClothParam/ClothHeadwearOrnamentSidePearl.data__ClothParam.gyml
0xf67aab38	TargetPresetIndex
0xf67b015d	DontCare
0xf67edb25	Mii.Belongings.RoomStyleInfo.Flag.LightStick00
0xf6828d2e	Stand
0xf6854b6b	Business
0xf686e205	Player.InteriorRoomStyleInfo.Sloppy00.State
0xf68b215d	Player.InteriorRoomStyleInfo.Heart01
0xf6929962	Partner
0xf692f517	Player.GoodsInfo2.Chipmunk.IsNewlyOwned
0xf698e38b	ObjFlowerAnemone
0xf69c5e98	EnabledByCustom
0xf6a66fea	Work/Data/ClothParam/ClothSocksFlower.data__ClothParam.gyml
0xf6ac359f	LvUPGoods_ALL_House_Room_raw
0xf6b04ab6	Work/Data/ClothModelParam/ClothTopsTshirtHalfScarf.data__ClothModelParam.gyml
0xf6b257e2	Work/Data/CoordinateClothInfo/Coordinate0222.data__CoordinateClothInfo.gyml
0xf6b73de6	Work/Data/ClothModelParam/ClothShoesBootsLongLeather.data__ClothModelParam.gyml
0xf6b92cee	ObjBrooklyn00_Shelf
0xf6bc5a15	Work/Confluence/PageInfo/HairFront023.pp__Confluence__PageInfo.gyml
0xf6ce4011	OverrideWallStyleId
0xf6d6b1c7	FirstGiveMeal
0xf6d9e3b6	LoverCount
0xf6dca45f	Mii.Belongings.RoomStyleInfo.Flag.Christmas00
0xf6de1965	Work/Data/CoordinateAttribute/Coordinate0286.data__CoordinateAttribute.gyml
0xf6ec924d	ObjFenceChain_01
0xf6f0ed6e	Work/Data/ClothParam/ClothTopsTshirtLongLayered.data__ClothParam.gyml
0xf6fb4e4e	EmotionTelopChatRelaxLieDownAtRoom
0xf6fee848	Player.GoodsInfo2.TerrestrialGlobe.IsNewlyOwned
0xf700a9d0	Player.GoodsInfo2.Slime
0xf70487f3	PhotoStudio
0xf71ac52a	Player.GoodsInfo2.BookCover.OwnNum
0xf71d5154	Player.HabitInfo2.EatCrisp
0xf71e5758	ClothAccessoryBackLight
0xf721c4e6	Player.InteriorRoomStyleInfo.Dot01
0xf725a888	Coordinate0188
0xf72ab8ee	Goods_NotePC
0xf72e4d42	Player.InteriorRoomStyleInfo.SF01.InformedNewRelease
0xf72e4e35	Player.InteriorRoomStyleInfo.LightStick04.OwnNum
0xf7327b3d	HouseDollHouseDoorIcon
0xf7381b59	Childcare.Pending.HabitOwnInfo.WalkRhythm
0xf73eb8f7	Work/Data/CoordinateClothInfo/Coordinate0337.data__CoordinateClothInfo.gyml
0xf740e323	Work/Confluence/PageInfo/HairAll071.pp__Confluence__PageInfo.gyml
0xf7420afb	Relation.Info.RelationId.Id_a
0xf748d80b	Player.InteriorRoomStyleInfo.StarPrint02.State
0xf7526df8	Player.GoodsInfo2.DVDHorror.State
0xf75a672b	Cooking
0xf75e1427	ClothAccessoryMufflerScarf
0xf7603260	WalkStoop
0xf7613692	LvUPGoods_StreetDance_House_raw
0xf762c45c	ClothAccessoryBackButterfly
0xf7636547	Player.ClothInfo.OwnInfoArray.FirstObtainedSec
0xf766a6be	Mii.Belongings.HabitOwnInfo.GreetingNoble.State
0xf767c92e	ObjFenceIron_01
0xf768620a	UGC.Food.BaseScale
0xf7695369	SwingRider
0xf76b904e	FacilityPawnShop_ViewPos
0xf771db4f	Childcare.Pending.HabitOwnInfo.WalkLikeRobot
0xf7739da8	Player.GoodsInfo2.TrainModel.IsNewlyOwned
0xf7788898	Player.InteriorRoomStyleInfo.Hospital00
0xf780f3a9	Work/Data/CoordinateAttribute/Coordinate0332.data__CoordinateAttribute.gyml
0xf783e266	Player.InteriorRoomStyleInfo.Training00.FirstObtainedSec
0xf7894d58	Player.InteriorRoomStyleInfo.Garage05.OwnNum
0xf78e0c2c	News.CasterMii.MiiIndex
0xf78e4879	Goods_Soccer
0xf790535f	VacuumTube
0xf791dd04	Work/Data/CoordinateClothInfo/Coordinate0273.data__CoordinateClothInfo.gyml
0xf796b8ac	Player.HabitInfo2.BlinkLot.OwnNum
0xf798dfa4	MiiEvent_Event0024CH
0xf79be05a	Player.InteriorRoomStyleInfo.BlueSheet00.InformedNewRelease
0xf7a68aff	Player.InteriorRoomStyleInfo.Dot03.KeyHash
0xf7a730cb	Player.InteriorRoomStyleInfo.Minimul01.InformedNewRelease
0xf7a94959	Work/Confluence/PageInfo/HairAllLegacy076.pp__Confluence__PageInfo.gyml
0xf7abb719	TroubleDatePlaceGenerate
0xf7afb3dc	Player.InteriorRoomStyleInfo.Dog01.InformedNewRelease
0xf7b2d4c8	MultiStripe04
0xf7b2da91	StyleGroup_Antarctic00
0xf7bd0d1b	Player.HabitInfo2.GreetingVitality
0xf7bf3bd7	Player.GoodsInfo2.AromaCandle.IsNewlyOwned
0xf7bf4473	WoodBoard00
0xf7c3c8d5	LieOnBeachBed
0xf7c89b3d	Quarter
0xf7cbe211	Half
0xf7cc5dfa	Player.InteriorRoomStyleInfo.Classroom01.OwnNum
0xf7cd88d9	Player.HabitInfo2.WalkUneasily.LastObtainedSec
0xf7cd962c	Cylinder
0xf7cffb6f	Work/Data/CoordinateAttribute/Coordinate0165.data__CoordinateAttribute.gyml
0xf7d04ac0	TravelPlaceN016S3
0xf7d448bb	Butterfly
0xf7d621be	Work/Data/ClothModelParam/ClothShoesMuleGatshin.data__ClothModelParam.gyml
0xf7d86e44	DemoDM104011S1
0xf7e117ab	DemoDM104083
0xf7e5b7d2	Work/Data/Destination/ActionPoint/RoomBed_Entrance.data__destination__ActionPoint.gyml
0xf7e77089	Player.GoodsInfo2.OliveSoap.OwnNum
0xf7eb8a1c	Work/Data/ClothParam/ClothTopslongBoxDressHalfQipao.data__ClothParam.gyml
0xf7f39acd	Mii.Belongings.HabitOwnInfo.UntidySleeper.IsChecked
0xf7f57894	Mii.Belongings.RoomStyleInfo.Flag.Dot01
0xf7f8b594	ClothBottomsSkirtMiniWrap
0xf7fa6bb1	MapObject.MapLink
0xf7fc6c96	NoGroup_Event0029CH
0xf7fedec3	ClothAccessoryNeckBowTie
0xf802d2c0	Cute01
0xf802eb1c	Work/Data/CoordinateClothInfo/Coordinate0047.data__CoordinateClothInfo.gyml
0xf808f168	ClothSocksLaceStocking
0xf8165ace	FacilityFamilyRestaurant_AllSpace
0xf816f065	Mii.MiiMisc.ClothInfo.BottomsUGCIndex
0xf8190a4a	Work/Data/ClothParam/ClothTopslongDressHalfPrincess.data__ClothParam.gyml
0xf81fc413	Player.GoodsInfo2.SecurityCamera.State
0xf8207dd0	Player.InteriorRoomStyleInfo.Lace03.IsNewlyOwned
0xf8249a40	Sine
0xf832aa58	Player.InteriorRoomStyleInfo.Fantasy00.KeyHash
0xf834ed7d	NoGroup_Event0020CH2
0xf8369fbc	Player.InteriorRoomStyleInfo.MultiDot01.KeyHash
0xf83b1cd0	EmotionTelopChatFervorSpeechCircle
0xf83c2e51	Player.InteriorRoomStyleInfo.IceRink00.InformedNewRelease
0xf83d96dc	Work/Data/ClothModelParam/ClothTopsOuterLongHoliday.data__ClothModelParam.gyml
0xf83e16e1	Player.GoodsInfo2.TrophySilver
0xf8407bbb	Work/Confluence/PageInfo/HairAll078.pp__Confluence__PageInfo.gyml
0xf843f5f4	Work/Data/ClothModelParam/ClothTopslongSalopetteLongMambo.data__ClothModelParam.gyml
0xf84b7e52	Childcare.Pending.HabitOwnInfo.ChangeCloth.IsChecked
0xf84cb568	Player.ClothInfo.OwnInfoArray.IsNewlyOwned
0xf84de69e	Work/Data/ClothModelParam/ClothTopsTshirtSleevelessTankTop.data__ClothModelParam.gyml
0xf84ef08c	SpSouvenir
0xf851af0c	Work/Data/ClothParam/ClothBottomsSkirtLongDot.data__ClothParam.gyml
0xf851f437	Work/Confluence/PageInfo/HairAll098.pp__Confluence__PageInfo.gyml
0xf8529848	Player.InteriorRoomStyleInfo.Book01.IsNewlyOwned
0xf86c0976	Player.PhotoStudioUnlockNewFlag
0xf86cfa12	Work/Data/Destination/ActionPoint/ObjSeesaw_Goal_0.data__destination__ActionPoint.gyml
0xf86fb032	AddFourthMii
0xf870037b	InviteSofa
0xf871d8ad	Work/Data/Destination/ActionPoint/FacilityFerrisWheel_LeftDoorKnob.data__destination__ActionPoint.gyml
0xf8742355	NoGroup_Event0043FL
0xf87a6d6f	ChangeHairAccept_3
0xf87bf7ea	Player.InteriorRoomStyleInfo.Party03.IsNewlyOwned
0xf87e01f8	Soup
0xf884094b	ClothBottomsPantsLongRoomWear
0xf885f401	Work/Data/CoordinateClothInfo/Coordinate0170.data__CoordinateClothInfo.gyml
0xf88b59c3	ObjHoneycomb00_Table
0xf8a10530	PetVoice
0xf8a5e474	Work/Data/ClothParam/ClothTopslongAlineHalfSalopette.data__ClothParam.gyml
0xf8a723b8	AffordanceSource
0xf8a8e80a	Player.InteriorRoomStyleInfo.Sauna00.IsNewlyOwned
0xf8ace4c7	ObjBenchPark_04
0xf8af6c89	TreasureGoods_Game_Sitting_Outdoor
0xf8b1e7bd	Player.InteriorRoomStyleInfo.Garage03.FirstObtainedSec
0xf8b31b61	House.RoomStyleInfo.Flag.Temple00
0xf8b7ad8a	Player.GoodsInfo2.KarateSet.State
0xf8bd402d	StyleGroup_BigFlower00
0xf8d4f089	UnlockAreaGroup
0xf8d5237f	StyleGroup_TropicalSea00
0xf8d9d526	Work/Data/ClothModelParam/ClothAccessoryChestRose.data__ClothModelParam.gyml
0xf8da42ae	Childcare.Pending.HabitOwnInfo.StandPutsGlasses
0xf8df1df1	Event0015FL
0xf8e5f233	Player.InteriorRoomStyleInfo.Baby01.KeyHash
0xf8e62fb4	Player.InteriorRoomStyleInfo.MonitorRoom01.State
0xf8e64eec	TreasureAnythingEmotionTelopChatImpressedSitOnTheGround
0xf8e6e1f5	Work/Data/ClothModelParam/ClothAllCylinderLongHamburger.data__ClothModelParam.gyml
0xf8f508fc	ClothAccessoryBackEmergencyButton
0xf8f7b7e5	EmotionTelopChatSecretGroundLight
0xf905b2bf	ClothTopsTshirtLongBorder
0xf905f825	Work/Confluence/PageInfo/HairAll013.pp__Confluence__PageInfo.gyml
0xf907ac8b	LvUPGoods_ALL_House_LDKCarpet_raw
0xf90eb1db	Player.InteriorRoomStyleInfo.BigFlower00.InformedNewRelease
0xf910dd43	ItemParty00_Demo_Garland
0xf911ac41	Coordinate0080
0xf916190f	EatMouthful
0xf91e67be	Liberation.WishInfo.WishIdValue
0xf91ed0aa	Work/Data/CoordinateClothInfo/Coordinate0201.data__CoordinateClothInfo.gyml
0xf9222454	ClothTopslongAlongLongClassical
0xf9227f85	Player.GoodsInfo2.GlassZaiku.LastObtainedSec
0xf9292527	Mii.Belongings.RoomStyleInfo.Flag.Dot07
0xf9292a1f	Work/Data/ClothModelParam/ClothHeadwearHatBadgesCap.data__ClothModelParam.gyml
0xf9311a5e	Work/Data/ClothModelParam/ClothHeadwearGlassHMD.data__ClothModelParam.gyml
0xf934c19e	Player.GoodsInfo2.Lure.IsNewlyOwned
0xf9379bf7	Player.InteriorRoomStyleInfo.LightStick01.State
0xf93ccab8	Hamburger
0xf93f1dd6	TreasureAnythingEmotionTelopChatNoveltySitOnTableBench
0xf945cadb	TerrestrialGlobe
0xf945d07d	Work/Data/ClothModelParam/ClothHeadwearHatStraw.data__ClothModelParam.gyml
0xf94907e6	UGC.Editor.Setting.Grid
0xf94f87c7	AskPlayerFSGood
0xf9502a41	Work/Data/ClothModelParam/ClothShoesSandalOutdoor.data__ClothModelParam.gyml
0xf9530431	Player.InteriorRoomStyleInfo.Damask05
0xf95325c0	UGC.MapObject.RegionLanguageID
0xf9566dc8	EmotionTelopChatLaughGuitarShowAtLivingFloor
0xf95bf419	TravelPlaceN003S0
0xf95ca57f	Player.HabitInfo2.BlinkLot.LastObtainedSec
0xf95d6ee7	Player.GoodsInfo2.YogaSet.OwnNum
0xf960e34f	Work/Data/ClothParam/ClothTopslongDressLongLolita.data__ClothParam.gyml
0xf9633d66	ClothTopslongDressHalfDolly
0xf968bc54	Player.InteriorRoomStyleInfo.Minimul05.OwnNum
0xf96ba314	Mii.Belongings.RoomStyleInfo.Flag.LightStick05
0xf96d458b	TreasurePetEmotionTelopChatImpressedAtRoomSpeech
0xf972af87	Player.GoodsInfo2.GoldCup
0xf985ea8d	Work/Data/ClothModelParam/ClothTopslongOverallLongBajiJeogori.data__ClothModelParam.gyml
0xf98958f4	Work/Confluence/PageInfo/HairAll068.pp__Confluence__PageInfo.gyml
0xf9899ad2	Childcare.Pending.HabitOwnInfo.EatCarefully
0xf98bc709	Player.GoodsInfo2.ChessPieces
0xf98c6f1f	Childcare.Pending.HabitOwnInfo.GreetingLazy
0xf992dc43	Player.GoodsInfo2.NailPolish.OwnNum
0xf99427e7	Player.InteriorRoomStyleInfo.Club00.IsNewlyOwned
0xf996a7bf	Work/Data/ClothParam/ClothTopslongKimonoLongKimono.data__ClothParam.gyml
0xf996d9e2	ClothAccessoryBackZipper
0xf99d4ffe	Player.GoodsInfo2.Bill
0xf99dc400	ObjGame00_Grass1
0xf9a93814	Work/Data/Destination/DemoArea/FacilityMarket_AllSpace.data__destination__DemoArea.gyml
0xf9a965e9	Player.GoodsInfo2.TreeBranch.LastObtainedSec
0xf9aa7ac5	Other_Ugc
0xf9acbda1	Player.GoodsInfo2.HandMirror.IsNewlyOwned
0xf9ad1182	Player.InteriorRoomStyleInfo.Wedding00.OwnNum
0xf9b2c25c	WalkCool
0xf9b2f794	PriorityX
0xf9b7b505	Player.GoodsInfo2.CDAnimeSong.OwnNum
0xf9bf0b48	Work/Data/ClothParam/ClothHeadwearOrnamentSidePinFlower.data__ClothParam.gyml
0xf9c5ba6e	Player.InteriorRoomStyleInfo.Christmas00.State
0xf9cb6dd2	Work/Data/CoordinateClothInfo/Coordinate0281.data__CoordinateClothInfo.gyml
0xf9cdb155	Work/Data/ClothModelParam/ClothHeadwearHatKnitPompom.data__ClothModelParam.gyml
0xf9cea54d	Work/Data/ClothParam/ClothHeadwearProtectorSamuraiHelmet.data__ClothParam.gyml
0xf9e52c06	Work/Data/ClothModelParam/ClothTopslongAlongLongFrilled.data__ClothModelParam.gyml
0xf9e95718	Trouble_ClothPHeadwear_Success
0xf9e9dd00	ObjThrone_06
0xf9ea20d1	DemoDM104008S02
0xf9ec6966	Event0032FL
0xf9f269b9	ClothTopsCoatHalfLeopard
0xf9f8c5f4	Player.InteriorRoomStyleInfo.Book02.InformedNewRelease
0xf9fa3e01	Player.GoodsInfo2.BookPicture.OwnNum
0xf9ffd8a2	TreasurePetEmotionTelopChatNoveltyAtLivingFloor
0xfa00c173	CDReggae
0xfa084de1	Player.InteriorRoomStyleInfo.NeonSign00.FirstObtainedSec
0xfa08e63a	ObjStar00_CeilingB
0xfa10d8e7	GuitarSchoolLDK
0xfa153702	ClothHeadwearOrnamentFrontRabbitRibbon
0xfa19cdff	Player.InteriorRoomStyleInfo.Damask02.InformedNewRelease
0xfa2a44fe	House.RoomStyleInfo.Flag.Japanese04
0xfa2c3937	TreasureRecordEmotionTelopChatScarySitOnTheGroundCircle
0xfa388118	Player.InteriorRoomStyleInfo.SF01.State
0xfa3bb80a	Work/Data/ClothParam/ClothShoesBootsLongRain.data__ClothParam.gyml
0xfa3d4836	Axolotl
0xfa3e5c01	Mii.Name.FirstPersonPresetIndex
0xfa43b9ab	NoGroup_Event0007CH
0xfa473d81	Work/Data/ClothParam/ClothTopsCroppedTee.data__ClothParam.gyml
0xfa52eee5	Mii.Belongings.RoomStyleInfo.Flag.Fantasy01
0xfa53f6b5	Work/Data/ClothModelParam/ClothTopslongAlongLongPinafore.data__ClothModelParam.gyml
0xfa57145d	Player.InteriorRoomStyleInfo.Garage02.InformedNewRelease
0xfa5804bf	Trouble_HungrySweet_Success
0xfa598579	DemoPR000081
0xfa61001e	Work/Data/Destination/ActionPoint/HouseDollHouseDoor_LeftDoorKnob.data__destination__ActionPoint.gyml
0xfa655730	Work/Data/ClothParam/ClothHeadwearOrnamentFrontHairCurler.data__ClothParam.gyml
0xfa65a9bd	NoGroup_Event0020FL2
0xfa75fae8	House.RoomStyleInfo.Flag.Lace04
0xfa76c6d3	Player.InteriorRoomStyleInfo.MovingBox01.LastObtainedSec
0xfa78c740	FightTimeoverCouple
0xfa7ebe1b	Work/Data/ClothModelParam/ClothAllCostumeLongBee.data__ClothModelParam.gyml
0xfa8141c1	Object
0xfa88179b	UGC.Food.IslandName
0xfa8a5bd8	Work/Data/ClothModelParam/ClothBottomsPantsWidePalmTree.data__ClothModelParam.gyml
0xfa8bcdb8	ObjKids00_Ball
0xfa8c7b77	Work/Data/ClothModelParam/ClothTopslongBoxDressLongKandoora.data__ClothModelParam.gyml
0xfa8e0164	Player.HabitInfo2.GreetingTypeCackle.OwnNum
0xfa8eb388	ClothShoesPumpsGlitter
0xfa930cf0	Work/Data/ClothParam/ClothAccessoryWaistMonkey.data__ClothParam.gyml
0xfa961401	Player.InteriorRoomStyleInfo.Horror01.FirstObtainedSec
0xfa96fd5a	Player.HabitInfo2.GreetingHeadOnly.OwnNum
0xfa9b32f0	Work/Data/ClothModelParam/ClothBottomsSkirtLongDenimMaxi.data__ClothModelParam.gyml
0xfaa7bf9b	VacantLand_3x3_Low
0xfaaa65eb	ClothHeadwearGlassStar
0xfaaf5c7a	UGCFloorBoard_2x2
0xfab02375	UGC.Exterior.NetworkDeliverCount
0xfab02848	Work/Data/ClothParam/ClothShoesSneakerRunning.data__ClothParam.gyml
0xfab29d86	Work/Confluence/PageInfo/HairFront020.pp__Confluence__PageInfo.gyml
0xfab8525e	ClothAccessoryMufflerTowel
0xfabb244f	Work/Data/ClothModelParam/ClothTopslongAlongLongJumperSkirt.data__ClothModelParam.gyml
0xfac489fc	Event0022FL2
0xfacfe9b8	ObjFlowerPampasGrass_center
0xfad59797	Work/Confluence/PageInfo/HairBack029.pp__Confluence__PageInfo.gyml
0xfadaaaa0	House.OuterHouse
0xfae29ec2	gn5
0xfae3c4a0	ClothSocksMultiBorder
0xfae54f14	JoggingTogetherHere
0xfae76752	Player.HabitInfo2.SnoreLoudly.LastObtainedSec
0xfaee13b2	House.RoomStyleInfo.Flag.MusicRoom00
0xfaf577c0	BlinkOpenMouth
0xfaf9ea07	Food01
0xfb046a93	Work/Data/ClothModelParam/ClothBottomsSkirtLongAccordion.data__ClothModelParam.gyml
0xfb06ee31	Player.GoodsInfo2.SecurityCamera.OwnNum
0xfb07f105	TreasureGoods_Movie_raw
0xfb098f54	ResolveSuccessCount
0xfb12ee2f	ObjClockTower_02
0xfb139211	MiiEvent_DropFromTree_Mii
0xfb13b3e5	TreasurePetEmotionTelopChatInterestingAtRoom
0xfb13be40	Work/Data/ClothParam/ClothHeadwearOrnamentTopAntenna.data__ClothParam.gyml
0xfb1b477e	PhotoStudio.Picture.TextureSourceType
0xfb1b9f20	Player.HabitInfo2.GetAngryTypeBrightly.IsNewlyOwned
0xfb1d3e21	FacilityItemShop_Entrance
0xfb1ed3af	Player.InteriorRoomStyleInfo.StarPrint01
0xfb21ef19	Functional
0xfb2aa370	AttrLookType
0xfb2b95b0	LiveTogetherFailureCount
0xfb35e19a	UGC.Goods.RegionLanguageID
0xfb3e84e6	Lovely00
0xfb4b2db5	Work/Data/ClothModelParam/ClothBottomsPantsLongSchool.data__ClothModelParam.gyml
0xfb4b4a79	Other_Know_Friend_BestFriend
0xfb4e8789	Player.GoodsInfo2.Cashbox.IsNewlyOwned
0xfb53dd56	ClothAccessoryMufflerFur
0xfb55f0df	Work/Data/ClothModelParam/ClothBottomsPantsLongPatch.data__ClothModelParam.gyml
0xfb567c94	Player.InteriorRoomStyleInfo.LightStick04.State
0xfb60c38c	Player.InteriorRoomStyleInfo.Fruit04
0xfb60c76a	Player.InteriorRoomStyleInfo.Stadium00.InformedNewRelease
0xfb611fc2	Work/Data/CoordinateAttribute/Coordinate0177.data__CoordinateAttribute.gyml
0xfb61326e	ItemPizza
0xfb6d88fd	Mii.Belongings.RoomStyleInfo.Flag.Japanese00
0xfb732ee9	Parquet02
0xfb773b55	Work/Data/ClothParam/ClothShoesPointedWingTip.data__ClothParam.gyml
0xfb7d616d	NoGroup_Event0024FL
0xfb7efb92	Player.HabitInfo2.StandSweatLot.OwnNum
0xfb80ff71	Player.InteriorRoomStyleInfo.Book00.InformedNewRelease
0xfb865825	MiiEvent_Event0047CH
0xfb87d10f	InvitingGroupDemo_DemoChatFashionable
0xfb8a57a0	NoGroup_Event0020CH
0xfb8dcff0	Work/Data/ClothParam/ClothAccessoryBackCoin.data__ClothParam.gyml
0xfb8eaeac	Player.InteriorRoomStyleInfo.Candy01
0xfb8f0752	SquatAtAfSource
0xfb8f5945	Player.InteriorRoomStyleInfo.Minimul01.KeyHash
0xfb8f5b96	Work/Data/CoordinateAttribute/Coordinate0330.data__CoordinateAttribute.gyml
0xfb9051f2	DailyLog.DailyLastPlayTime
0xfb918d7e	Work/Data/ClothParam/ClothTopsTshirtLongFigure.data__ClothParam.gyml
0xfb949d44	ContentUgcBc3
0xfb973a08	Mii.Belongings.RoomStyleInfo.Flag.InterviewBoard00
0xfb99b453	PatInfo
0xfb9cfed1	Work/Data/ClothModelParam/ClothTopslongBoxDressLongLogo.data__ClothModelParam.gyml
0xfb9df40b	Work/Data/ClothModelParam/ClothHeadwearHatExplorer.data__ClothModelParam.gyml
0xfb9f19cf	TreasureBookEmotionTelopChatImpressedSitOnTheBench
0xfba4db83	House.RoomStyleInfo.Flag.Game01
0xfba64d02	Work/Data/ClothParam/ClothHeadwearProtectorFirefighter.data__ClothParam.gyml
0xfbaf62f8	Work/Component/DestinationInfo/FacilityPark.actor__DestinationInfo.gyml
0xfbafef50	Coordinate0294
0xfbb15ca8	MapSea
0xfbb16bc9	IntroductionFirstHungry
0xfbb2e720	Work/Data/ClothParam/ClothSocksJacquard.data__ClothParam.gyml
0xfbb2e85e	Player.InteriorRoomStyleInfo.Shoji02.InformedNewRelease
0xfbb40571	ClothBottomsPantsWideMetallic
0xfbb48ba3	Childcare.Pending.HabitOwnInfo.FaceRaiseEyebrows
0xfbb679de	Player.InteriorRoomStyleInfo.Atelier01.KeyHash
0xfbb6f4cc	TreasureAnythingEmotionTelopChatBlushSitOnTerraceBench
0xfbc3ffb0	Mii.Voice.PresetType
0xfbc454bf	Player.InteriorRoomStyleInfo.Japanese01.FirstObtainedSec
0xfbccd30f	ClothBottomsPantsLongSchool
0xfbd25f53	ObjBathroom00_BathtubA
0xfbd391d9	Mii.MiiMisc.EatInfo.RankedFoodId.Id
0xfbd48154	Work/Confluence/PageInfo/HairFront007.pp__Confluence__PageInfo.gyml
0xfbdb1307	Work/Data/ClothModelParam/ClothTopsYshirtLongGakuranOpen.data__ClothModelParam.gyml
0xfbdceb66	Work/Data/ClothModelParam/ClothTopsYshirtLongQuilting.data__ClothModelParam.gyml
0xfbdd3ad3	Work/Data/ClothParam/ClothTopsYshirtLongGrunge.data__ClothParam.gyml
0xfbe1380f	NeonSign00
0xfbe430b7	Mii.Trouble.Info.TargetFoodId
0xfbe4a79c	Work/Data/ClothParam/ClothTopslongAlineSleevelessChristmas.data__ClothParam.gyml
0xfbe8105a	Event0032CH
0xfbec83b9	Trouble_ChildGrowth_Success
0xfbed8e98	FocusLeadingBecomeFriendNormalMax
0xfbfa2d59	Player.InteriorRoomStyleInfo.LockerRoom01.FirstObtainedSec
0xfbfa5c42	Camouflage00
0xfbfc5b3c	NotNegative
0xfbfe1a8a	ClothShoesBootsLongSnow
0xfc04aa06	UGC.Goods.IsCopy
0xfc05baf5	TreasureBookEmotionTelopChatNoveltyAtLivingFloor
0xfc07c897	ObjAntique00_Fireplace
0xfc12e31f	TreasureAnythingEmotionTelopChatNoFeaturesAtRestaurant
0xfc152d17	FirstSightLoveChange
0xfc15bad0	EmotionTelopChatDateWalkingSitOnTheHouseDeck
0xfc1c96b4	Work/Confluence/PageInfo/HairAllLegacy058.pp__Confluence__PageInfo.gyml
0xfc1da78c	Trouble_Common_Confession_Failure
0xfc254d27	Mii.Belongings.HabitOwnInfo.WalkStoop
0xfc25f109	Player.GoodsInfo2.StoneSpecimen.OwnNum
0xfc296601	Mii.Location.RoomIndex
0xfc2cdef5	NoGroup_Event0031FL
0xfc2d806c	Player.GoodsInfo2.Faucet.State
0xfc3478f0	SatisfyInfo
0xfc3ac4dd	SittingAndSleep
0xfc3ce2f3	Player.InteriorRoomStyleInfo.Labo00.KeyHash
0xfc432a84	Work/Confluence/PageInfo/HairAllLegacy082.pp__Confluence__PageInfo.gyml
0xfc4446a4	Player.InteriorRoomStyleInfo.SmallFlower04
0xfc44f333	ObjShowa00_ChestB
0xfc473986	Player.GoodsInfo2.JewelleryBox.OwnNum
0xfc5279b9	Player.HabitInfo2.WalkFloat.IsNewlyOwned
0xfc54413f	Player.GoodsInfo2.CallBell.LastObtainedSec
0xfc5c5d67	NoGroup_Event0006CH
0xfc631032	ClothHeadwearCostumeHamster
0xfc66197a	Work/Data/CoordinateClothInfo/Coordinate0216.data__CoordinateClothInfo.gyml
0xfc679c05	FirstGroundEdit
0xfc6b3e96	Work/Data/ClothParam/ClothTopsOuterLongSimpleSweater.data__ClothParam.gyml
0xfc6da47d	Player.GoodsInfo2.Clione.State
0xfc6df396	Work/Data/ClothParam/ClothTopsYshirtLongFlannel.data__ClothParam.gyml
0xfc76b1f3	ItemFireworksAerial_01_Demo
0xfc792866	Work/Data/ClothModelParam/ClothBottomsPantsWideSpace.data__ClothModelParam.gyml
0xfc7b3eb1	Player.GoodsInfo2.Chick.OwnNum
0xfc7d8a2e	ClothBottomsSkirtBoxBotanical
0xfc7e6f7f	ParentMiiIndex
0xfc819f04	Player.InteriorRoomStyleInfo.Shoji01.LastObtainedSec
0xfc8a2f51	Event0047FL
0xfc8cdac6	ItemGarage00_Compressor_Demo
0xfc8ec09c	Work/Data/CoordinateClothInfo/Coordinate0289.data__CoordinateClothInfo.gyml
0xfc95c692	Player.InteriorRoomStyleInfo.StarPrint03.InformedNewRelease
0xfc963567	Work/Data/ClothParam/ClothShoesSneakerSideline.data__ClothParam.gyml
0xfc968e25	Mii.Belongings.RoomStyleInfo.Flag.Midcentury01
0xfc97a1d7	Friend_FamilyExceptPartner_NotFight
0xfc99473b	Group_Event0020
0xfc9b6f53	OuterHouse
0xfc9be5b8	Work/Confluence/PageInfo/HairParts004.pp__Confluence__PageInfo.gyml
0xfc9d5db6	Player.GoodsInfo2.Shell.IsNewlyOwned
0xfc9f8c10	TreasureMovieEmotionTelopChatDifficultSitOnSofa
0xfc9fdeac	Work/Data/ClothModelParam/ClothTopslongSalopetteHalfJimbei.data__ClothModelParam.gyml
0xfca68173	Work/Data/ClothParam/ClothAllTrainLongTrain.data__ClothParam.gyml
0xfca8f2c2	Chatting
0xfcb2559c	Unlock.OnesideLoveCount
0xfcb29f4f	NotLover_Partner
0xfcb6eb03	Mii.Belongings.HabitOwnInfo.GreetingLazy
0xfcb86405	Player.GoodsInfo2.Butterfly
0xfcc12157	Mole
0xfcc20055	ObjNatural00_Plant
0xfcc21741	Sociability
0xfcc30e8b	Player.InteriorRoomStyleInfo.Camouflage00
0xfcc93164	ObjFenceGuardpipe_01
0xfcce0634	Player.GoodsInfo2.StreetDanceSet.IsNewlyOwned
0xfccf55f8	Work/Data/CoordinateClothInfo/Coordinate0241.data__CoordinateClothInfo.gyml
0xfcd2acb5	Work/Confluence/PageInfo/HairAllLegacy122.pp__Confluence__PageInfo.gyml
0xfcd4453d	Player.HabitInfo2.GreetingLazy.OwnNum
0xfcd445b7	TreasureRecordEmotionTelopChatImpressedAtLivingFloorSpeech
0xfcd4b9e2	ClothHeadwearHatNewsboy
0xfcdc9947	Diamond
0xfcdc995e	ClothSocksOnePoint
0xfcdcffb4	Mii.Belongings.RoomStyleInfo.Flag.WoodBoard07
0xfce662ad	Player.InteriorRoomStyleInfo.Log00.KeyHash
0xfce9a3e4	CantResume
0xfcebf781	ClothTopsYshirtHalfHibiscus
0xfcf6e174	TreasureBookEmotionTelopChatBlushSitOnTheGroundCircle
0xfcf7f80d	Work/Data/ClothModelParam/ClothAllMascotLongReindeer.data__ClothModelParam.gyml
0xfcfa05f1	Player.GoodsInfo2.LuckyCat.State
0xfcfe558a	Event0022CH3
0xfd027613	Sound_05
0xfd0ccb79	ObjLighthouse_03
0xfd0f0649	TreasureGoods_Book_House_Sofa_raw
0xfd101627	MiiHistory.Info.MiiHistoryId
0xfd106efe	Group
0xfd111f88	UGCObje
0xfd119f25	Player.GoodsInfo2.SpeechBubblePlatinum.LastObtainedSec
0xfd196ff4	SaveDataUgcBntx
0xfd210c47	Player.InteriorRoomStyleInfo.Lace00.IsNewlyOwned
0xfd21b7e7	Work/Data/ClothParam/ClothHeadwearHatMummy.data__ClothParam.gyml
0xfd24a349	Event0018FL
0xfd24e09a	Player.InteriorRoomStyleInfo.SF05.State
0xfd26fc1d	Mii.Belongings.RoomStyleInfo.Flag.Snow00
0xfd2eed21	Player.InteriorRoomStyleInfo.Dog01.FirstObtainedSec
0xfd3db73a	DemoDM104088
0xfd4ed0c7	TreasureAnythingEmotionTelopChatNoFeaturesSitOnTheGround
0xfd5003d2	EnterAtelierCount
0xfd51f935	ClothBottomsBloomersDot
0xfd5b6bf6	Player.HabitInfo2.FaceOpenEyes.IsNewlyOwned
0xfd5ee427	Greens
0xfd610683	Onsen
0xfd670658	ObjSafetyCone_06
0xfd6c660a	Work/Data/ClothModelParam/ClothHeadwearOrnamentFrontNest.data__ClothModelParam.gyml
0xfd6ea113	Player.InteriorRoomStyleInfo.MusicRoom00.KeyHash
0xfd7240b3	ObjFenceWood_04
0xfd7410a0	FacilityTower_ViewPos
0xfd7734c8	Player.GoodsInfo2.Carnation.IsNewlyOwned
0xfd7fb598	Player.HabitInfo2.GreetingMacho
0xfd8210ea	Player.GoodsInfo2.GoldCup.IsNewlyOwned
0xfd83a2e4	Enthusiastic
0xfd897175	UGC.Interior.IsNewlyOwned
0xfd92a304	ClothBottomsSkirtMiniSailor
0xfd92abeb	TravelPlaceN008
0xfd973cd0	Player.GoodsInfo2.WorkoutSet.IsNewlyOwned
0xfd97d0b0	FacilityFerrisWheelGondola
0xfd998bbf	Player.InteriorRoomStyleInfo.Garage04
0xfd9e7ce3	Player.GoodsInfo2.BentSpoon.IsNewlyOwned
0xfda31626	TreasureGoods_Game_House_Room_raw
0xfda7780d	Player.GoodsInfo2.CeladonTeapot.State
0xfda790d0	Work/Data/ClothParam/ClothHeadwearOrnamentSidePinCross.data__ClothParam.gyml
0xfda8c2b9	ExpressionLess
0xfdac1096	Player.InteriorRoomStyleInfo.WoodBoard00.OwnNum
0xfdb31247	Player.SaveEventFlag
0xfdb9085f	ClothAllBodySuitLongBaby
0xfdbab391	Childcare.Pending.HabitOwnInfo.FaceSmug.IsChecked
0xfdbe1940	Player.InteriorRoomStyleInfo.Sushi00.IsNewlyOwned
0xfdc44c23	Player.InteriorRoomStyleInfo.WoodBoard03.IsNewlyOwned
0xfdc766d4	Work/Data/ClothModelParam/ClothTopslongDressLongLolita.data__ClothModelParam.gyml
0xfdc777da	TraditionalSpanishWaterBottle
0xfdccb10e	Unlock.AddUgcItemCount
0xfdceab29	Player.InteriorRoomStyleInfo.Heart01.OwnNum
0xfdcf95d1	DemoInviteInsuranceOutdoor
0xfdd28246	Work/Data/CoordinateClothInfo/Coordinate0198.data__CoordinateClothInfo.gyml
0xfdd4e509	Childcare.Pending.HabitOwnInfo.WalkLikeRobot.IsOwn
0xfdd558dc	Work/Data/Destination/ActionPoint/FacilityFerrisWheel_ViewPos.data__destination__ActionPoint.gyml
0xfdd673e2	SortIndex
0xfde4094b	Player.GoodsInfo2.ClayFigure.IsNewlyOwned
0xfde95b14	Childcare.Pending.HabitOwnInfo.FaceOpenEyes
0xfdeb9dba	Work/Data/ClothParam/ClothTopslongBoxDressLongBathrobe.data__ClothParam.gyml
0xfdef232f	Mask
0xfdf34f21	TreasureBookEmotionTelopChatImpressedSpeech
0xfdf4508e	House.RoomStyleInfo.Flag.Damask07
0xfdf75056	Snowman
0xfdf77a70	Work/Data/ClothParam/ClothBottomsPantsLongSchool.data__ClothParam.gyml
0xfdf863dc	Sad
0xfdf96a30	Work/Data/ClothParam/ClothHeadwearHatPanama.data__ClothParam.gyml
0xfdfbe91e	Player.InteriorRoomStyleInfo.Dot03
0xfdfc6e7d	Player.InteriorRoomStyleInfo.Triangle05
0xfe00786d	Player.InteriorRoomStyleInfo.Midcentury01.OwnNum
0xfe02a9a6	Player.GoodsInfo2.JoggingSet.OwnNum
0xfe0c563a	TreasureGoods_Game_House_LDKCarpet_raw
0xfe1b8416	Event0000CH
0xfe263bbd	Work/Data/ClothParam/ClothTopslongDressHalfDolly.data__ClothParam.gyml
0xfe26bff9	Player.InteriorRoomStyleInfo.DropCurtain00.IsNewlyOwned
0xfe307559	Player.MiiBirthdayNews.WatchedMiiIndex
0xfe32272a	Player.InteriorRoomStyleInfo.Gym01.KeyHash
0xfe335b82	Player.HabitInfo2.StandLeanForward.LastObtainedSec
0xfe383680	Player.InteriorRoomStyleInfo.IceRink00.LastObtainedSec
0xfe39cdb0	Player.GoodsInfo2.CDPopMusic.IsNewlyOwned
0xfe434951	Mii.MiiMisc.EatInfo.GivenFlag
0xfe462c1f	ObjDrinkingFountain_03
0xfe52e05f	Mii.Belongings.HabitOwnInfo.StomachSmall.IsChecked
0xfe5716be	TroubleFriendUgc
0xfe59f825	Divorce
0xfe5ca6f0	ObjBathroom00_WallDeco
0xfe5d0918	TreasureBookEmotionTelopChatScaryAtRoomSpeech
0xfe5fadae	Player.GoodsInfo2.MiniCar.LastObtainedSec
0xfe63a046	Player.HabitInfo2.ChangeCloth.OwnNum
0xfe67b061	Player.HabitInfo2.GreetingNoble
0xfe69809f	Work/Data/ClothModelParam/ClothTopsYshirtLongHalfCardigan.data__ClothModelParam.gyml
0xfe6e3ea6	ItemAsianResort00_Table_Demo
0xfe74318c	Player.InteriorRoomStyleInfo.Minimul05.State
0xfe77e132	MiiEvent_DashClashFallInLoveFirstSight
0xfe787a67	Work/Data/ClothParam/ClothTopsYshirtLongB3.data__ClothParam.gyml
0xfe7ab5d5	ToIntroductionAutoBuildingGridPosition
0xfe7ef446	TutorialBench
0xfe7f9caf	Player.InteriorRoomStyleInfo.LightStick05.FirstObtainedSec
0xfe8fbbdc	Player.InteriorRoomStyleInfo.Heart03.LastObtainedSec
0xfe972d9c	Work/Confluence/PageInfo/HairParts010.pp__Confluence__PageInfo.gyml
0xfe9904f3	Player.InteriorRoomStyleInfo.Field01.LastObtainedSec
0xfe990e9e	Player.GoodsInfo2.Autograph.LastObtainedSec
0xfe9e0688	ClothTopslongBoxDressSleevelessTropical
0xfe9f9bcc	Work/Data/CoordinateClothInfo/Coordinate0106.data__CoordinateClothInfo.gyml
0xfea6883e	Figure00
0xfeab7e79	Work/Data/ClothParam/ClothAccessoryNeckColorBeads.data__ClothParam.gyml
0xfeb03bcb	ObjGuardrail
0xfeb0cf5b	UgcExteriorPreview
0xfeb38906	Childcare.Pending.HabitOwnInfo.GreetingCurtsy.IsOwn
0xfeb83399	Player.GoodsInfo2.Turtle.LastObtainedSec
0xfebb986c	Player.InteriorRoomStyleInfo.Sauna00
0xfebd330b	HoneycombTile03
0xfebf0249	Player.HabitInfo2.GreetingOsu.IsNewlyOwned
0xfec059cf	Place_Misc_Sitting
0xfec200db	AskUgcWordSuccess
0xfeccbdce	ObjFenceBarbed_07
0xfed3fa47	TreasureAnythingEmotionTelopChatImpressedSpeech
0xfed8d026	Trouble_HungryDrink_Failure
0xfed9061b	StyleGroup_Jungle00
0xfeddf657	Work/Data/ClothParam/ClothBottomsSkirtBoxSimple.data__ClothParam.gyml
0xfede6880	EatType
0xfee083c3	Player.GoodsInfo2.AnimalFlowerpot.OwnNum
0xfee9f325	Player.InteriorRoomStyleInfo.Rain00.InformedNewRelease
0xfeee6544	DottedQuarter
0xfefc947c	TreasureRecordEmotionTelopChatNoveltySpeech
0xff04aae1	Work/Data/ClothParam/ClothBottomsSkirtBoxLeopard.data__ClothParam.gyml
0xff06bc5c	ObjLightStick00_Ceiling
0xff06d378	Player.InteriorRoomStyleInfo.Game01.OwnNum
0xff07584c	Work/Data/ClothModelParam/ClothBottomsPantsWideJacquard.data__ClothModelParam.gyml
0xff0afeb9	ReadyHairChangeGameTime
0xff0b196f	DemoPR000018
0xff114c75	ObjRetropop00_Table
0xff140ded	Work/Data/CoordinateAttribute/Coordinate0149.data__CoordinateAttribute.gyml
0xff1d50e1	Player.InteriorRoomStyleInfo.Party06.State
0xff21c37a	Player.InteriorRoomStyleInfo.Flowergarden00.State
0xff2d52df	Marble00
0xff2f7fe2	ClothTopsYshirtHalfGrunge
0xff30dce9	ExecuterDoesntHaveTrouble
0xff34a12e	Work/Data/CoordinateAttribute/Coordinate0097.data__CoordinateAttribute.gyml
0xff3a77fc	Player.InteriorRoomStyleInfo.WesternStyle07.InformedNewRelease
0xff4124dc	ClothTopsYshirtLongRetroCheck
0xff4228b3	Construction
0xff433c3f	Work/Confluence/PageInfo/HairAllLegacy120.pp__Confluence__PageInfo.gyml
0xff48485e	Work/Data/ClothModelParam/ClothTopsYshirtLongOffice.data__ClothModelParam.gyml
0xff4a3b2f	ClothTopsYshirtLongFlannel
0xff4ae68a	Grass
0xff4e7f6d	Nobility01
0xff530182	Player.GoodsInfo2.Hamster.IsNewlyOwned
0xff538d1a	Player.GoodsInfo2.MagnifyingGlass.IsNewlyOwned
0xff5aa82b	ClothBottomsPantsWideBotanical
0xff651642	Player.InteriorRoomStyleInfo.Stuffed03.InformedNewRelease
0xff656c67	Work/Data/CoordinateAttribute/Coordinate0021.data__CoordinateAttribute.gyml
0xff65dcac	Childcare.Pending.HabitOwnInfo.GreetingOsu.IsOwn
0xff680cb3	Work/Data/ClothModelParam/ClothAccessoryMufflerSnood.data__ClothModelParam.gyml
0xff6f681f	Misc_Insurance
0xff6fe51f	Childcare.Pending.HabitOwnInfo.EatCute.IsChecked
0xff7073cd	FacilitySupermarket_Entrance
0xff713265	Work/Data/ClothModelParam/ClothBottomsPantsWideKneeJersey.data__ClothModelParam.gyml
0xff7b27e2	Work/Data/ClothModelParam/ClothAccessoryBagOutdoor.data__ClothModelParam.gyml
0xff7ce099	Player.ClothInfo
0xff828088	Work/Data/ClothModelParam/ClothAccessoryNeckColorBeads.data__ClothModelParam.gyml
0xff89030c	Player.InteriorRoomStyleInfo.WoodBoard04.IsNewlyOwned
0xff8a9679	Player.GoodsInfo2.Superscope.State
0xff8aac5c	Player.GoodsInfo2.CDNurseryRhyme.OwnNum
0xff958fc4	MoneySpent
0xff99a7c1	Player.GoodsInfo2.Alien.OwnNum
0xff9c88db	Work/Data/ClothParam/ClothHeadwearHatPineapple.data__ClothParam.gyml
0xffa3256f	NaturalFloor05
0xffa4093e	Player.InteriorRoomStyleInfo.Japanese02.KeyHash
0xffad2e78	TreasureBookEmotionTelopChatInterestingAtLivingFloorSpeech
0xffaf399f	Player.HabitInfo2.StandCute.LastObtainedSec
0xffb2d94a	Player.InteriorRoomStyleInfo.LockerRoom02.KeyHash
0xffb76c24	DemoDM104006
0xffbbca26	EatCrisp
0xffbdd6bb	UpMiiAndSurprisedAIBoost
0xffbdfac5	Mii.Belongings.RoomStyleInfo.Flag.SF02
0xffbee148	ObjSeesaw_01
0xffc2ad88	Player.GoodsInfo2.Antenna
0xffc71f21	Childcare.Pending.HabitOwnInfo.StandAffected.State
0xffc9e669	ClothAllMascotLongAstronaut
0xffd7ee6b	Player.InteriorRoomStyleInfo.Rain00.OwnNum
0xffd923e4	Player.InteriorRoomStyleInfo.Fruit00.KeyHash
0xffdd4e17	FightFailureLover
0xffe3ac87	Work/Confluence/PageInfo/HairAllLegacy009.pp__Confluence__PageInfo.gyml
0xfff1a080	TreasureAnythingEmotionTelopChatInterestingAtLivingFloor
0xfff20708	Unicorn
0xfff208fb	Player.InteriorRoomStyleInfo.Japanese04.State
0xfffa2e6f	Player.GoodsInfo2.Penguin.IsNewlyOwned
0xfffd3b86	LocalUgcRgba
0xfffd98f8	HasDream
